fecha,fuente,tienda,item,ean,nombre,precio,precio_antes,precio_por_unidad,unidad,contenido,stock,promo_tag,sin_confirmar
2026-08-05,sepa,Axion Energy,gaseosa-cola-zero,7790895067532,COCA COLA ZERO 500 ML,3400.0,,,,,,,
2026-08-05,sepa,Axion Energy,gaseosa-cola-zero,7790895067556,COCA COLA ZERO 1.5 L,7300.0,,,,,,,
2026-08-05,sepa,Axion Energy,gaseosa-cola-zero,7790895067570,DISC:DISC COCA COLA ZERO 2.25L,7200.0,,,,,,,
2026-08-05,sepa,Axion Energy,gaseosa-cola-zero,7790895067587,COCA COLA ZERO LATA 354ML,3200.0,,,,,,,
2026-08-05,sepa,Axion Energy,gaseosa-cola-zero,7791813828365,PEPSI BLACK 500ML,3000.0,,,,,,,
2026-08-05,sepa,Axion Energy,gaseosa-cola-zero,7791813828419,PEPSI BLACK 1.5L,6600.0,,,,,,,
2026-08-05,sepa,COTO CICSA,desodorante-barra-hombre,75083694,DESODORANTE BARRA BLUE LAVEN. AXE BAR 58 GRM,8711.99,,,,,,,
2026-08-05,sepa,COTO CICSA,desodorante-barra-hombre,75083700,DESODORANTE BARRA AQUA CITRUS AXE BAR 58 GRM,8711.99,,,,,,,
2026-08-05,sepa,COTO CICSA,cafe-instantaneo,7613035379213,CAFE INSTANTANEO NESCAFE DESCAFEINADO FRA 95 GRM,16650.0,,,,,,,
2026-08-05,sepa,COTO CICSA,capsulas-nespresso-starbucks,7613036961004,CAPSULA CAFÉ STARBUCKS BLONDE ESPRESSO CJA 53 GRM,17766.0,,,,,,,
2026-08-05,sepa,COTO CICSA,suprema-pollo,7790070036063,SUPREMAS DE POLLO GRANJA DEL SOL PAQ 360 GRM,10665.0,,,,,,,
2026-08-05,sepa,COTO CICSA,vinagre-alcohol,7790130000034,VINAGRE DE ALCOHOL MENOYO BOT 500 CC,1399.0,,,,,,,
2026-08-05,sepa,COTO CICSA,vinagre-alcohol,7790130000058,VINAGRE DE ALCOHOL MENOYO BOT 1 LTR,1765.0,,,,,,,
2026-08-05,sepa,COTO CICSA,vinagre-alcohol,7790130000263,VINAGRE DE ALCOHOL ALCAZAR PET 500 CMQ,1119.0,,,,,,,
2026-08-05,sepa,COTO CICSA,lavandina,7790132098459,LAVANDINA AYUDIN BOT 1 LTR,1453.99,,,,,,,
2026-08-05,sepa,COTO CICSA,vinagre-alcohol,7790139003166,VINAGRE DE ALCOHOL CASALTA CLASICO BOT 500 CC,1205.0,,,,,,,
2026-08-05,sepa,COTO CICSA,vinagre-alcohol,7790139101138,VINAGRE DE ALCOHOL  FAVINCO PET 1000 CC,1587.0,,,,,,,
2026-08-05,sepa,COTO CICSA,vinagre-alcohol,7790139101145,VINAGRE DE ALCOHOL FAVINCO BOT 500 ML,1162.0,,,,,,,
2026-08-05,sepa,COTO CICSA,cafe-instantaneo,7790150100486,CAFÉ INSTANTÁNEO CLÁSICO LA VIRGINIA FRA 170 GRM,9215.0,,,,,,,
2026-08-05,sepa,COTO CICSA,cafe-instantaneo,7790170904798,CAFÉ INSTANTÁNEO INTENSO MORENITA FRA 100 GRM,6350.0,,,,,,,
2026-08-05,sepa,COTO CICSA,queso-crema-light,7790244941605,QUESO D/CREMA DIETETICO SAN IGNACIO POT 290 GRM,3769.0,,,,,,,
2026-08-05,sepa,COTO CICSA,queso-crema-light,7790244941612,QUESO D/CREMA DIETETICO SAN IGNACIO POT 480 GRM,5669.0,,,,,,,
2026-08-05,sepa,COTO CICSA,papel-higienico-doble-hoja,7790250015536,P.HIGIÉNICO DOBLE HOJA PLUS HIGIENOL PAQ X4 UNI 30M,4593.99,,,,,,,
2026-08-05,sepa,COTO CICSA,papel-higienico-doble-hoja,7790250015567,PAPEL HIGIÉNICO DH PLUS HIGIENOL PAQ 4 UNI 20 M2,3545.99,,,,,,,
2026-08-05,sepa,COTO CICSA,papel-higienico-doble-hoja,7790250026075,PAPEL HIGIENICO ULTRA SUAVE 4 X 30M ELITE PAQ 12 M2,5617.99,,,,,,,
2026-08-05,sepa,COTO CICSA,papel-higienico-doble-hoja,7790250026082,PAPEL HIG.ULTR.SUAV. ELITE PAQ 20 M2,10352.99,,,,,,,
2026-08-05,sepa,COTO CICSA,rollo-cocina,7790250056898,ROLLO D/COCINA ULTRA 180 PAÑOS SUSSEX PAQ 7.59 M2,4979.99,,,,,,,
2026-08-05,sepa,COTO CICSA,yerba-mananita,7790387015317,YERBA MATE 4 FLEX MAÑANITA PAQ 1 KGM,5370.0,,,,,,,
2026-08-05,sepa,COTO CICSA,yerba-mananita,7790387015324,YERBA MATE 4 FLEX MAÑANITA PAQ 500 GRM,2750.0,,,,,,,
2026-08-05,sepa,COTO CICSA,atun-lomitos-natural,7790580131364,LOMO D/ATÚN AL NATURAL LA CAMPAGNOLA LAT 170 GRM,5813.0,,,,,,,
2026-08-05,sepa,COTO CICSA,ricotta,7790742102805,RICOTTA ENTERA GARCIA BAJA EN SODIO SHC 500 GRM,4755.0,,,,,,,
2026-08-05,sepa,COTO CICSA,ricotta,7790742114204,RICOTTA GARCIA SCH 500 GRM,4755.0,,,,,,,
2026-08-05,sepa,COTO CICSA,leche-protein,7790742358608,LECHE DESC. LA SERENISIMA PROTEIN BOT 1 LTR,2999.0,,,,,,,
2026-08-05,sepa,COTO CICSA,queso-crema-light,7790742373304,QUESO PROCESADO LIGHT FINLANDIA POT 290 GRM,5479.0,,,,,,,
2026-08-05,sepa,COTO CICSA,gaseosa-cola-zero,7790895067556,"GASEOSA COCA COLA  SIN AZUCAR BOT 1,5 LTR",4150.0,,,,,,,
2026-08-05,sepa,COTO CICSA,gaseosa-cola-zero,7790895067570,"GASEOSA COCA COLA SIN AZUCAR  BOT 2,25 LTR",5500.0,,,,,,,
2026-08-05,sepa,COTO CICSA,gaseosa-cola-zero,7790895640438,GASEOSA COCA COLA SIN AZUCAR  BOT 3 LTR,6650.0,,,,,,,
2026-08-05,sepa,COTO CICSA,detergente,7790990003022,DETERGENTE LAVAV.ULTRA LIMÓN MAGISTRAL BOT 300 ML,3129.99,,,,,,,
2026-08-05,sepa,COTO CICSA,detergente,7790990003046,DETERGENTE LAVAV.ULTRA LIMÓN MAGISTRAL BOT 750 ML,7559.99,,,,,,,
2026-08-05,sepa,COTO CICSA,detergente,7790990003053,DETERGENTE LIMÓN MAGISTRAL BOT 1.4 LTR,13989.99,,,,,,,
2026-08-05,sepa,COTO CICSA,detergente,7790990003121,DETERGENTE LAVAV.ULTRA MARINA MAGISTRAL BOT 300 ML,3129.99,,,,,,,
2026-08-05,sepa,COTO CICSA,detergente,7790990003138,DETERGENTE LAVAV.ULTRA MARINA MAGISTRAL BOT 500 ML,5049.99,,,,,,,
2026-08-05,sepa,COTO CICSA,detergente,7790990003381,DETER.LAVAV.ULTRA LIMÓN MAGISTRAL PLATINUM+ BOT 500 ML,6219.99,,,,,,,
2026-08-05,sepa,COTO CICSA,detergente,7790990003404,DETERGENTE ULTRA DESENG.LIMÓN MAGISTRAL BOT 300 ML,3489.99,,,,,,,
2026-08-05,sepa,COTO CICSA,detergente,7790990003411,DETERGENTE ULTRA DESENG.LIMÓN MAGISTRAL BOT 500 ML,5049.99,,,,,,,
2026-08-05,sepa,COTO CICSA,detergente,7790990003787,REPUESTO DETERG.ULTRA DESENG. LIMÓN MAGISTRAL DOY 450 ML,4319.99,,,,,,,
2026-08-05,sepa,COTO CICSA,rollo-cocina,7791070005806,"ROLLOS D/COCINA 50 PAÑOS 3 UNI CELESTIAL PAQ 5,32 MT2",3188.99,,,,,,,
2026-08-05,sepa,COTO CICSA,lavandina,7791290793804,LIMP.DESINF.E/GEL C/LAVANDINA CLORO CIF BOT 513 GRM,3671.99,,,,,,,
2026-08-05,sepa,COTO CICSA,detergente,7791290794054,DETERGENTE BIO ACTIVE LIMON CIF BOT 300 ML,2710.99,,,,,,,
2026-08-05,sepa,COTO CICSA,detergente,7791290794061,DETERGENTE BIO ACT.LIMON CIF BOT 500 ML,4390.99,,,,,,,
2026-08-05,sepa,COTO CICSA,detergente,7791290794078,DETERGENTE BIO ACTIV.LIMON CIF BOT 750 ML,6590.99,,,,,,,
2026-08-05,sepa,COTO CICSA,detergente,7791290794085,DETERGENTE BIOACTIVE LIMÓN CIF DOY 450 ML,3864.99,,,,,,,
2026-08-05,sepa,COTO CICSA,detergente,7791290794092,DETERGENTE BIOACTIVE LIMA CIF DOY 450 ML,3864.99,,,,,,,
2026-08-05,sepa,COTO CICSA,detergente,7791290794108,DETERGENTE BIO ACTIVE LIMA CIF BOT 300 ML,2710.99,,,,,,,
2026-08-05,sepa,COTO CICSA,detergente,7791290794115,DETERGENTE BIO ACT.LIMA CIF BOT 500 ML,4390.99,,,,,,,
2026-08-05,sepa,COTO CICSA,lavandina,7791290794955,LAVANDINA EN GEL ORIGINAL VIM BOT 700 ML,3519.99,,,,,,,
2026-08-05,sepa,COTO CICSA,lavandina,7791290794962,LAVANDINA EN GEL LAVANDA VIM BOT 700 ML,3519.99,,,,,,,
2026-08-05,sepa,COTO CICSA,lavandina,7791290794979,LAVANDINA EN GEL CITRUS VIM BOT 700 ML,3519.99,,,,,,,
2026-08-05,sepa,COTO CICSA,detergente,7791290796706,DETERGENTE ORIGINAL CIF BOT 500 ML,5484.99,,,,,,,
2026-08-05,sepa,COTO CICSA,detergente,7791290796713,DETERGENTE ORIGINAL CIF BOT 750 ML,8232.99,,,,,,,
2026-08-05,sepa,COTO CICSA,detergente,7791290796720,DETERGENTE ORIGINAL CIF DOY 400 ML,4289.99,,,,,,,
2026-08-05,sepa,COTO CICSA,detergente,7791290796737,DETERGENTE LIMON CIF BOT 500 ML,5484.99,,,,,,,
2026-08-05,sepa,COTO CICSA,detergente,7791290796744,DETERGENTE LIMON CIF BOT 750 ML,8232.99,,,,,,,
2026-08-05,sepa,COTO CICSA,detergente,7791290796751,DETERGENTE LIMON CIF DOY 400 ML,4289.99,,,,,,,
2026-08-05,sepa,COTO CICSA,queso-crema-light,7791337009851,QUESO BLANCO CLÁSICO SUAVE LA SERENISIMA POT 460 GRM,6045.0,,,,,,,
2026-08-05,sepa,COTO CICSA,gaseosa-cola-zero,7791813828365,GASEOSA COLA BLACK PEPSI BOT 500 ML,2200.0,,,,,,,
2026-08-05,sepa,COTO CICSA,gaseosa-cola-zero,7791813828419,GASEOSA COLA PEPSI BLACK  BOT. 1500 CMQ,3950.0,,,,,,,
2026-08-05,sepa,COTO CICSA,gaseosa-cola-zero,7791813828464,GASEOSA COLA PEPSI BLACK BOT 2000 CMQ,4400.0,,,,,,,
2026-08-05,sepa,COTO CICSA,rollo-cocina,7791828000121,ROLLO COCINA FELPITA DOBLE HOJA PAQ 3 UNI,2855.99,,,,,,,
2026-08-05,sepa,COTO CICSA,rollo-cocina,7791828900025,ROLLOS DE COCINA FELPITA  DISNEY BSA 3 UNI 4.968MT2,3267.99,,,,,,,
2026-08-05,sepa,COTO CICSA,papel-higienico-doble-hoja,7791828900049,P. HIGIENICO D/H FELPITA  INFIN 12MT2 4ROLL 30MT,4449.99,,,,,,,
2026-08-05,sepa,COTO CICSA,rollo-cocina,7791828900056,ROLL. COC INFIN X3 - 300 PAÑ,5106.99,,,,,,,
2026-08-05,sepa,COTO CICSA,papel-higienico-doble-hoja,7791828900186,P. HIGIENICO D/H FELPITA   PAQ 8 MT2 4ROLL 20MT,2939.99,,,,,,,
2026-08-05,sepa,COTO CICSA,papel-higienico-doble-hoja,7791828900278,PAPEL HIGIÉNICO PURA CARICIA  FELPITA PAQ X6 UNI 30 MTR,6405.99,,,,,,,
2026-08-05,sepa,COTO CICSA,papel-higienico-doble-hoja,7791828900285,PAPEL HIGIÉNICO INFINITY FELPITA PAQ X4 UNI 5 M2,6859.99,,,,,,,
2026-08-05,sepa,COTO CICSA,rollo-cocina,7791828900377,"ROLLO D/COCINA MAXIROLLO FELPITA ROL 2,8 MTR",3070.99,,,,,,,
2026-08-05,sepa,COTO CICSA,rollo-cocina,7791828900537,ROLLO DE COCI.180 PAÑOS D.HOJ. FELPITA BSA 7.59 M2,2799.99,,,,,,,
2026-08-05,sepa,COTO CICSA,rollo-cocina,7791828900599,"ROLL.D/COCIN.ALTO 150 PAÑOS FELPITA ROL 5,67 M2",3075.99,,,,,,,
2026-08-05,sepa,COTO CICSA,lavandina,7791905000020,LAVANDINA QUERUBIN BOT 1 LTR,1620.99,,,,,,,
2026-08-05,sepa,COTO CICSA,lavandina,7791905000037,LAVANDINA QUERUBIN BOT 2 LTR,3130.99,,,,,,,
2026-08-05,sepa,COTO CICSA,lavandina,7791905000372,LAVANDINA QUERUBIN BID 4 LTR,6030.99,,,,,,,
2026-08-05,sepa,COTO CICSA,lavandina,7793253003715,LAVANDINA TRIPLE PODER LAVANDA AYUDIN BOT 1 LTR,1886.99,,,,,,,
2026-08-05,sepa,COTO CICSA,lavandina,7793253003722,LAVANDINA TRIPLE PODER LAVANDA AYUDIN BOT 2 LTR,3606.99,,,,,,,
2026-08-05,sepa,COTO CICSA,lavandina,7793253003739,LAVANDINA TRIPLE PODER LAVANDA AYUDIN BID 4 LTR,7204.99,,,,,,,
2026-08-05,sepa,COTO CICSA,lavandina,7793253003746,LAVANDINA TRIPLE PODER PUREZA GLAC AYUDIN BOT 1 LTR,1886.99,,,,,,,
2026-08-05,sepa,COTO CICSA,lavandina,7793253003760,LAVANDINA TRIPLE PODER PUREZA GLAC AYUDIN BID 4 LTR,7204.99,,,,,,,
2026-08-05,sepa,COTO CICSA,lavandina,7793253003777,LAVANDINA ANTI SPLASH AYUDIN BOT 1 LTR,2225.99,,,,,,,
2026-08-05,sepa,COTO CICSA,lavandina,7793253003784,LAVANDINA ANTI SPLASH AYUDIN BOT 2 LTR,4311.99,,,,,,,
2026-08-05,sepa,COTO CICSA,lavandina,7793253003791,LAVANDINA EN GEL ORIGINAL AYUDIN BOT 700 ML,3558.99,,,,,,,
2026-08-05,sepa,COTO CICSA,lavandina,7793253003807,LAVANDINA EN GEL CÍTRICA AYUDIN BOT 700 ML,3558.99,,,,,,,
2026-08-05,sepa,COTO CICSA,lavandina,7793253003814,LAVANDINA EN GEL FLORAL AYUDIN BOT 700 ML,3558.99,,,,,,,
2026-08-05,sepa,COTO CICSA,lavandina,7793253003821,LAVANDINA EN GEL MENTA AYUDIN BOT 700 ML,3558.99,,,,,,,
2026-08-05,sepa,COTO CICSA,lavandina,7793253003838,LAVANDINA EN GEL LAVANDA AYUDIN BOT 700 ML,3558.99,,,,,,,
2026-08-05,sepa,COTO CICSA,lavandina,7793253005856,LAVANDINA EN GEL ORIGINAL AYUDIN BOT 500 ML,3011.99,,,,,,,
2026-08-05,sepa,COTO CICSA,lavandina,7793253006709,LAVANDINA ORIGINAL AYUDIN BOT 2 LTR,2925.99,,,,,,,
2026-08-05,sepa,COTO CICSA,lavandina,7793253006716,LAVANDINA ORIGINAL AYUDIN BID 4 LTR,5842.99,,,,,,,
2026-08-05,sepa,COTO CICSA,lavandina,7793253007263,LAVANDINA ANTISPLASH AYUDIN BID 4 LTR,8280.99,,,,,,,
2026-08-05,sepa,COTO CICSA,yogur-natural-sin-azucar,7793913002423,YOGUR ENTERO NATURAL TREGAR POTE X140 GRS.,2090.0,,,,,,,
2026-08-05,sepa,COTO CICSA,queso-crema-light,7793913013412,QUESO CREMA DESCREMADO TREGAR POT 280 GRM,4190.0,,,,,,,
2026-08-05,sepa,COTO CICSA,queso-crema-light,7793913013641,QUESO UNTABLE DESCREMADO TREGAR POT 180 GRM,3090.0,,,,,,,
2026-08-05,sepa,COTO CICSA,ricotta,7793913013665,RICOTTA ENTERA TREGAR POT 290 GRM,3790.0,,,,,,,
2026-08-05,sepa,COTO CICSA,ricotta,7793913013672,RICOTTA SEMIDESCREMADA S/SAL TREGAR POT 290 GRM,3790.0,,,,,,,
2026-08-05,sepa,COTO CICSA,yogur-natural-sin-azucar,7794820903612,YOG.CREMOSO SAB.NATURAL MILKAUT  POT 300 GRM,3879.0,,,,,,,
2026-08-05,sepa,COTO CICSA,queso-crema-light,7794990879663,QUESO CREMA LA PAULINA LIGHT POT 290 GRM,3435.0,,,,,,,
2026-08-05,sepa,COTO CICSA,ricotta,7798179070018,RICOTA CON CREMA SILVIA SCH 500 GRM,3285.0,,,,,,,
2026-08-05,sepa,COTO CICSA,yogur-natural-sin-azucar,7798327950193,YOG.BATIDO NATURAL SIN AZÚCAR FLIA BEAUDROIT FRA 400 GRM,4859.0,,,,,,,
2026-08-05,sepa,COTO CICSA,leche-protein,7798338291803,LECHE C/PROTEINA TRES NIÑAS TTB 1 LTR,2865.0,,,,,,,
2026-08-05,sepa,COTO CICSA,capsulas-nespresso-starbucks,8445290154125,CAFÉ CAPS.SMOOTH CARAMEL STARBUCKS CJA 51 GRM,16605.0,,,,,,,
2026-08-05,sepa,COTO CICSA,cafe-instantaneo,8445291311510,CAFÉ INSTANTANEO TRADICIÓN NESCAFE DOY 100 GRM,8952.0,,,,,,,
2026-08-05,sepa,COTO CICSA,capsulas-nespresso-starbucks,8445291363656,CAFÉ CAPSULA HOUSE BLEND LUNGO STARBUCKS CJA 78 GRM,15995.0,,,,,,,
2026-08-05,sepa,COTO CICSA,capsulas-nespresso-starbucks,8445291367272,CAFÉ CAPSULA ESPRESO ROAST STARBUCKS CJA 78 GRM,16605.0,,,,,,,
2026-08-05,sepa,Cooperativa Obrera Limitada de Consumo y Vivienda,desodorante-barra-hombre,7501001163983,DEO BARRA OLD SPICE FRESH,10128.0,,,,,,,
2026-08-05,sepa,Cooperativa Obrera Limitada de Consumo y Vivienda,cafe-instantaneo,7613035379213,CAFE NESCAFE SOLUBLE DESC,18170.0,,,,,,,
2026-08-05,sepa,Cooperativa Obrera Limitada de Consumo y Vivienda,cafe-instantaneo,7613036312752,CAFE NESCAFE ESPRESSO FRA,18990.0,25860.0,,,,,Vigencia desde el 30/07/2026 al 12/08/2026 hasta agotar Stock de 4 unidades.,
2026-08-05,sepa,Cooperativa Obrera Limitada de Consumo y Vivienda,lavandina,7790132098459,LAVANDINA AYUDIN ORIGINAL,1350.0,,,,,,,
2026-08-05,sepa,Cooperativa Obrera Limitada de Consumo y Vivienda,vinagre-alcohol,7790139003166,VINAGRE CASALTA ALCOHOL,1239.0,,,,,,,
2026-08-05,sepa,Cooperativa Obrera Limitada de Consumo y Vivienda,vinagre-alcohol,7790139101138,VINAGRE FAVINCO ALCOHOL,1585.0,,,,,,,
2026-08-05,sepa,Cooperativa Obrera Limitada de Consumo y Vivienda,vinagre-alcohol,7790139101145,VINAGRE FAVINCO ALC S/TAC,1229.0,,,,,,,
2026-08-05,sepa,Cooperativa Obrera Limitada de Consumo y Vivienda,cafe-instantaneo,7790150100462,CAFE INST LV CLAS.DPACK,6990.0,8005.0,,,,,Vigencia desde el 30/07/2026 al 12/08/2026 hasta agotar Stock de 39 unidades.,
2026-08-05,sepa,Cooperativa Obrera Limitada de Consumo y Vivienda,cafe-instantaneo,7790150100486,CAFE INST LV FRAS CLASICO,8550.0,,,,,,,
2026-08-05,sepa,Cooperativa Obrera Limitada de Consumo y Vivienda,cafe-instantaneo,7790150100783,CAFE INST LV CLASICO ESP,5920.0,,,,,,,
2026-08-05,sepa,Cooperativa Obrera Limitada de Consumo y Vivienda,cafe-instantaneo,7790150100806,CAFE INST LA VIRGINIA DP,6779.0,,,,,,,
2026-08-05,sepa,Cooperativa Obrera Limitada de Consumo y Vivienda,cafe-instantaneo,7790150101476,CAFE INST LV SUAVE DP,6990.0,8005.0,,,,,Vigencia desde el 30/07/2026 al 12/08/2026 hasta agotar Stock de 78 unidades.,
2026-08-05,sepa,Cooperativa Obrera Limitada de Consumo y Vivienda,cafe-instantaneo,7790150101490,CAFE INST LV SUAVE FRASCO,8550.0,,,,,,,
2026-08-05,sepa,Cooperativa Obrera Limitada de Consumo y Vivienda,cafe-instantaneo,7790150101773,CAFE INST LV SUAVE FRASCO,6179.0,,,,,,,
2026-08-05,sepa,Cooperativa Obrera Limitada de Consumo y Vivienda,cafe-instantaneo,7790150101780,CAFE INST LV SUAVE DP,5138.0,,,,,,,
2026-08-05,sepa,Cooperativa Obrera Limitada de Consumo y Vivienda,rollo-cocina,7790250056881,ROLLO SUSSEX CLAS BLANCO,2990.0,,,,,,,
2026-08-05,sepa,Cooperativa Obrera Limitada de Consumo y Vivienda,rollo-cocina,7790250056898,ROLLO COCINA SUSSEX ULTRA,4390.0,,,,,,,
2026-08-05,sepa,Cooperativa Obrera Limitada de Consumo y Vivienda,rollo-cocina,7790250056980,ROLLO COC SUSSEX MAXI,6590.0,,,,,,,
2026-08-05,sepa,Cooperativa Obrera Limitada de Consumo y Vivienda,rollo-cocina,7790250057086,SUSSEX CLASICO MEGARROLLO,2490.0,3320.0,,,,,Vigencia desde el 30/07/2026 al 12/08/2026 hasta agotar Stock de 65 unidades.,
2026-08-05,sepa,Cooperativa Obrera Limitada de Consumo y Vivienda,yerba-mananita,7790387015317,YERBA MAÑANITA 4FLEX,2990.0,4749.0,,,,,Vigencia desde el 30/07/2026 al 05/08/2026 hasta agotar Stock de 13 unidades.,
2026-08-05,sepa,Cooperativa Obrera Limitada de Consumo y Vivienda,yerba-mananita,7790387015324,YERBA MAÑANITA 4FLEX 1/2,2750.0,,,,,,,
2026-08-05,sepa,Cooperativa Obrera Limitada de Consumo y Vivienda,cafe-instantaneo,7790550029431,CAFE LPC FRASCO CLASICO,10091.0,,,,,,,
2026-08-05,sepa,Cooperativa Obrera Limitada de Consumo y Vivienda,atun-lomitos-natural,7790580131364,ATUN LC LOMO NATURAL,5740.0,,,,,,,
2026-08-05,sepa,Cooperativa Obrera Limitada de Consumo y Vivienda,leche-protein,7790742358608,LECHE DESC LS PROTEIN BOT,2490.0,3149.0,,,,,Vigencia desde el 30/07/2026 al 12/08/2026 hasta agotar Stock de 120 unidades.,
2026-08-05,sepa,Cooperativa Obrera Limitada de Consumo y Vivienda,yogur-natural-sin-azucar,7790787960934,YOGUR NATURAL CREM ILOLAY,2600.0,3490.0,,,,,Vigencia desde el 30/07/2026 al 05/08/2026 hasta agotar Stock de 6 unidades.,
2026-08-05,sepa,Cooperativa Obrera Limitada de Consumo y Vivienda,gaseosa-cola-zero,7790895067532,COCA COLA SIN AZUCAR,2450.0,,,,,,,
2026-08-05,sepa,Cooperativa Obrera Limitada de Consumo y Vivienda,gaseosa-cola-zero,7790895067556,COCA COLA SIN AZUCAR,4150.0,,,,,,,
2026-08-05,sepa,Cooperativa Obrera Limitada de Consumo y Vivienda,gaseosa-cola-zero,7790895067570,COCA COLA SIN AZUCAR,4200.0,5500.0,,,,,Llevando 2 paga $4200.00 c/u - Vigencia desde el 30/07/2026 al 12/08/2026 o hasta agotar Stock de 45 unidades.,
2026-08-05,sepa,Cooperativa Obrera Limitada de Consumo y Vivienda,detergente,7790990003022,DET MAGISTRAL ULTRA LIMON,3400.0,,,,,,,
2026-08-05,sepa,Cooperativa Obrera Limitada de Consumo y Vivienda,detergente,7790990003039,DET MAGISTRAL ULTRA LIMON,4700.0,,,,,,,
2026-08-05,sepa,Cooperativa Obrera Limitada de Consumo y Vivienda,detergente,7790990003046,DET MAGISTRAL ULTRA LIMON,7990.0,,,,,,,
2026-08-05,sepa,Cooperativa Obrera Limitada de Consumo y Vivienda,detergente,7790990003121,DET MAGISTRAL ULTRA MARIN,3400.0,,,,,,,
2026-08-05,sepa,Cooperativa Obrera Limitada de Consumo y Vivienda,detergente,7790990003138,DET MAGISTRAL ULTRA MARIN,4700.0,,,,,,,
2026-08-05,sepa,Cooperativa Obrera Limitada de Consumo y Vivienda,detergente,7790990003145,DET MAGISTRAL ULTRA MARIN,7990.0,,,,,,,
2026-08-05,sepa,Cooperativa Obrera Limitada de Consumo y Vivienda,detergente,7790990003787,DET MAGISTRAL ULT LIM DP,4550.0,,,,,,,
2026-08-05,sepa,Cooperativa Obrera Limitada de Consumo y Vivienda,lavandina,7791290793781,CIF CREMA C/LAVAND Y CLOR,3490.0,4790.0,,,,,Vigencia desde el 30/07/2026 al 12/08/2026 hasta agotar Stock de 4 unidades.,
2026-08-05,sepa,Cooperativa Obrera Limitada de Consumo y Vivienda,lavandina,7791290793804,CIF GEL C/LAVAND Y CLORO,3790.0,,,,,,,
2026-08-05,sepa,Cooperativa Obrera Limitada de Consumo y Vivienda,detergente,7791290794054,DET CIF BIOACTIVE LIMON,2749.0,,,,,,,
2026-08-05,sepa,Cooperativa Obrera Limitada de Consumo y Vivienda,detergente,7791290794061,DET CIF BIOACTIVE LIMON,2990.0,4209.0,,,,,Vigencia desde el 30/07/2026 al 12/08/2026 hasta agotar Stock de 118 unidades.,
2026-08-05,sepa,Cooperativa Obrera Limitada de Consumo y Vivienda,detergente,7791290794078,DET CIF BIOACTIVE LIMON,6690.0,,,,,,,
2026-08-05,sepa,Cooperativa Obrera Limitada de Consumo y Vivienda,detergente,7791290794085,CIF BIOACTIVE LIMON DP,3870.0,,,,,,,
2026-08-05,sepa,Cooperativa Obrera Limitada de Consumo y Vivienda,detergente,7791290794092,CIF BIOACTIVE LIMA DP,3870.0,,,,,,,
2026-08-05,sepa,Cooperativa Obrera Limitada de Consumo y Vivienda,detergente,7791290794108,DET CIF BIOACTIVE LIMA,2790.0,,,,,,,
2026-08-05,sepa,Cooperativa Obrera Limitada de Consumo y Vivienda,detergente,7791290794115,DET CIF BIOACTIVE LIMA,2990.0,4209.0,,,,,Vigencia desde el 30/07/2026 al 12/08/2026 hasta agotar Stock de 30 unidades.,
2026-08-05,sepa,Cooperativa Obrera Limitada de Consumo y Vivienda,detergente,7791290796706,DET CIF ACTIVE GEL ORIGIN,5550.0,,,,,,,
2026-08-05,sepa,Cooperativa Obrera Limitada de Consumo y Vivienda,detergente,7791290796720,DET CIF ACTIV GEL ORIG DP,4390.0,,,,,,,
2026-08-05,sepa,Cooperativa Obrera Limitada de Consumo y Vivienda,detergente,7791290796737,DET CIF ACTIVE GEL LIMON,5550.0,,,,,,,
2026-08-05,sepa,Cooperativa Obrera Limitada de Consumo y Vivienda,detergente,7791290796751,DET CIF ACT GEL LIMON DP,4390.0,,,,,,,
2026-08-05,sepa,Cooperativa Obrera Limitada de Consumo y Vivienda,yogur-natural-sin-azucar,7791337007208,YOGUR SER DESC S/LACT NAT,4999.0,,,,,,,
2026-08-05,sepa,Cooperativa Obrera Limitada de Consumo y Vivienda,yogur-natural-sin-azucar,7791337010932,YOGURISIMO GRIEGO FIRME N,3250.0,,,,,,,
2026-08-05,sepa,Cooperativa Obrera Limitada de Consumo y Vivienda,gaseosa-cola-zero,7791813828365,PEPSI BLACK,1290.0,2500.0,,,,,Vigencia desde el 30/07/2026 al 12/08/2026 hasta agotar Stock de 22 unidades.,
2026-08-05,sepa,Cooperativa Obrera Limitada de Consumo y Vivienda,gaseosa-cola-zero,7791813828419,PEPSI BLACK,4300.0,,,,,,,
2026-08-05,sepa,Cooperativa Obrera Limitada de Consumo y Vivienda,gaseosa-cola-zero,7791813828464,PEPSI BLACK,2500.0,4750.0,,,,,Vigencia desde el 30/07/2026 al 12/08/2026 hasta agotar Stock de 64 unidades.,
2026-08-05,sepa,Cooperativa Obrera Limitada de Consumo y Vivienda,rollo-cocina,7791828000121,ROLLO COCI FELPITA BLANCO,2695.0,,,,,,,
2026-08-05,sepa,Cooperativa Obrera Limitada de Consumo y Vivienda,rollo-cocina,7791828900056,ROLLO FELPITA INFINITY BL,5249.0,,,,,,,
2026-08-05,sepa,Cooperativa Obrera Limitada de Consumo y Vivienda,rollo-cocina,7791828900377,ROLLO FELPITA BLANCO,3090.0,,,,,,,
2026-08-05,sepa,Cooperativa Obrera Limitada de Consumo y Vivienda,lavandina,7791905003663,LAVAN ADIT QUERUBIN RO BL,2350.0,,,,,,,
2026-08-05,sepa,Cooperativa Obrera Limitada de Consumo y Vivienda,lavandina,7791905023203,LAVANDINA ODEX,1550.0,,,,,,,
2026-08-05,sepa,Cooperativa Obrera Limitada de Consumo y Vivienda,lavandina,7791905023210,LAVANDINA ODEX,2850.0,,,,,,,
2026-08-05,sepa,Cooperativa Obrera Limitada de Consumo y Vivienda,lavandina,7791905023227,LAVANDINA ODEX,5590.0,,,,,,,
2026-08-05,sepa,Cooperativa Obrera Limitada de Consumo y Vivienda,lavandina,7793253003715,LAV AYUDIN LAVANDA TRIPLE,1885.0,,,,,,,
2026-08-05,sepa,Cooperativa Obrera Limitada de Consumo y Vivienda,lavandina,7793253003722,LAV AYUDIN LAVANDA TRIPLE,3600.0,,,,,,,
2026-08-05,sepa,Cooperativa Obrera Limitada de Consumo y Vivienda,lavandina,7793253003746,LAV AYUDIN GLACIAR TRIPLE,1885.0,,,,,,,
2026-08-05,sepa,Cooperativa Obrera Limitada de Consumo y Vivienda,lavandina,7793253003753,LAV AYUDIN GLACIAR TRIPLE,3600.0,,,,,,,
2026-08-05,sepa,Cooperativa Obrera Limitada de Consumo y Vivienda,lavandina,7793253003777,LAV AYUDIN ANTISPLASH,2319.0,,,,,,,
2026-08-05,sepa,Cooperativa Obrera Limitada de Consumo y Vivienda,lavandina,7793253003784,LAV AYUDIN ANTISPLASH X2,4650.0,,,,,,,
2026-08-05,sepa,Cooperativa Obrera Limitada de Consumo y Vivienda,lavandina,7793253006709,LAVANDINA AYUDIN ORIGINAL,2680.0,,,,,,,
2026-08-05,sepa,Cooperativa Obrera Limitada de Consumo y Vivienda,lavandina,7793253006716,LAVANDINA AYUDIN ORIGINAL,6990.0,,,,,,,
2026-08-05,sepa,Cooperativa Obrera Limitada de Consumo y Vivienda,rollo-cocina,7793344009206,ROLLO COC ELEGANTE,3190.0,,,,,,,
2026-08-05,sepa,Cooperativa Obrera Limitada de Consumo y Vivienda,rollo-cocina,7793344009305,ROLLO COC ELEGANTE PREM,3675.0,5390.0,,,,,Vigencia desde el 30/07/2026 al 12/08/2026 hasta agotar Stock de 12 unidades.,
2026-08-05,sepa,Cooperativa Obrera Limitada de Consumo y Vivienda,rollo-cocina,7793344904013,ROLLO COC ELEGANTE,2949.0,,,,,,,
2026-08-05,sepa,Cooperativa Obrera Limitada de Consumo y Vivienda,rollo-cocina,7793344904853,ROLLO COC ELEGANTE,3490.0,,,,,,,
2026-08-05,sepa,Cooperativa Obrera Limitada de Consumo y Vivienda,yogur-natural-sin-azucar,7794820903612,YOGUR NAT CREMOSO MILKAUT,3790.0,,,,,,,
2026-08-05,sepa,Cooperativa Obrera Limitada de Consumo y Vivienda,yogur-natural-sin-azucar,7794820903711,YOGUR NAT DESCR MILKAUT,3790.0,,,,,,,
2026-08-05,sepa,Cooperativa Obrera Limitada de Consumo y Vivienda,lavandina,7798131250380,LAVANDINA HEROE CLASIC,1190.0,,,,,,,
2026-08-05,sepa,Cooperativa Obrera Limitada de Consumo y Vivienda,yogur-natural-sin-azucar,7798136870545,YOG DAHI FIRME NATUR S/AZ,2659.0,,,,,,,
2026-08-05,sepa,Cooperativa Obrera Limitada de Consumo y Vivienda,yogur-natural-sin-azucar,7798136870743,YOGUR NAT DESLACT DAHI,3190.0,,,,,,,
2026-08-05,sepa,Cooperativa Obrera Limitada de Consumo y Vivienda,yogur-natural-sin-azucar,7798136870859,YOGUR GRIEGO NAT DAHI,3190.0,,,,,,,
2026-08-05,sepa,Cooperativa Obrera Limitada de Consumo y Vivienda,leche-protein,7798338291803,LECHE LV LAS3 NIÑAS PROTE,2190.0,2790.0,,,,,Vigencia desde el 30/07/2026 al 05/08/2026 hasta agotar Stock de 391 unidades.,
2026-08-05,sepa,Cooperativa Obrera Limitada de Consumo y Vivienda,cafe-instantaneo,8445291311510,NESCAFE TRADICION DP,9290.0,,,,,,,
2026-08-05,sepa,DEHEZA S.A.I.C.F. e I.,yerba-mananita,7790387015324,MAÑANITA YERBA 4FLEX X 500 GR,4400.0,,,,,,,
2026-08-05,sepa,DEHEZA S.A.I.C.F. e I.,gaseosa-cola-zero,7791813828365,PEPSI BLACK PET X 500CC,2900.0,,,,,,,
2026-08-05,sepa,Disco,cafe-instantaneo,7613035379213,Cafe Descafeinado NESCAFE MasAroma 100g FCO-100-gr.,18000.0,,,,,,,
2026-08-05,sepa,Disco,cafe-instantaneo,7613036312752,Nescafe GOLD espresso 100g FCO-100-gr.,24000.0,,,,,,,
2026-08-05,sepa,Disco,capsulas-nespresso-starbucks,7613036961004,Capsulas STARBUCKS Blonde Espresso Roast CJA-53-gr.,19050.0,,,,,,,
2026-08-05,sepa,Disco,capsulas-nespresso-starbucks,7613036961448,Capsulas Café STARBUCKS Colombia x57g CJA-57-gr.,19050.0,,,,,,,
2026-08-05,sepa,Disco,suprema-pollo,7790070036063,Suprema de pollo GRANJA DEL SOL 360g PAQ-360-gr.,11350.0,,,,,,,
2026-08-05,sepa,Disco,vinagre-alcohol,7790130000034,Vinagre MENOYO de alcohol PVC-500-cc.,1350.0,,,,,,,
2026-08-05,sepa,Disco,vinagre-alcohol,7790130000058,Vinagre MENOYO de alcohol PVC-1-lt.,1850.0,,,,,,,
2026-08-05,sepa,Disco,vinagre-alcohol,7790130000263,Vinagre alcazar de alcohol PVC-500-cc.,1200.0,,,,,,,
2026-08-05,sepa,Disco,lavandina,7790132098459,lavandina AYUDIN original 1L       PVC-1000-ml.,1278.0,,,,,,,
2026-08-05,sepa,Disco,vinagre-alcohol,7790139003166,Vinagre de Alcohol CASALTA x 500cc. BOT-500-cc.,1300.0,,,,,,,
2026-08-05,sepa,Disco,vinagre-alcohol,7790139101138,Vinagre de Alcohol Favinco S/T x 1lt BOT-1000-ml.,1717.0,,,,,,,
2026-08-05,sepa,Disco,cafe-instantaneo,7790150100462,café LA VIRGINIA Clásico Espuma DPx170g DOY-170-gr.,8150.0,,,,,,,
2026-08-05,sepa,Disco,cafe-instantaneo,7790150100486,café LA VIRGINIA Clasico Espuma x170G FCO-170-gr.,9450.0,,,,,,,
2026-08-05,sepa,Disco,cafe-instantaneo,7790150101476,café LA VIRGINIA Suave Espuma DP x170g DOY-170-gr.,8600.0,,,,,,,
2026-08-05,sepa,Disco,cafe-instantaneo,7790150101490,café LA VIRGINIA Suave Espuma x170g FCO-170-gr.,10850.0,,,,,,,
2026-08-05,sepa,Disco,cafe-instantaneo,7790150101773,café LA VIRGINIA Suave Espuma x100g FCO-100-gr.,6600.0,,,,,,,
2026-08-05,sepa,Disco,cafe-instantaneo,7790150101780,Café LA VIRGINIA Suave Espuma DPx100g DOY-100-gr.,5550.0,,,,,,,
2026-08-05,sepa,Disco,cafe-instantaneo,7790170904798,café LA MORENITA Intenso x100g FCO-100-gr.,6550.0,,,,,,,
2026-08-05,sepa,Disco,queso-crema-light,7790244941605,Q.Blancrem Light S.Ignacio 290g POT-290-gr.,4000.0,,,,,,,
2026-08-05,sepa,Disco,queso-crema-light,7790244941612,Q.Blancrem Light S.Ignacio 480g POT-480-gr.,5800.0,,,,,,,
2026-08-05,sepa,Disco,papel-higienico-doble-hoja,7790250015536,papel higieni HIGIENOL dob h fus 4x30m BSA-4-m2,4300.0,,,,,,,
2026-08-05,sepa,Disco,papel-higienico-doble-hoja,7790250026075,papel higienic ELITE dobl h soft 4x30m PAQ-12-m2,5180.0,,,,,,,
2026-08-05,sepa,Disco,papel-higienico-doble-hoja,7790250026082,papel higienic ELITE ult dobl h 4x50m PAQ-20-m2,10550.0,,,,,,,
2026-08-05,sepa,Disco,rollo-cocina,7790250056881,rollo cocina SUSSEX clasic 3x50paños PAQ-15-m2,3150.0,,,,,,,
2026-08-05,sepa,Disco,rollo-cocina,7790250056980,rollo cocina SUSSEX ultra 3x100p PAQ-300-un.,8050.0,,,,,,,
2026-08-05,sepa,Disco,yerba-mananita,7790387015317,Yerba Mate MAÑANITA 4FLEX 1kg PAQ-1000-gr.,5350.0,,,,,,,
2026-08-05,sepa,Disco,yerba-mananita,7790387015324,Yerba Mate MAÑANITA 4FLEX 1/2kg PAQ-500-gr.,2800.0,,,,,,,
2026-08-05,sepa,Disco,atun-lomitos-natural,7790580131364,Atun LA CAMPAGNOLA al natural x170g LAT-170-gr.,5745.0,,,,,,,
2026-08-05,sepa,Disco,ricotta,7790742102805,ricota entera GARCIA baja en sodio SCH-500-gr.,5100.0,,,,,,,
2026-08-05,sepa,Disco,ricotta,7790742114204,Ricotta Garcia Semigrasa Sachet 500GR SCH-500-gr.,5100.0,,,,,,,
2026-08-05,sepa,Disco,leche-protein,7790742358608,Leche Uat Proteina La serenisima 1l BOT-1000-ml.,3100.0,,,,,,,
2026-08-05,sepa,Disco,queso-crema-light,7790742373304,Q.Procesado Finlandia Light 290g POT-290-gr.,5900.0,,,,,,,
2026-08-05,sepa,Disco,gaseosa-cola-zero,7790895067532,gaseosa COCA COLA Zero 500cc PET-500-ml.,2650.0,,,,,,,
2026-08-05,sepa,Disco,gaseosa-cola-zero,7790895067556,gaseosa COCA COLA Zero 1.5lt PET-1500-ml.,4150.0,,,,,,,
2026-08-05,sepa,Disco,gaseosa-cola-zero,7790895067570,gaseosa COCA COLA Zero 2.25lt PET-2250-ml.,5500.0,,,,,,,
2026-08-05,sepa,Disco,gaseosa-cola-zero,7790895067587,gaseosa COCA COLA Zero 354cc LAT-354-ml.,2750.0,,,,,,,
2026-08-05,sepa,Disco,gaseosa-cola-zero,7790895640438,gaseosa COCA COLA Zero  3lt PET-3000-ml.,6454.0,,,,,,,
2026-08-05,sepa,Disco,detergente,7790990003022,detergente MAGISTRAL ult lim bot 300ml BOT-300-ml.,3350.0,,,,,,,
2026-08-05,sepa,Disco,detergente,7790990003039,detergente MAGISTRAL ult lim bot 500ml BOT-500-ml.,4542.0,,,,,,,
2026-08-05,sepa,Disco,detergente,7790990003046,detergente MAGISTRAL ult lim bot 750ml BOT-750-ml.,7850.0,,,,,,,
2026-08-05,sepa,Disco,detergente,7790990003121,detergente MAGISTRAL ult mar bot 300ml BOT-300-ml.,3350.0,,,,,,,
2026-08-05,sepa,Disco,detergente,7790990003138,detergente MAGISTRAL ult mar bot 500ml BOT-500-ml.,4542.0,,,,,,,
2026-08-05,sepa,Disco,detergente,7790990003145,detergente MAGISTRAL ult mar bot 750ml BOT-750-ml.,7850.0,,,,,,,
2026-08-05,sepa,Disco,lavandina,7791290793781,limpiador CIF crema lavand cloro 750gr BOT-750-gr.,5000.0,,,,,,,
2026-08-05,sepa,Disco,lavandina,7791290793804,limpiador CIF  gel lavandina cloro 513gr BOT-513-ml.,3950.0,,,,,,,
2026-08-05,sepa,Disco,detergente,7791290794054,lavavajilla CIF bioactive limon 300ml. BOT-300-ml.,2650.0,,,,,,,
2026-08-05,sepa,Disco,detergente,7791290794061,lavavajilla CIF bioactive limon 500ml BOT-500-ml.,3729.0,,,,,,,
2026-08-05,sepa,Disco,detergente,7791290794078,lavavajilla CIF bioactive limon 750ml BOT-750-ml.,6850.0,,,,,,,
2026-08-05,sepa,Disco,detergente,7791290794085,lavavajilla CIF limon bioactiv DP 450ml DOY-450-ml.,2854.0,,,,,,,
2026-08-05,sepa,Disco,detergente,7791290794092,lavavajilla CIF lima bioactive DP 450ml DOY-450-ml.,2854.0,,,,,,,
2026-08-05,sepa,Disco,detergente,7791290794108,lavavajilla CIF bioactive lima 300ml BOT-300-ml.,2650.0,,,,,,,
2026-08-05,sepa,Disco,detergente,7791290794115,lavavajilla CIF bioactive lima 500ml BOT-500-ml.,3729.0,,,,,,,
2026-08-05,sepa,Disco,yogur-natural-sin-azucar,7791337007208,Yog SER Natural 300g POT-300-gr.,5250.0,,,,,,,
2026-08-05,sepa,Disco,gaseosa-cola-zero,7791813828365,gaseosa PEPSI Black 500cc BOT-500-ml.,2300.0,,,,,,,
2026-08-05,sepa,Disco,gaseosa-cola-zero,7791813828419,gaseosa PEPSI Black 1.5lt BOT-1500-ml.,3899.0,,,,,,,
2026-08-05,sepa,Disco,gaseosa-cola-zero,7791813828464,gaseosa PEPSI Black 2lt BOT-2000-ml.,4300.0,,,,,,,
2026-08-05,sepa,Disco,rollo-cocina,7791828900056,Rollo Cocina FELPITA DH Infinity 3x100 PCK-300-un.,5350.0,,,,,,,
2026-08-05,sepa,Disco,papel-higienico-doble-hoja,7791828900285,Papel Higienico FELPITA Doble Hoj 4x50 PAQ-50-hjs,7250.0,,,,,,,
2026-08-05,sepa,Disco,lavandina,7793253003715,Lavandina Ayudin Triple Poder 1L BOT-1000-ml.,2050.0,,,,,,,
2026-08-05,sepa,Disco,lavandina,7793253003722,lavandina AYUDIN Glaciar Triple Poder La BOT-2000-ml.,3850.0,,,,,,,
2026-08-05,sepa,Disco,lavandina,7793253003739,Lavandina Ayudin Triple Poder 4L BOT-4000-ml.,7700.0,,,,,,,
2026-08-05,sepa,Disco,lavandina,7793253003746,Ayudin Pureza Glaciar Triple Poder 1L BOT-1000-ml.,2050.0,,,,,,,
2026-08-05,sepa,Disco,lavandina,7793253003753,lavandina AYUDIN Glaciar Triple Poder 2l BOT-2000-ml.,3950.0,,,,,,,
2026-08-05,sepa,Disco,lavandina,7793253003760,Ayudin Pureza Glaciar Triple Poder 4L BOT-4000-ml.,7800.0,,,,,,,
2026-08-05,sepa,Disco,lavandina,7793253003777,Lavandina Ayudin Anti-Splash Tradi 1L BOT-1000-ml.,2400.0,,,,,,,
2026-08-05,sepa,Disco,lavandina,7793253003784,lavandina AYUDIN Anti Splash 2lt BOT-2000-ml.,4600.0,,,,,,,
2026-08-05,sepa,Disco,lavandina,7793253003791,Ayudín Lavandina en Gel Original 700ml BOT-700-ml.,3800.0,,,,,,,
2026-08-05,sepa,Disco,lavandina,7793253003807,Ayudín Lavandina en Gel Citrica 700ml BOT-700-ml.,3800.0,,,,,,,
2026-08-05,sepa,Disco,lavandina,7793253003814,Ayudín Lavandina en Gel Floral 700ml BOT-700-ml.,3800.0,,,,,,,
2026-08-05,sepa,Disco,lavandina,7793253003821,Ayudín Lavandina en Gel Menta 700ml BOT-700-ml.,3800.0,,,,,,,
2026-08-05,sepa,Disco,lavandina,7793253003838,Ayudín Lavandina en Gel Lavanda 700ml BOT-700-ml.,3800.0,,,,,,,
2026-08-05,sepa,Disco,lavandina,7793253003869,Ayudín Lavandina en Gel Original 1500ml BOT-1500-ml.,8300.0,,,,,,,
2026-08-05,sepa,Disco,lavandina,7793253003876,Ayudín Lavandina en Gel Citrica 1500ml BOT-1500-ml.,8300.0,,,,,,,
2026-08-05,sepa,Disco,papel-higienico-doble-hoja,7793344000517,Papel hig New ELEGANTE Extra bl 30m x 4u PAQ-12-m2,3650.0,,,,,,,
2026-08-05,sepa,Disco,rollo-cocina,7793344009206,rollo cocina ELEGANTE dobl h 1x200 paños PCK-1-un.,3050.0,,,,,,,
2026-08-05,sepa,Disco,rollo-cocina,7793344009305,Rollos de Cocina Elegante 3u x 100 paños LAM-300-un.,5700.0,,,,,,,
2026-08-05,sepa,Disco,rollo-cocina,7793344904013,rollo cocina ELEGANTE dobl h 3x50 paños BSA-3-un.,3000.0,,,,,,,
2026-08-05,sepa,Disco,queso-crema-light,7793913013412,Queso Crema Light Tregar 280g POT-280-gr.,4400.0,,,,,,,
2026-08-05,sepa,Disco,queso-crema-light,7793913013641,Queso Untable CHATEL Descremado x 180grs POT-180-gr.,3300.0,,,,,,,
2026-08-05,sepa,Disco,ricotta,7793913013665,RICOTTA ENTERA TREGAR X 290 GRS POT-290-gr.,3850.0,,,,,,,
2026-08-05,sepa,Disco,ricotta,7793913013672,RICOTTA LIGHT TREGAR X 290 GRS POT-290-gr.,3850.0,,,,,,,
2026-08-05,sepa,Disco,queso-crema-light,7794820015018,Qso Proces para untar Light Milkaut 190g POT-190-gr.,3550.0,,,,,,,
2026-08-05,sepa,Disco,queso-crema-light,7794820903094,Queso Crematto Balance MILKAUT x 285 grs POT-285-gr.,5200.0,,,,,,,
2026-08-05,sepa,Disco,queso-crema-light,7794990879663,queso crema LA PAULINA light. POT-290-gr.,3500.0,,,,,,,
2026-08-05,sepa,Disco,lavandina,7798131250380,lavandina clasica HEROE 1lt BOT-1000-ml.,1150.0,,,,,,,
2026-08-05,sepa,Disco,lavandina,7798131250397,lavandina clasica HEROE 2lt BOT-2000-ml.,2250.0,,,,,,,
2026-08-05,sepa,Disco,yogur-natural-sin-azucar,7798136870545,Yog. Ent. Natural s/az DAHÍ 190g FCO-190-gr.,2850.0,,,,,,,
2026-08-05,sepa,Disco,yogur-natural-sin-azucar,7798136870743,Yog. Desc. Deslac Nat DAHÍ 190g FCO-200-gr.,3450.0,,,,,,,
2026-08-05,sepa,Disco,yogur-natural-sin-azucar,7798327950193,Yog. Entero Natural Flia Beudroit 400g POT-400-gr.,4750.0,,,,,,,
2026-08-05,sepa,Disco,capsulas-nespresso-starbucks,8445291363656,Capsulas STARBUCKS House Blend 12u CJA-52-gr.,19050.0,,,,,,,
2026-08-05,sepa,Disco,capsulas-nespresso-starbucks,8445291367272,Capsulas STARBUCKS Espresso Roast 12u CJA-78-gr.,19050.0,,,,,,,
2026-08-05,sepa,Express,cafe-instantaneo,7613035379213,CAFE DESCAFEINADO INSTANTANEO NESCAFE X 100 GRS,17029.0,,,,,,,
2026-08-05,sepa,Express,cafe-instantaneo,7613036312752,CAFE INSTANTANEO EXPRESSO GOLD NESCAFE X 100 GRS,25209.0,,,,,,,
2026-08-05,sepa,Express,capsulas-nespresso-starbucks,7613036961004,CAPSULAS CAFE BLOND ESPRESSO STARBUCKS X 10 UNI,18299.0,,,,,,,
2026-08-05,sepa,Express,suprema-pollo,7790070036063,SUPREMAS DE POLLO GRANJA DEL SOL BOLSA X 360 GRS,10985.0,,,,,,,
2026-08-05,sepa,Express,vinagre-alcohol,7790130000034,VINAGRE DE ALCOHOL MENOYO PET X 500 CC,1599.0,,,,,,,
2026-08-05,sepa,Express,vinagre-alcohol,7790130000058,VINAGRE DE ALCOHOL MENOYO PET X 1 LT,2025.0,,,,,,,
2026-08-05,sepa,Express,lavandina,7790132098459,LAVANDINA ORIGINAL AYUDIN X 1 LT,1359.0,,,,,,,
2026-08-05,sepa,Express,vinagre-alcohol,7790139101138,VINAGRE DE ALCOHOL FAVINCO PET X 1 LT,1635.0,,,,,,,
2026-08-05,sepa,Express,cafe-instantaneo,7790170904798,CAFE INSTANTANEO LA MORENITA FRASCO X 100 GRS,6540.0,,,,,,,
2026-08-05,sepa,Express,papel-higienico-doble-hoja,7790250015536,PAPEL HIGIENICO D HOJA PLUS HIGIENOL 4 X 30 MTS,3539.0,,,,,,,
2026-08-05,sepa,Express,papel-higienico-doble-hoja,7790250026075,PAPEL HIGIENICO D H ULTRA SUAVE ELITE 4 X 30 MTS,5785.0,,,,,,,
2026-08-05,sepa,Express,rollo-cocina,7790250056881,ROLLO DE COCINA CLASICO SUSSEX 3 X 50 PAN,2546.67,2929.0,,,,,Promo A valida desde el 04/08/2026 hasta 10/08/2026,
2026-08-05,sepa,Express,rollo-cocina,7790250057086,ROLLO COCINA CLASICO MEGA SUSSEX X 200 PANOS,3450.0,,,,,,,
2026-08-05,sepa,Express,yerba-mananita,7790387015317,YERBA MATE BAJO POLVO MANANITA 4FLEX X 1 KG,4929.0,,,,,,,
2026-08-05,sepa,Express,yerba-mananita,7790387015324,YERBA MATE BAJO POLVO MANANITA 4FLEX X 500 GRS,2566.67,2570.0,,,,,Promo A valida desde el 04/08/2026 hasta 10/08/2026,
2026-08-05,sepa,Express,atun-lomitos-natural,7790580131364,ATUN AL NATURAL LOMITOS LA CAMPAGNOLA X 170 GRS,6469.0,,,,,,,
2026-08-05,sepa,Express,leche-protein,7790742358608,LECHE UAT DESC S LACT PROTEIN LA SERENISIMA BOTX1L,3089.0,,,,,,,
2026-08-05,sepa,Express,gaseosa-cola-zero,7790895067532,GASEOSA COLA ZERO COCA COLA PET X 500 CC,1959.0,,,,,,,
2026-08-05,sepa,Express,gaseosa-cola-zero,7790895067556,GASEOSA COLA SIN AZUCAR COCA COLA PET X 1.5LT,3799.0,,,,,,,
2026-08-05,sepa,Express,gaseosa-cola-zero,7790895067570,GASEOSA COLA ZERO COCA COLA PET X 2.25 LT,5300.0,,,,,,,
2026-08-05,sepa,Express,gaseosa-cola-zero,7790895067587,GASEOSA COLA SIN AZUCAR COCA COLA LATA X 354 CC,2525.0,,,,,,,
2026-08-05,sepa,Express,detergente,7790990003022,DETERGENTE ULTRA LIMON MAGISTRAL BOT X 300 CC,2669.0,,,,,,,
2026-08-05,sepa,Express,detergente,7790990003039,DETERGENTE ULTRA LIMON MAGISTRAL BOT X 500 CC,4315.0,,,,,,,
2026-08-05,sepa,Express,detergente,7790990003046,DETERGENTE ULTRA LIMON MAGISTRAL BOT X 750 CC,7779.0,,,,,,,
2026-08-05,sepa,Express,detergente,7790990003787,DETERGENTE ULTRA LIMON MAGISTRAL DP X 450 CC,4445.0,,,,,,,
2026-08-05,sepa,Express,lavandina,7791290793804,LIMPIADOR EN GEL C LAVANDINA CIF X 513G,3760.0,,,,,,,
2026-08-05,sepa,Express,detergente,7791290794054,DETERGENTE BIOACTIVE LIMON CIF X 300 CC,2710.0,,,,,,,
2026-08-05,sepa,Express,detergente,7791290794061,DETERGENTE BIOACTIVE LIMON CIF X 500 CC,4005.0,,,,,,,
2026-08-05,sepa,Express,detergente,7791290794085,DETERGENTE BIOACTIVE LIMON CIF REPUESTO X 450 CC,3965.0,,,,,,,
2026-08-05,sepa,Express,detergente,7791290794115,DETERGENTE BIOACTIVE LIMA CIF X 500 CC,4005.0,,,,,,,
2026-08-05,sepa,Express,detergente,7791290796706,DETERGENTE ACTIVE GEL ORIG CIF BOT X 500 CC,5009.0,,,,,,,
2026-08-05,sepa,Express,rollo-cocina,7791720002605,ROLLO DE COCINA CARREFOUR ESSENTIAL 3 X 40 PANOS,2350.0,,,,,,,
2026-08-05,sepa,Express,rollo-cocina,7791720025543,ROLLO DE COCINA MAXI BLANCO CARREFOUR X 200 PANOS,2850.0,,,,,,,
2026-08-05,sepa,Express,yogur-natural-sin-azucar,7791720048122,YOGUR NATURAL CARREFOUR EXTRA FRASCO X 200 GR,2750.0,,,,,,,
2026-08-05,sepa,Express,yogur-natural-sin-azucar,7791720048139,YOGUR NATURAL CARREFOUR CLASSIC POTE 300 X GR,3090.0,,,,,,,
2026-08-05,sepa,Express,gaseosa-cola-zero,7791813828365,GASEOSA COLA BLACK PEPSI N PET X 500 CC.,2159.0,,,,,,,
2026-08-05,sepa,Express,gaseosa-cola-zero,7791813828419,GASEOSA COLA BLACK PEPSI NF PET X 1.5 LT,4120.0,,,,,,,
2026-08-05,sepa,Express,gaseosa-cola-zero,7791813828464,GASEOSA COLA BLACK PEPSI N PET X 2 LT,4689.0,,,,,,,
2026-08-05,sepa,Express,rollo-cocina,7791828900377,ROLLO DE COCINA MAXIROLLO FELPITA X 200 PANOS,3165.0,,,,,,,
2026-08-05,sepa,Express,lavandina,7791905000020,LAVANDINA CONCENTRADA QUERUBIN X 1 LT,1670.0,,,,,,,
2026-08-05,sepa,Express,lavandina,7791905023203,LAVANDINA ORIGINAL ODEX X 1 LT,1335.0,,,,,,,
2026-08-05,sepa,Express,lavandina,7791905023210,LAVANDINA ORIGINAL ODEX X 2 LT,2535.0,,,,,,,
2026-08-05,sepa,Express,lavandina,7793253003715,LAVANDINA MULTISUP LAVANDA TRIPLE PODER AYUDIN X1L,1989.0,,,,,,,
2026-08-05,sepa,Express,lavandina,7793253003722,LAVANDINA MULTISUP LAVANDA TRIPLE PODER AYUDIN X2L,3750.0,,,,,,,
2026-08-05,sepa,Express,lavandina,7793253003746,LAVANDINA MULTI PU GLACIAR TRIPLE PODER AYUDIN X1L,1989.0,,,,,,,
2026-08-05,sepa,Express,lavandina,7793253003777,LAVANDINA ANTISPLASH TRADICIONAL AYUDIN X 1 LT,2309.0,,,,,,,
2026-08-05,sepa,Express,lavandina,7793253003791,LAVANDINA EN GEL ORIGINAL AYUDIN BOTELLA X 700 CC,3699.0,,,,,,,
2026-08-05,sepa,Express,lavandina,7793253003807,LAVANDINA EN GEL CITRUS AYUDIN BOTELLA X 700 CC,3699.0,,,,,,,
2026-08-05,sepa,Express,lavandina,7793253003838,LAVANDINA EN GEL LAVANDA AYUDIN X 700 CC,3699.0,,,,,,,
2026-08-05,sepa,Express,lavandina,7793253006709,LAVANDINA ORIGINAL DESINFECTANTE AYUDIN X 2 LT,3039.0,,,,,,,
2026-08-05,sepa,Express,rollo-cocina,7793344009206,ROLLO DE COCINA GIGANTE ELEGANTE X 200 PANOS,3189.0,,,,,,,
2026-08-05,sepa,Express,queso-crema-light,7794820903094,QUESO UNTABLE LIGHT CREMATTO POTE MILKAUT X 285GRS,5225.0,,,,,,,
2026-08-05,sepa,Express,vinagre-alcohol,7798033332641,VINAGRE DE ALCOHOL CARREFOUR PET X 1 LT,1550.0,,,,,,,
2026-08-05,sepa,Express,atun-lomitos-natural,7798033333907,ATUN AL NATURAL LOMITOS CARREFOUR LATA X 170 GRS.,3490.0,,,,,,,
2026-08-05,sepa,Express,atun-lomitos-natural,7798108349161,ATUN AL NATURAL LOMITOS CARREFOUR LATA X 354 GRS,6450.0,,,,,,,
2026-08-05,sepa,Express,yogur-natural-sin-azucar,7798136870859,YOGUR NATURAL ESTILO GRIEGO DAHI FRASCO X 190 GRM,3389.0,,,,,,,
2026-08-05,sepa,Express,atun-lomitos-natural,7798152222151,ATUN AL NATURAL LOMITOS CARREFOUR 3 X 80 GRS,6150.0,,,,,,,
2026-08-05,sepa,Express,papel-higienico-doble-hoja,7798159717520,PAPEL HIGIENICO D HOJA DECO CARREFOUR 4 X 50 MTS,6090.0,,,,,,,
2026-08-05,sepa,Express,papel-higienico-doble-hoja,7798159718961,PAPEL HIGIENICO D HOJA CARREFOUR 4 X 30 MTS,3450.0,,,,,,,
2026-08-05,sepa,Express,ricotta,7798179070018,RICOTA G SILVIA X 500 GRS,3479.0,,,,,,,
2026-08-05,sepa,Express,cafe-instantaneo,8445291311510,CAFE INSTANTANEO TRADICION NESCAFE X 100 GRS,9219.0,,,,,,,
2026-08-05,sepa,Express,cafe-instantaneo,8445291311558,CAFE INSTANTANEO SUAVE DOLCA DP X 100 GRS,6149.0,,,,,,,
2026-08-05,sepa,Express,capsulas-nespresso-starbucks,8445291363656,CAPSULAS CAFE HOUSE BLEND STARBUCKS X 10 UNI,17105.0,,,,,,,
2026-08-05,sepa,Express,cafe-instantaneo,8445291738775,CAFE INSTANTANEO GOLD NESCAFE FRASCO X 95 GRS,21350.0,,,,,,,
2026-08-05,sepa,HiperChangomas,desodorante-barra-hombre,33200197447,AYH DEO MASC ULTRAMX,14739.0,,,,,,,
2026-08-05,sepa,HiperChangomas,desodorante-barra-hombre,75083694,AXE STI BLUE LAVEND,8349.0,,,,,,,
2026-08-05,sepa,HiperChangomas,desodorante-barra-hombre,75083700,AXE STI AQUA CITRUS,8349.0,,,,,,,
2026-08-05,sepa,HiperChangomas,cafe-instantaneo,7613035379213,NESCAFE DESCAFEINADO,17239.0,,,,,,,
2026-08-05,sepa,HiperChangomas,cafe-instantaneo,7613036312752,NESCAFE PURO ESPRESS,23949.0,,,,,,,
2026-08-05,sepa,HiperChangomas,suprema-pollo,7790070036063,GDS SUPREMAS 360GR,10239.0,,,,,,,
2026-08-05,sepa,HiperChangomas,vinagre-alcohol,7790130000034,MENOYO VINAGRE ALCOH,1349.0,,,,,,,
2026-08-05,sepa,HiperChangomas,vinagre-alcohol,7790130000058,MENOYO VINAGRE ALCOH,1689.0,,,,,,,
2026-08-05,sepa,HiperChangomas,lavandina,7790132098459,AYUDIN LAVAN ORIGINA,1479.0,,,,,,,
2026-08-05,sepa,HiperChangomas,vinagre-alcohol,7790139000424,CASALTA VINA ALCOHOL,2189.0,,,,,,,
2026-08-05,sepa,HiperChangomas,vinagre-alcohol,7790139003166,CASALTA VINAGRE DE A,1309.0,,,,,,,
2026-08-05,sepa,HiperChangomas,vinagre-alcohol,7790139101138,FAVINCO VINAGRE DE A,1669.0,,,,,,,
2026-08-05,sepa,HiperChangomas,queso-crema-light,7790244941605,BLANCREM DIETE 290GR,3719.0,,,,,,,
2026-08-05,sepa,HiperChangomas,queso-crema-light,7790244941612,BLANCREM DIETE 480GR,5589.0,,,,,,,
2026-08-05,sepa,HiperChangomas,papel-higienico-doble-hoja,7790250015536,HIGIENOL PH DH 4X30M,4419.0,,,,,,,
2026-08-05,sepa,HiperChangomas,rollo-cocina,7790250056881,SUSSEX RC 3X50 PANOS,2829.0,,,,,,,
2026-08-05,sepa,HiperChangomas,rollo-cocina,7790250056898,SUSSEX PREM 3X60 PAN,4799.0,,,,,,,
2026-08-05,sepa,HiperChangomas,rollo-cocina,7790250057086,SUSSEX RC BLANCO 200,3319.0,,,,,,,
2026-08-05,sepa,HiperChangomas,papel-higienico-doble-hoja,7790250913368,HIGIENOL PH DH YAPA,9239.0,,,,,,,
2026-08-05,sepa,HiperChangomas,yerba-mananita,7790387015317,MANANITA YER MAT 1KG,5519.0,,,,,,,
2026-08-05,sepa,HiperChangomas,cafe-instantaneo,7790550029431,LPC INS FR CLAS 170G,13299.0,,,,,,,
2026-08-05,sepa,HiperChangomas,atun-lomitos-natural,7790580131364,LC LOMO ATUN AL NATU,6029.0,,,,,,,
2026-08-05,sepa,HiperChangomas,vinagre-alcohol,7790673000188,FAVINCO VINA ALCO 5L,7799.0,,,,,,,
2026-08-05,sepa,HiperChangomas,ricotta,7790742102805,RICOTTA GARCIA BAJA EN SODIO X 500 G,4759.0,,,,,,,
2026-08-05,sepa,HiperChangomas,ricotta,7790742114204,GARCIA RICOTA SEMIGR,4759.0,,,,,,,
2026-08-05,sepa,HiperChangomas,leche-protein,7790742358608,LS PROTEIN BOTELLA1L,2999.0,,,,,,,
2026-08-05,sepa,HiperChangomas,queso-crema-light,7790742373304,FINLAND RED GRAS290G,5479.0,,,,,,,
2026-08-05,sepa,HiperChangomas,yogur-natural-sin-azucar,7790787960934,ILOLAY YOG NAT 350GR,3549.0,,,,,,,
2026-08-05,sepa,HiperChangomas,gaseosa-cola-zero,7790895067570,COCA COLA SA 2 25L,5279.0,,,,,,,
2026-08-05,sepa,HiperChangomas,gaseosa-cola-zero,7790895067587,CCZ 354CC,2359.0,,,,,,,
2026-08-05,sepa,HiperChangomas,detergente,7790990003022,MAGISTRAL LIMON,2999.0,,,,,,,
2026-08-05,sepa,HiperChangomas,detergente,7790990003039,MAGISTRAL LIMON,4849.0,,,,,,,
2026-08-05,sepa,HiperChangomas,detergente,7790990003046,MAGISTRAL LIMON,7259.0,,,,,,,
2026-08-05,sepa,HiperChangomas,detergente,7790990003121,MAGISTRAL MARINA,2999.0,,,,,,,
2026-08-05,sepa,HiperChangomas,detergente,7790990003138,MAGISTRAL MARINA,4849.0,,,,,,,
2026-08-05,sepa,HiperChangomas,detergente,7790990003145,MAGISTRAL MARINA,7259.0,,,,,,,
2026-08-05,sepa,HiperChangomas,detergente,7790990003381,MAGISTRAL PLATINUM,5969.0,,,,,,,
2026-08-05,sepa,HiperChangomas,detergente,7790990003404,MAGISTRAL LIMON,3349.0,,,,,,,
2026-08-05,sepa,HiperChangomas,detergente,7790990003411,MAGISTRAL LIMON,4849.0,,,,,,,
2026-08-05,sepa,HiperChangomas,detergente,7790990003787,MAGISTRAL LIMON,4149.0,,,,,,,
2026-08-05,sepa,HiperChangomas,detergente,7791290794054,CIF LAVAVAJILL LIMON,2609.0,,,,,,,
2026-08-05,sepa,HiperChangomas,detergente,7791290794061,CIF LAVAVAJILL LIMON,4219.0,,,,,,,
2026-08-05,sepa,HiperChangomas,detergente,7791290794108,CIF LAVAVAJILL LIMA,2609.0,,,,,,,
2026-08-05,sepa,HiperChangomas,detergente,7791290794115,CIF LAVAVAJILL LIMA,4219.0,,,,,,,
2026-08-05,sepa,HiperChangomas,detergente,7791290796706,CIF ACTIVE GEL,5269.0,,,,,,,
2026-08-05,sepa,HiperChangomas,detergente,7791290796713,CIF ACTIVE GEL,7909.0,,,,,,,
2026-08-05,sepa,HiperChangomas,detergente,7791290796720,CIF ACTIVE GEL,4119.0,,,,,,,
2026-08-05,sepa,HiperChangomas,detergente,7791290796737,CIF ACTIVE GEL,5269.0,,,,,,,
2026-08-05,sepa,HiperChangomas,detergente,7791290796744,CIF ACTIVE GEL,7909.0,,,,,,,
2026-08-05,sepa,HiperChangomas,detergente,7791290796751,CIF ACTIVE GEL,4119.0,,,,,,,
2026-08-05,sepa,HiperChangomas,yogur-natural-sin-azucar,7791337007208,SER NATU CON AZU300G,4915.0,,,,,,,
2026-08-05,sepa,HiperChangomas,queso-crema-light,7791337009851,LSC QSO CREMA LIGHT,6045.0,,,,,,,
2026-08-05,sepa,HiperChangomas,yogur-natural-sin-azucar,7791337010932,YYS FIRM ENT NAT180G,2829.0,,,,,,,
2026-08-05,sepa,HiperChangomas,rollo-cocina,7791828900025,FELPIT DISNEY RC3X40,2369.0,,,,,,,
2026-08-05,sepa,HiperChangomas,papel-higienico-doble-hoja,7791828900049,FELP PH DH 4X30 MT,4269.0,,,,,,,
2026-08-05,sepa,HiperChangomas,rollo-cocina,7791828900377,FELPITA 200 PANOS,3069.0,,,,,,,
2026-08-05,sepa,HiperChangomas,papel-higienico-doble-hoja,7791828900520,FELPITA PH12x30DH,12719.0,,,,,,,
2026-08-05,sepa,HiperChangomas,rollo-cocina,7791828900537,FELPITA RC 3X60 CON,2539.0,,,,,,,
2026-08-05,sepa,HiperChangomas,rollo-cocina,7791828900599,FELPITA RC 150 MAXI,2949.0,,,,,,,
2026-08-05,sepa,HiperChangomas,lavandina,7791905000020,QUERUBIN CONCENTRADA,1559.0,,,,,,,
2026-08-05,sepa,HiperChangomas,lavandina,7791905000037,QUERUBIN CONCENTRADA,2999.0,,,,,,,
2026-08-05,sepa,HiperChangomas,lavandina,7791905000372,QUERUBIN CONCENTRADA,5789.0,,,,,,,
2026-08-05,sepa,HiperChangomas,lavandina,7791905023203,ODEX LAVANDINA COMUN,1259.0,,,,,,,
2026-08-05,sepa,HiperChangomas,lavandina,7793253003715,AYUDIN TRIPLE PODER,1819.0,,,,,,,
2026-08-05,sepa,HiperChangomas,lavandina,7793253003722,AYUDIN TRIPLE PODER,3469.0,,,,,,,
2026-08-05,sepa,HiperChangomas,lavandina,7793253003739,AYUDIN TRIPLE PODER,6919.0,,,,,,,
2026-08-05,sepa,HiperChangomas,lavandina,7793253003746,AYUDIN TRIPLE PODER,1819.0,,,,,,,
2026-08-05,sepa,HiperChangomas,lavandina,7793253003753,AYUDIN TRIPLE PODER,3469.0,,,,,,,
2026-08-05,sepa,HiperChangomas,lavandina,7793253003760,AYUDIN TRIPLE PODER,6919.0,,,,,,,
2026-08-05,sepa,HiperChangomas,lavandina,7793253003777,AYUDIN ANTI SPLASH T,2139.0,,,,,,,
2026-08-05,sepa,HiperChangomas,lavandina,7793253003784,AYUDIN ANTI SPLASH T,4149.0,,,,,,,
2026-08-05,sepa,HiperChangomas,lavandina,7793253003791,AYUDIN LAVAN ORIGINA,3419.0,,,,,,,
2026-08-05,sepa,HiperChangomas,lavandina,7793253003807,AYUDIN LAVANDINA GEL,3419.0,,,,,,,
2026-08-05,sepa,HiperChangomas,lavandina,7793253003814,AYUDIN LAVANDINA GEL,3419.0,,,,,,,
2026-08-05,sepa,HiperChangomas,lavandina,7793253003821,AYUDIN LAVANDINA EN,3419.0,,,,,,,
2026-08-05,sepa,HiperChangomas,lavandina,7793253003838,AYUDIN LAVANDINA EN,3419.0,,,,,,,
2026-08-05,sepa,HiperChangomas,lavandina,7793253003869,AYUDIN LAVAN ORIGINA,7179.0,,,,,,,
2026-08-05,sepa,HiperChangomas,lavandina,7793253003876,AYUDIN LAVANDINA GEL,7179.0,,,,,,,
2026-08-05,sepa,HiperChangomas,lavandina,7793253005856,AYUDIN LAVAN ORIGINA,2899.0,,,,,,,
2026-08-05,sepa,HiperChangomas,lavandina,7793253005863,AYUDIN LAVANDINA GEL,2869.0,,,,,,,
2026-08-05,sepa,HiperChangomas,lavandina,7793253006709,AYUDIN LAVAN ORIGINA,2809.0,,,,,,,
2026-08-05,sepa,HiperChangomas,lavandina,7793253006716,AYUDIN LAVAN ORIGINA,5619.0,,,,,,,
2026-08-05,sepa,HiperChangomas,lavandina,7793253007263,AYUDIN ANTI SPLASH E,7949.0,,,,,,,
2026-08-05,sepa,HiperChangomas,rollo-cocina,7793344009206,ELEGANTE RC 200 P,2829.0,,,,,,,
2026-08-05,sepa,HiperChangomas,rollo-cocina,7793344009305,ELEGANTE RC 3X100P,5109.0,,,,,,,
2026-08-05,sepa,HiperChangomas,rollo-cocina,7793344904013,ELEGANTE RC 3X50,2839.0,,,,,,,
2026-08-05,sepa,HiperChangomas,yogur-natural-sin-azucar,7793913002423,TREG ENT BAT NAT140G,2019.0,,,,,,,
2026-08-05,sepa,HiperChangomas,queso-crema-light,7793913013214,TREG QSO CREMA LIGHT,3059.0,,,,,,,
2026-08-05,sepa,HiperChangomas,queso-crema-light,7793913013412,TREGA QSO CREMA DESC,4019.0,,,,,,,
2026-08-05,sepa,HiperChangomas,queso-crema-light,7793913013641,CHATEL QSO DESCR180G,2969.0,,,,,,,
2026-08-05,sepa,HiperChangomas,ricotta,7793913013665,TREG RICOT ENTER290G,3639.0,,,,,,,
2026-08-05,sepa,HiperChangomas,ricotta,7793913013672,TREG RICOT LIGHT290G,3639.0,,,,,,,
2026-08-05,sepa,HiperChangomas,queso-crema-light,7794820015018,MILKAU QSO LIGHT190G,3519.0,,,,,,,
2026-08-05,sepa,HiperChangomas,queso-crema-light,7794820903094,CREMATTO BALANCE285G,5079.0,,,,,,,
2026-08-05,sepa,HiperChangomas,yogur-natural-sin-azucar,7794820903612,MILKAUT YOG NAT 300G,3879.0,,,,,,,
2026-08-05,sepa,HiperChangomas,yogur-natural-sin-azucar,7794820903711,MILK YOG NAT BALANCE,3719.0,,,,,,,
2026-08-05,sepa,HiperChangomas,queso-crema-light,7794990879663,LP QSO CREMA LIG290G,3429.0,,,,,,,
2026-08-05,sepa,HiperChangomas,queso-crema-light,7798060854352,PATAGON QSO REDU180G,2979.0,,,,,,,
2026-08-05,sepa,HiperChangomas,lavandina,7798131250380,HEROE LAVANDINA,1069.0,,,,,,,
2026-08-05,sepa,HiperChangomas,lavandina,7798131250397,HEROE LAVANDINA,2089.0,,,,,,,
2026-08-05,sepa,HiperChangomas,yogur-natural-sin-azucar,7798136870545,DAHI FIR NAT SIN AZU,2619.0,,,,,,,
2026-08-05,sepa,HiperChangomas,yogur-natural-sin-azucar,7798136870743,DAHI PROBIO NAT 190G,3159.0,,,,,,,
2026-08-05,sepa,HiperChangomas,yogur-natural-sin-azucar,7798136870859,DAHI GRIEGO NATU190G,3159.0,,,,,,,
2026-08-05,sepa,HiperChangomas,ricotta,7798179070018,SILVIA RICOTTA 500GR,3159.0,,,,,,,
2026-08-05,sepa,HiperChangomas,cafe-instantaneo,7798196990016,SEGA CAF INS PR 100G,18959.0,,,,,,,
2026-08-05,sepa,HiperChangomas,cafe-instantaneo,7798196990047,SEGA LIOFIL FRASCO,20479.0,,,,,,,
2026-08-05,sepa,HiperChangomas,queso-crema-light,7798312320567,CLARA QSO BLANCO LIG,2999.0,,,,,,,
2026-08-05,sepa,HiperChangomas,leche-protein,7798338291803,L3N LECHE VIDA ACT,2759.0,,,,,,,
2026-08-05,sepa,HiperChangomas,cafe-instantaneo,7891000426937,NESCAFE ICE 100G,10389.0,,,,,,,
2026-08-05,sepa,HiperChangomas,capsulas-nespresso-starbucks,8445290154125,SBUX SMTH CARA SRP,17059.0,,,,,,,
2026-08-05,sepa,HiperChangomas,capsulas-nespresso-starbucks,8445290814425,SBUX BLND ESPRS DECA,17059.0,,,,,,,
2026-08-05,sepa,HiperChangomas,cafe-instantaneo,8445291311510,NESCAFE TRAD DP 100G,9109.0,,,,,,,
2026-08-05,sepa,HiperChangomas,cafe-instantaneo,8445291738775,NESCAFE GOLD 95GR,21089.0,,,,,,,
2026-08-05,sepa,HiperChangomas,capsulas-nespresso-starbucks,8445291786721,SBUX CHOC HAZEL 51GR,17059.0,,,,,,,
2026-08-05,sepa,Hipermercado Carrefour,desodorante-barra-hombre,33200197447,ANTITRANS ULTRAMAX SPORT ARM HAMMER STICK X73GRS,14219.0,,,,,,,
2026-08-05,sepa,Hipermercado Carrefour,desodorante-barra-hombre,7500435213882,ANTITRANSP BARRA COCONUT SECRET X 45 GRM,12800.0,,,,,,,
2026-08-05,sepa,Hipermercado Carrefour,desodorante-barra-hombre,7501001163983,ANTITRANSPIRANTE BARRA FRESH OLD SPICE X 50 GRS,9949.0,,,,,,,
2026-08-05,sepa,Hipermercado Carrefour,desodorante-barra-hombre,75083694,DESODORANTE STICK BLUE LAVENDER AXE X 58 GRM,8709.0,,,,,,,
2026-08-05,sepa,Hipermercado Carrefour,desodorante-barra-hombre,75083700,DESODORANTE STICK AQUA CITRUS AXE X 58 GRM,8709.0,,,,,,,
2026-08-05,sepa,Hipermercado Carrefour,cafe-instantaneo,7613035379213,CAFE DESCAFEINADO INSTANTANEO NESCAFE X 100 GRS,16535.0,,,,,,,
2026-08-05,sepa,Hipermercado Carrefour,cafe-instantaneo,7613036312752,CAFE INSTANTANEO EXPRESSO GOLD NESCAFE X 100 GRS,24475.0,,,,,,,
2026-08-05,sepa,Hipermercado Carrefour,capsulas-nespresso-starbucks,7613036961004,CAPSULAS CAFE BLOND ESPRESSO STARBUCKS X 10 UNI,17765.0,,,,,,,
2026-08-05,sepa,Hipermercado Carrefour,capsulas-nespresso-starbucks,7613036961448,CAPSULA CAFE NESPRESSO STARBUCKS COLOMBIA X 57 GRS,18895.0,,,,,,,
2026-08-05,sepa,Hipermercado Carrefour,suprema-pollo,7790070036063,SUPREMAS DE POLLO GRANJA DEL SOL BOLSA X 360 GRS,10665.0,,,,,,,
2026-08-05,sepa,Hipermercado Carrefour,vinagre-alcohol,7790130000034,VINAGRE DE ALCOHOL MENOYO PET X 500 CC,1379.0,,,,,,,
2026-08-05,sepa,Hipermercado Carrefour,vinagre-alcohol,7790130000058,VINAGRE DE ALCOHOL MENOYO PET X 1 LT,1750.0,,,,,,,
2026-08-05,sepa,Hipermercado Carrefour,vinagre-alcohol,7790130000102,VINAGRE DE ALCOHOL MENOYO BIDON X 5 LT,9830.0,,,,,,,
2026-08-05,sepa,Hipermercado Carrefour,vinagre-alcohol,7790130000263,VINAGRE DE ALCOHOL ALCAZAR PET 500 CC,1119.0,,,,,,,
2026-08-05,sepa,Hipermercado Carrefour,vinagre-alcohol,7790130000294,VINAGRE DE ALCOHOL ALCAZAR PET X 1 LT,1319.0,,,,,,,
2026-08-05,sepa,Hipermercado Carrefour,vinagre-alcohol,7790130000645,VINAGRE DE ALCOHOL MENOYO PET X 250 CC,1090.0,,,,,,,
2026-08-05,sepa,Hipermercado Carrefour,lavandina,7790132098459,LAVANDINA ORIGINAL AYUDIN X 1 LT,1279.0,,,,,,,
2026-08-05,sepa,Hipermercado Carrefour,vinagre-alcohol,7790139003166,VINAGRE DE ALCOHOL CLASICO CASALTA PET X500 CC,1205.0,,,,,,,
2026-08-05,sepa,Hipermercado Carrefour,vinagre-alcohol,7790139101138,VINAGRE DE ALCOHOL FAVINCO PET X 1 LT,1589.0,,,,,,,
2026-08-05,sepa,Hipermercado Carrefour,vinagre-alcohol,7790139101145,VINAGRE DE ALCOHOL SIN TACC FAVINCO X 500 CC,1159.0,,,,,,,
2026-08-05,sepa,Hipermercado Carrefour,cafe-instantaneo,7790150100462,INSTANTANEO CLASICO ESP INST LA VIRGINIA DP 170GR,8039.0,,,,,,,
2026-08-05,sepa,Hipermercado Carrefour,cafe-instantaneo,7790150100486,CAFE INSTANTANEO ESP INST CLAS LA VIRGINIA X 170GR,7739.0,,,,,,,
2026-08-05,sepa,Hipermercado Carrefour,cafe-instantaneo,7790150100783,CAFE INSTANTANEO ESP INST CLAS LA VIRGINIA X 100GR,5859.0,,,,,,,
2026-08-05,sepa,Hipermercado Carrefour,cafe-instantaneo,7790150100806,CAFE INSTANTANEO CLASICO LA VIRGINA DP X 100 GRS,5150.0,,,,,,,
2026-08-05,sepa,Hipermercado Carrefour,cafe-instantaneo,7790150101476,CAFE INSTANTANEO SUAVE LA VIRGINA DOYPACK X 170GRS,8050.0,,,,,,,
2026-08-05,sepa,Hipermercado Carrefour,cafe-instantaneo,7790150101490,CAFE INSTANTANEO SUAVE LA VIRGINIA FRASCO X 170 GR,9215.0,,,,,,,
2026-08-05,sepa,Hipermercado Carrefour,cafe-instantaneo,7790150101773,CAFE INSTANTANEO SUAVE LA VIRGINIA FRASCO X 100GRS,5859.0,,,,,,,
2026-08-05,sepa,Hipermercado Carrefour,cafe-instantaneo,7790150101780,CAFE INSTANTANEO SUAVE LA VIRGINA DP X 100 GRS,5139.0,,,,,,,
2026-08-05,sepa,Hipermercado Carrefour,cafe-instantaneo,7790150150573,CAFE INSTANTANEO TOSTADO LA VIRGINIA FRASCO 100GR,8259.0,,,,,,,
2026-08-05,sepa,Hipermercado Carrefour,cafe-instantaneo,7790170904798,CAFE INSTANTANEO LA MORENITA FRASCO X 100 GRS,6350.0,,,,,,,
2026-08-05,sepa,Hipermercado Carrefour,queso-crema-light,7790244941605,QUESO CREMA LIGTH SAN IGNACIO POTE X 290 GR,3769.0,,,,,,,
2026-08-05,sepa,Hipermercado Carrefour,queso-crema-light,7790244941612,QUESO CREMA LIGHT SAN IGNACIO POTE X480 GRS,5669.0,,,,,,,
2026-08-05,sepa,Hipermercado Carrefour,papel-higienico-doble-hoja,7790250015536,PAPEL HIGIENICO D HOJA PLUS HIGIENOL 4 X 30 MTS,3435.0,,,,,,,
2026-08-05,sepa,Hipermercado Carrefour,papel-higienico-doble-hoja,7790250015567,PAPEL HIGIENICO DOBLE HOJA PLUS HIGIENOL 4 X 20 MT,3149.0,,,,,,,
2026-08-05,sepa,Hipermercado Carrefour,papel-higienico-doble-hoja,7790250019411,PAPEL HIGIENICO DH PLUS HIGIENOL 30M X 18,15510.0,,,,,,,
2026-08-05,sepa,Hipermercado Carrefour,papel-higienico-doble-hoja,7790250026075,PAPEL HIGIENICO D H ULTRA SUAVE ELITE 4 X 30 MTS,5180.0,,,,,,,
2026-08-05,sepa,Hipermercado Carrefour,papel-higienico-doble-hoja,7790250026082,PAPEL HIGIENICO ULTRA SOFT D HOJA ELITE 4 X 50 MTS,10349.0,,,,,,,
2026-08-05,sepa,Hipermercado Carrefour,rollo-cocina,7790250056881,ROLLO DE COCINA CLASICO SUSSEX 3 X 50 PAN,2920.0,2929.0,,,,,Promo A valida desde el 04/08/2026 hasta 10/08/2026,
2026-08-05,sepa,Hipermercado Carrefour,rollo-cocina,7790250056898,ROLLO DE COCINA ULTRA SUSSEX 60P X 3 UNI,4980.0,,,,,,,
2026-08-05,sepa,Hipermercado Carrefour,rollo-cocina,7790250056980,ROLLO DE COCINA MAXI SUSSEX 3 X 100 PAN,7489.0,,,,,,,
2026-08-05,sepa,Hipermercado Carrefour,rollo-cocina,7790250057086,ROLLO COCINA CLASICO MEGA SUSSEX X 200 PANOS,3350.0,,,,,,,
2026-08-05,sepa,Hipermercado Carrefour,papel-higienico-doble-hoja,7790250092452,PAPEL HIGIENICO DOBLE HOJA NOBLE 4 X 30 M,3669.0,,,,,,,
2026-08-05,sepa,Hipermercado Carrefour,papel-higienico-doble-hoja,7790250913368,PAPEL HIGIENICO DH CON YAPA HIGIENOL 50M X 4 UNI,9359.0,,,,,,,
2026-08-05,sepa,Hipermercado Carrefour,yerba-mananita,7790387015317,YERBA MATE BAJO POLVO MANANITA 4FLEX X 1 KG,4749.0,,,,,,,
2026-08-05,sepa,Hipermercado Carrefour,yerba-mananita,7790387015324,YERBA MATE BAJO POLVO MANANITA 4FLEX X 500 GRS,2379.0,,,,,,,
2026-08-05,sepa,Hipermercado Carrefour,cafe-instantaneo,7790550029431,CAFE INSTANTANEO CLASICO LA PLANTA FRASCO X 170 GR,13709.0,,,,,,,
2026-08-05,sepa,Hipermercado Carrefour,atun-lomitos-natural,7790580131364,ATUN AL NATURAL LOMITOS LA CAMPAGNOLA X 170 GRS,5745.0,,,,,,,
2026-08-05,sepa,Hipermercado Carrefour,vinagre-alcohol,7790673000188,VINAGRE DE ALCOHOL FAVINCO BIDON X 5 LT,8129.0,,,,,,,
2026-08-05,sepa,Hipermercado Carrefour,ricotta,7790742102805,RICOTTA ENTERA B SODIO GARCIA SACHET X 500 GRS,4699.0,,,,,,,
2026-08-05,sepa,Hipermercado Carrefour,ricotta,7790742114204,RICOTTA SEMIGRASA BAJO SODIO GARCIA X 500 GRS,4755.0,,,,,,,
2026-08-05,sepa,Hipermercado Carrefour,leche-protein,7790742358608,LECHE UAT DESC S LACT PROTEIN LA SERENISIMA BOTX1L,2999.0,,,,,,,
2026-08-05,sepa,Hipermercado Carrefour,queso-crema-light,7790742373304,QUESO FUNDIDO FINLANDIA LIGHT POTE 290 GRS,5479.0,,,,,,,
2026-08-05,sepa,Hipermercado Carrefour,yogur-natural-sin-azucar,7790787960934,YOGUR CREMOSO SAB NATURAL ILOLAY POTE X 350 G,3699.0,,,,,,,
2026-08-05,sepa,Hipermercado Carrefour,gaseosa-cola-zero,7790895067532,GASEOSA COLA ZERO COCA COLA PET X 500 CC,2450.0,,,,,,,
2026-08-05,sepa,Hipermercado Carrefour,gaseosa-cola-zero,7790895067556,GASEOSA COLA SIN AZUCAR COCA COLA PET X 1.5LT,3979.0,,,,,,,
2026-08-05,sepa,Hipermercado Carrefour,gaseosa-cola-zero,7790895067570,GASEOSA COLA ZERO COCA COLA PET X 2.25 LT,5300.0,,,,,,,
2026-08-05,sepa,Hipermercado Carrefour,gaseosa-cola-zero,7790895067587,GASEOSA COLA SIN AZUCAR COCA COLA LATA X 354 CC,2359.0,,,,,,,
2026-08-05,sepa,Hipermercado Carrefour,gaseosa-cola-zero,7790895640438,GASEOSA COLA SIN AZUCAR COCA COLA PET X 3 LT,6650.0,,,,,,,
2026-08-05,sepa,Hipermercado Carrefour,detergente,7790990003022,DETERGENTE ULTRA LIMON MAGISTRAL BOT X 300 CC,2459.0,,,,,,,
2026-08-05,sepa,Hipermercado Carrefour,detergente,7790990003039,DETERGENTE ULTRA LIMON MAGISTRAL BOT X 500 CC,4389.0,,,,,,,
2026-08-05,sepa,Hipermercado Carrefour,detergente,7790990003046,DETERGENTE ULTRA LIMON MAGISTRAL BOT X 750 CC,6035.0,,,,,,,
2026-08-05,sepa,Hipermercado Carrefour,detergente,7790990003053,DETERGENTE ULTRA LIMON MAGISTRAL BOT 1400ML,13990.0,,,,,,,
2026-08-05,sepa,Hipermercado Carrefour,detergente,7790990003121,DETERGENTE ULTRA MARINA MAGISTRAL BOT X 300 CC,2459.0,,,,,,,
2026-08-05,sepa,Hipermercado Carrefour,detergente,7790990003138,DETERGENTE ULTRA MARINA MAGISTRAL BOT X 500 CC,4559.0,,,,,,,
2026-08-05,sepa,Hipermercado Carrefour,detergente,7790990003145,DETERGENTE ULTRA MARINA MAGISTRAL BOT X 750 CC,6035.0,,,,,,,
2026-08-05,sepa,Hipermercado Carrefour,detergente,7790990003381,DETERGENTE LIMON MAGISTRAL PLATINUM X 500 CC,6159.0,,,,,,,
2026-08-05,sepa,Hipermercado Carrefour,detergente,7790990003404,DETERGENTE CREMOSO ULTRA LIMON BOT X 300 CC,3450.0,,,,,,,
2026-08-05,sepa,Hipermercado Carrefour,detergente,7790990003411,DETERGENTE CREM ULTRA LIMON MAGISTRAL BOT X 500CC,4559.0,,,,,,,
2026-08-05,sepa,Hipermercado Carrefour,detergente,7790990003787,DETERGENTE ULTRA LIMON MAGISTRAL DP X 450 CC,4039.0,,,,,,,
2026-08-05,sepa,Hipermercado Carrefour,rollo-cocina,7791070005806,ROLLO DE COCINA CELESTIAL 3 X 50 PANOS,3189.0,,,,,,,
2026-08-05,sepa,Hipermercado Carrefour,lavandina,7791290793804,LIMPIADOR EN GEL C LAVANDINA CIF X 513G,3669.0,,,,,,,
2026-08-05,sepa,Hipermercado Carrefour,detergente,7791290794054,DETERGENTE BIOACTIVE LIMON CIF X 300 CC,2329.0,,,,,,,
2026-08-05,sepa,Hipermercado Carrefour,detergente,7791290794061,DETERGENTE BIOACTIVE LIMON CIF X 500 CC,3729.0,,,,,,,
2026-08-05,sepa,Hipermercado Carrefour,detergente,7791290794078,DETERGENTE BIOACTIVE LIMON CIF X 750 CC,6590.0,,,,,,,
2026-08-05,sepa,Hipermercado Carrefour,detergente,7791290794085,DETERGENTE BIOACTIVE LIMON CIF REPUESTO X 450 CC,2855.0,,,,,,,
2026-08-05,sepa,Hipermercado Carrefour,detergente,7791290794092,DETERGENTE BIOACTIVE LIMA CIF RESPUESTO X 450 CC,2855.0,,,,,,,
2026-08-05,sepa,Hipermercado Carrefour,detergente,7791290794108,DETERGENTE BIOACTIVE LIMA CIF X 300 CC,2329.0,,,,,,,
2026-08-05,sepa,Hipermercado Carrefour,detergente,7791290794115,DETERGENTE BIOACTIVE LIMA CIF X 500 CC,3729.0,,,,,,,
2026-08-05,sepa,Hipermercado Carrefour,lavandina,7791290794955,LAVANDINA EN GEL ORIGINAL VIM X 700 CC,3500.0,,,,,,,
2026-08-05,sepa,Hipermercado Carrefour,detergente,7791290796706,DETERGENTE ACTIVE GEL ORIG CIF BOT X 500 CC,4850.0,,,,,,,
2026-08-05,sepa,Hipermercado Carrefour,detergente,7791290796720,DETERGENTE ACTIVE GEL ORIG CIF DP X 400 CC,4289.0,,,,,,,
2026-08-05,sepa,Hipermercado Carrefour,detergente,7791290796737,DETERGENTE ACTIVE GEL LIMON CIF BOT X 500 CC,4850.0,,,,,,,
2026-08-05,sepa,Hipermercado Carrefour,detergente,7791290796751,DETERGENTE ACTIVE GEL LIMON CIF DP X 400 CC,4289.0,,,,,,,
2026-08-05,sepa,Hipermercado Carrefour,yogur-natural-sin-azucar,7791337007208,YOGUR NATURAL S LACTOSA SER POTE X 300 GR,4915.0,,,,,,,
2026-08-05,sepa,Hipermercado Carrefour,queso-crema-light,7791337009851,QUESO CREMA LIGHT LA SERENISIMA POTE X 460 GRS,6045.0,,,,,,,
2026-08-05,sepa,Hipermercado Carrefour,yogur-natural-sin-azucar,7791337010932,YOGUR GRIEGO FIR NATURAL YOGURISIMO POTE X 180 GR,2950.0,,,,,,,
2026-08-05,sepa,Hipermercado Carrefour,rollo-cocina,7791720002605,ROLLO DE COCINA CARREFOUR ESSENTIAL 3 X 40 PANOS,2350.0,,,,,,,
2026-08-05,sepa,Hipermercado Carrefour,rollo-cocina,7791720025543,ROLLO DE COCINA MAXI BLANCO CARREFOUR X 200 PANOS,2490.0,2850.0,,,,,Promo A valida desde el 04/08/2026 hasta 10/08/2026,
2026-08-05,sepa,Hipermercado Carrefour,queso-crema-light,7791720028506,QUESO CREMA LIGHT CARREFOUR CLASSIC X 290 GRS,3190.0,,,,,,,
2026-08-05,sepa,Hipermercado Carrefour,papel-higienico-doble-hoja,7791720032930,PAPEL HIGIENICO DH CARREFOUR ESSENTIAL 4X30 MTS,2990.0,3450.0,,,,,Promo A valida desde el 04/08/2026 hasta 10/08/2026,
2026-08-05,sepa,Hipermercado Carrefour,cafe-instantaneo,7791720035481,CAFE INSTANTANEO SUAVE CRF CLASSIC FRASCO X 170 GR,10650.0,,,,,,,
2026-08-05,sepa,Hipermercado Carrefour,vinagre-alcohol,7791720035955,VINAGRE DE ALCOHOL BULNEZ 1 LT,1190.0,,,,,,,
2026-08-05,sepa,Hipermercado Carrefour,vinagre-alcohol,7791720035962,VINAGRE DE ALCOHOL BULNEZ BIDON 5000 CC,5790.0,,,,,,,
2026-08-05,sepa,Hipermercado Carrefour,rollo-cocina,7791720045541,ROLLOS DE COCINA CARREFOUR ESSENTIAL 3 X 100 PANOS,4650.0,,,,,,,
2026-08-05,sepa,Hipermercado Carrefour,papel-higienico-doble-hoja,7791720045558,PAPEL HIG DOBLE HOJA CARREFOUR ESSENTIAL 4 X50MTS,5550.0,,,,,,,
2026-08-05,sepa,Hipermercado Carrefour,ricotta,7791720046951,RICOTTA ENTERA BULNEZ X 500 GRM,3490.0,,,,,,,
2026-08-05,sepa,Hipermercado Carrefour,rollo-cocina,7791720047446,ROLLO DE COCINA DOBLE HOJA BULNEZ X 200 PANOS,2350.0,,,,,,,
2026-08-05,sepa,Hipermercado Carrefour,yogur-natural-sin-azucar,7791720048122,YOGUR NATURAL CARREFOUR EXTRA FRASCO X 200 GR,2750.0,,,,,,,
2026-08-05,sepa,Hipermercado Carrefour,yogur-natural-sin-azucar,7791720048139,YOGUR NATURAL CARREFOUR CLASSIC POTE 300 X GR,3090.0,,,,,,,
2026-08-05,sepa,Hipermercado Carrefour,gaseosa-cola-zero,7791813828365,GASEOSA COLA BLACK PEPSI N PET X 500 CC.,2200.0,,,,,,,
2026-08-05,sepa,Hipermercado Carrefour,gaseosa-cola-zero,7791813828419,GASEOSA COLA BLACK PEPSI NF PET X 1.5 LT,3950.0,,,,,,,
2026-08-05,sepa,Hipermercado Carrefour,gaseosa-cola-zero,7791813828464,GASEOSA COLA BLACK PEPSI N PET X 2 LT,4400.0,,,,,,,
2026-08-05,sepa,Hipermercado Carrefour,rollo-cocina,7791828000121,ROLLO COCINA PARA CADA DIA FELPITA 3 X 40 PANOS,2499.0,,,,,,,
2026-08-05,sepa,Hipermercado Carrefour,rollo-cocina,7791828900025,ROLLO DE COCINA DISNEY FELPITA 3 X 40 PANOS,3265.0,,,,,,,
2026-08-05,sepa,Hipermercado Carrefour,papel-higienico-doble-hoja,7791828900049,PAPEL HIGIENICO INFINITY FELPITA 4X30 MTS,4409.0,,,,,,,
2026-08-05,sepa,Hipermercado Carrefour,rollo-cocina,7791828900056,ROLLO DE COCINA BLANCO INFINITY FELPITA 3X100 MTS,5109.0,,,,,,,
2026-08-05,sepa,Hipermercado Carrefour,papel-higienico-doble-hoja,7791828900186,PAPEL HIGIENICO DH FELPITA PREMIUM 4X20 MTS,2940.0,,,,,,,
2026-08-05,sepa,Hipermercado Carrefour,papel-higienico-doble-hoja,7791828900278,PAPEL HIGIENICO D HOJA SUPER SUAVE FELPITA 6X30MTS,6405.0,,,,,,,
2026-08-05,sepa,Hipermercado Carrefour,papel-higienico-doble-hoja,7791828900285,PAPEL HIGIENICO DH INFINITY FELPITA 4 X 50 M,6860.0,,,,,,,
2026-08-05,sepa,Hipermercado Carrefour,rollo-cocina,7791828900377,ROLLO DE COCINA MAXIROLLO FELPITA X 200 PANOS,3069.0,,,,,,,
2026-08-05,sepa,Hipermercado Carrefour,papel-higienico-doble-hoja,7791828900520,PAPEL HIGIENICO DH FELPITA 12 X 30 MTS,14009.0,,,,,,,
2026-08-05,sepa,Hipermercado Carrefour,rollo-cocina,7791828900537,ROLLO DE COCINA PANO BLANCO FELPITA 3 X 60 UNI,2649.0,,,,,,,
2026-08-05,sepa,Hipermercado Carrefour,rollo-cocina,7791828900599,ROLLO DE COCINA MAXIROLLO FELPITA X 150 PANOS,3069.0,,,,,,,
2026-08-05,sepa,Hipermercado Carrefour,rollo-cocina,7791828900605,ROLLO DE COCINA FAMILIAR MAXIROLLO FELPITA 4 X 200,11039.0,,,,,,,
2026-08-05,sepa,Hipermercado Carrefour,lavandina,7791905000020,LAVANDINA CONCENTRADA QUERUBIN X 1 LT,1609.0,,,,,,,
2026-08-05,sepa,Hipermercado Carrefour,lavandina,7791905003663,LAVANDINA ROPA BLANCA ADITIVADA QUERUBIN BOT X 1 L,2020.0,,,,,,,
2026-08-05,sepa,Hipermercado Carrefour,lavandina,7791905023203,LAVANDINA ORIGINAL ODEX X 1 LT,1295.0,,,,,,,
2026-08-05,sepa,Hipermercado Carrefour,lavandina,7791905023210,LAVANDINA ORIGINAL ODEX X 2 LT,2460.0,,,,,,,
2026-08-05,sepa,Hipermercado Carrefour,lavandina,7791905023227,LAVANDINA ORIGINAL ODEX X 4 LT,4809.0,,,,,,,
2026-08-05,sepa,Hipermercado Carrefour,lavandina,7791905024057,LAVANDINA ADITIVADA LAVANDA ODEX X 1 LT,1520.0,,,,,,,
2026-08-05,sepa,Hipermercado Carrefour,lavandina,7791905024064,LAVANDINA ADITIVADA LAVANDA ODEX X 2 LT,2810.0,,,,,,,
2026-08-05,sepa,Hipermercado Carrefour,lavandina,7791905024071,LAVANDINA ADITIVADA LAVANDA ODEX X 4 LT,4990.0,,,,,,,
2026-08-05,sepa,Hipermercado Carrefour,lavandina,7791905024095,LAVANDINA ADITIVADA BOSQUE ODEX X 2 LT,2810.0,,,,,,,
2026-08-05,sepa,Hipermercado Carrefour,lavandina,7791905024101,LAVANDINA ADITIVADA BOSQUE ODEX X 4 LT,4990.0,,,,,,,
2026-08-05,sepa,Hipermercado Carrefour,lavandina,7791905024248,LAVANDINA ADITIVADA EN GEL ORIGINAL ODEX X 700 CC,3000.0,,,,,,,
2026-08-05,sepa,Hipermercado Carrefour,lavandina,7793253003715,LAVANDINA MULTISUP LAVANDA TRIPLE PODER AYUDIN X1L,1839.0,,,,,,,
2026-08-05,sepa,Hipermercado Carrefour,lavandina,7793253003722,LAVANDINA MULTISUP LAVANDA TRIPLE PODER AYUDIN X2L,3465.0,,,,,,,
2026-08-05,sepa,Hipermercado Carrefour,lavandina,7793253003739,LAVANDINA MULTISUP LAVANDA TRIPLE PODER AYUDIN X4L,6895.0,,,,,,,
2026-08-05,sepa,Hipermercado Carrefour,lavandina,7793253003746,LAVANDINA MULTI PU GLACIAR TRIPLE PODER AYUDIN X1L,1839.0,,,,,,,
2026-08-05,sepa,Hipermercado Carrefour,lavandina,7793253003753,LAVANDINA MULTI PU GLACIAR TRIPLE PODER AYUDIN X2L,3465.0,,,,,,,
2026-08-05,sepa,Hipermercado Carrefour,lavandina,7793253003760,LAVANDINA MULTI PU GLACIAR TRIPLE PODER AYUDIN X4L,6895.0,,,,,,,
2026-08-05,sepa,Hipermercado Carrefour,lavandina,7793253003777,LAVANDINA ANTISPLASH TRADICIONAL AYUDIN X 1 LT,2150.0,,,,,,,
2026-08-05,sepa,Hipermercado Carrefour,lavandina,7793253003784,LAVANDINA ANTISPLASH TRADICIONAL AYUDIN X 2 LT,4185.0,,,,,,,
2026-08-05,sepa,Hipermercado Carrefour,lavandina,7793253003791,LAVANDINA EN GEL ORIGINAL AYUDIN BOTELLA X 700 CC,3519.0,,,,,,,
2026-08-05,sepa,Hipermercado Carrefour,lavandina,7793253003807,LAVANDINA EN GEL CITRUS AYUDIN BOTELLA X 700 CC,3519.0,,,,,,,
2026-08-05,sepa,Hipermercado Carrefour,lavandina,7793253003814,LAVANDINA EN GEL FLORAL AYUDIN BOTELLA X 700 CC,3519.0,,,,,,,
2026-08-05,sepa,Hipermercado Carrefour,lavandina,7793253003821,LAVANDINA EN GEL MENTA AYUDIN BOTELLA X 700 CC,3519.0,,,,,,,
2026-08-05,sepa,Hipermercado Carrefour,lavandina,7793253003838,LAVANDINA EN GEL LAVANDA AYUDIN X 700 CC,3519.0,,,,,,,
2026-08-05,sepa,Hipermercado Carrefour,lavandina,7793253003869,LAVANDINA EN GEL ORIGINAL AYUDIN BOTELLA X 1.5 LT,8200.0,,,,,,,
2026-08-05,sepa,Hipermercado Carrefour,lavandina,7793253003876,LAVANDINA EN GEL PUREZA CITRICA AYUDIN X 1.5 LT,8200.0,,,,,,,
2026-08-05,sepa,Hipermercado Carrefour,lavandina,7793253005856,LAVANDINA EN GEL ORIGINAL AYUDIN BOTELLA X 500 CC,2989.0,,,,,,,
2026-08-05,sepa,Hipermercado Carrefour,lavandina,7793253005863,LAVANDINA EN GEL CITRICA AYUDIN X 500 CC,2985.0,,,,,,,
2026-08-05,sepa,Hipermercado Carrefour,lavandina,7793253006709,LAVANDINA ORIGINAL DESINFECTANTE AYUDIN X 2 LT,2609.0,,,,,,,
2026-08-05,sepa,Hipermercado Carrefour,lavandina,7793253006716,LAVANDINA ORIGINAL DESINFECTANTE AYUDIN X 4 LT,5090.0,,,,,,,
2026-08-05,sepa,Hipermercado Carrefour,lavandina,7793253007263,LAVANDINA ANTISPLASH AYUDIN X 4 L,8280.0,,,,,,,
2026-08-05,sepa,Hipermercado Carrefour,papel-higienico-doble-hoja,7793344000517,PAPEL HIGIENICO D HOJA ELEGANTE 4 X 30 MT,3110.0,,,,,,,
2026-08-05,sepa,Hipermercado Carrefour,rollo-cocina,7793344009206,ROLLO DE COCINA GIGANTE ELEGANTE X 200 PANOS,2839.0,,,,,,,
2026-08-05,sepa,Hipermercado Carrefour,rollo-cocina,7793344009305,ROLLOS DE COCINA ELEGANTE GIRAMAS 3 X 100 PAN,5319.0,,,,,,,
2026-08-05,sepa,Hipermercado Carrefour,rollo-cocina,7793344904013,ROLLO DE COCINA ELEGANTE 3 X 50 PANOS,2839.0,,,,,,,
2026-08-05,sepa,Hipermercado Carrefour,rollo-cocina,7793344904853,ROLLO DE COCINA PREMIUM ELEGANTE 3 X 60 PAN,3429.0,,,,,,,
2026-08-05,sepa,Hipermercado Carrefour,yogur-natural-sin-azucar,7793913002423,YOGUR ENTERO NATURAL TREGAR POTE X 140 GRS.,2029.0,,,,,,,
2026-08-05,sepa,Hipermercado Carrefour,queso-crema-light,7793913013214,QUESO CREMA LIGHT TREGAR X 190 GRS,3190.0,,,,,,,
2026-08-05,sepa,Hipermercado Carrefour,queso-crema-light,7793913013641,QUESO NEUFCHATEL LIGHT TREGAR POTE X 180 GRS,3089.0,,,,,,,
2026-08-05,sepa,Hipermercado Carrefour,ricotta,7793913013665,RICOTTA ENTERA BAJO SODIO TREGAR POTE X 290 GRS,3790.0,,,,,,,
2026-08-05,sepa,Hipermercado Carrefour,ricotta,7793913013672,RICOTTA MAGRA BAJO SODIO TREGAR POTE X 290 GRS,3769.0,,,,,,,
2026-08-05,sepa,Hipermercado Carrefour,queso-crema-light,7794820015018,QUESO FUNDIDO LIGHT TRAD MILKAUT POTE X 190 GRS,3379.0,,,,,,,
2026-08-05,sepa,Hipermercado Carrefour,yogur-natural-sin-azucar,7794820903612,YOGUR ENT NATURAL CREMOSO MILKAUT POTE X 300 G,3879.0,,,,,,,
2026-08-05,sepa,Hipermercado Carrefour,yogur-natural-sin-azucar,7794820903711,YOGUR DESC NATURAL CREMOSO MILKAUT POTE X 300G,3879.0,,,,,,,
2026-08-05,sepa,Hipermercado Carrefour,queso-crema-light,7794990879663,QUESO CREMA LIGHT LA PAULINA POTE X 290 GRS,3245.0,,,,,,,
2026-08-05,sepa,Hipermercado Carrefour,vinagre-alcohol,7798033332610,VINAGRE DE ALCOHOL CARREFOUR PET X 500 CC,1190.0,,,,,,,
2026-08-05,sepa,Hipermercado Carrefour,vinagre-alcohol,7798033332641,VINAGRE DE ALCOHOL CARREFOUR PET X 1 LT,1550.0,,,,,,,
2026-08-05,sepa,Hipermercado Carrefour,atun-lomitos-natural,7798033333907,ATUN AL NATURAL LOMITOS CARREFOUR LATA X 170 GRS.,3490.0,,,,,,,
2026-08-05,sepa,Hipermercado Carrefour,atun-lomitos-natural,7798108349161,ATUN AL NATURAL LOMITOS CARREFOUR LATA X 354 GRS,6450.0,,,,,,,
2026-08-05,sepa,Hipermercado Carrefour,yogur-natural-sin-azucar,7798136870545,YOGUR FIRME NATURAL DAHI FRASCO X 190 GRS,2720.0,,,,,,,
2026-08-05,sepa,Hipermercado Carrefour,yogur-natural-sin-azucar,7798136870859,YOGUR NATURAL ESTILO GRIEGO DAHI FRASCO X 190 GRM,3289.0,,,,,,,
2026-08-05,sepa,Hipermercado Carrefour,rollo-cocina,7798141718221,ROLLO DE COCINA CARREFOUR 3 X 50 PANOS,2390.0,,,,,,,
2026-08-05,sepa,Hipermercado Carrefour,atun-lomitos-natural,7798152222151,ATUN AL NATURAL LOMITOS CARREFOUR 3 X 80 GRS,6150.0,,,,,,,
2026-08-05,sepa,Hipermercado Carrefour,papel-higienico-doble-hoja,7798159717520,PAPEL HIGIENICO D HOJA DECO CARREFOUR 4 X 50 MTS,6090.0,,,,,,,
2026-08-05,sepa,Hipermercado Carrefour,rollo-cocina,7798159717537,ROLLO DE COCINA DECORADO CARREFOUR 3 X 50 PANOS,2750.0,,,,,,,
2026-08-05,sepa,Hipermercado Carrefour,papel-higienico-doble-hoja,7798159718961,PAPEL HIGIENICO D HOJA CARREFOUR 4 X 30 MTS,2990.0,3450.0,,,,,Promo A valida desde el 04/08/2026 hasta 10/08/2026,
2026-08-05,sepa,Hipermercado Carrefour,ricotta,7798179070018,RICOTA G SILVIA X 500 GRS,3285.0,,,,,,,
2026-08-05,sepa,Hipermercado Carrefour,cafe-instantaneo,7798196990016,CAFE SOLUBLE SEGAFREDO FRASCO X 100 GRS,19500.0,,,,,,,
2026-08-05,sepa,Hipermercado Carrefour,cafe-instantaneo,7798196990047,CAFE INSTANTANEO LIOFILIZADO SEGAFREDO X 100 GRS,22100.0,,,,,,,
2026-08-05,sepa,Hipermercado Carrefour,queso-crema-light,7798312320567,QUESO UNTABLE LIGHT SANTA CLARA POTE X 300 GRS,3099.0,,,,,,,
2026-08-05,sepa,Hipermercado Carrefour,yogur-natural-sin-azucar,7798327950193,YOGUR NATURAL S AZUCAR SIN TACC BEAUDROIT 400 GR,4855.0,,,,,,,
2026-08-05,sepa,Hipermercado Carrefour,leche-protein,7798338291803,LECHE C PROTEINA VIDA ACTIVA LAS TRES NINAS X 1LT,2865.0,,,,,,,
2026-08-05,sepa,Hipermercado Carrefour,cafe-instantaneo,7891000426937,CAFE INSTANTANEO ICED COFFEE NESCAFE X 100 GRS,10210.0,,,,,,,
2026-08-05,sepa,Hipermercado Carrefour,capsulas-nespresso-starbucks,8445290154125,CAPSULA CAFE NESPRESSO STARBUCKS CARAMEL X 51 GRS,16599.0,,,,,,,
2026-08-05,sepa,Hipermercado Carrefour,capsulas-nespresso-starbucks,8445290814425,CAPSULA CAFE NESPRESSO STARBUCKS DECAF X 55 GRS,16599.0,,,,,,,
2026-08-05,sepa,Hipermercado Carrefour,cafe-instantaneo,8445291311510,CAFE INSTANTANEO TRADICION NESCAFE X 100 GRS,8750.0,,,,,,,
2026-08-05,sepa,Hipermercado Carrefour,cafe-instantaneo,8445291311558,CAFE INSTANTANEO SUAVE DOLCA DP X 100 GRS,6149.0,,,,,,,
2026-08-05,sepa,Hipermercado Carrefour,capsulas-nespresso-starbucks,8445291363656,CAPSULAS CAFE HOUSE BLEND STARBUCKS X 10 UNI,15995.0,,,,,,,
2026-08-05,sepa,Hipermercado Carrefour,capsulas-nespresso-starbucks,8445291367272,CAPSULAS CAFE ESPRESSO ROAST STARBUCKS X 10 UNI,16599.0,,,,,,,
2026-08-05,sepa,Hipermercado Carrefour,cafe-instantaneo,8445291738775,CAFE INSTANTANEO GOLD NESCAFE FRASCO X 95 GRS,21969.0,,,,,,,
2026-08-05,sepa,Hipermercado Carrefour,capsulas-nespresso-starbucks,8445291786721,CAPSULAS CAFE CHOCO HAZELNUT STARBUCKS X 10 UNI,15809.0,,,,,,,
2026-08-05,sepa,Market,desodorante-barra-hombre,7501001163983,ANTITRANSPIRANTE BARRA FRESH OLD SPICE X 50 GRS,9949.0,,,,,,,
2026-08-05,sepa,Market,desodorante-barra-hombre,75083694,DESODORANTE STICK BLUE LAVENDER AXE X 58 GRM,8709.0,,,,,,,
2026-08-05,sepa,Market,desodorante-barra-hombre,75083700,DESODORANTE STICK AQUA CITRUS AXE X 58 GRM,8709.0,,,,,,,
2026-08-05,sepa,Market,cafe-instantaneo,7613035379213,CAFE DESCAFEINADO INSTANTANEO NESCAFE X 100 GRS,16535.0,,,,,,,
2026-08-05,sepa,Market,cafe-instantaneo,7613036312752,CAFE INSTANTANEO EXPRESSO GOLD NESCAFE X 100 GRS,24475.0,,,,,,,
2026-08-05,sepa,Market,capsulas-nespresso-starbucks,7613036961004,CAPSULAS CAFE BLOND ESPRESSO STARBUCKS X 10 UNI,17765.0,,,,,,,
2026-08-05,sepa,Market,suprema-pollo,7790070036063,SUPREMAS DE POLLO GRANJA DEL SOL BOLSA X 360 GRS,10665.0,,,,,,,
2026-08-05,sepa,Market,vinagre-alcohol,7790130000034,VINAGRE DE ALCOHOL MENOYO PET X 500 CC,1379.0,,,,,,,
2026-08-05,sepa,Market,vinagre-alcohol,7790130000058,VINAGRE DE ALCOHOL MENOYO PET X 1 LT,1750.0,,,,,,,
2026-08-05,sepa,Market,vinagre-alcohol,7790130000263,VINAGRE DE ALCOHOL ALCAZAR PET 500 CC,1119.0,,,,,,,
2026-08-05,sepa,Market,vinagre-alcohol,7790130000294,VINAGRE DE ALCOHOL ALCAZAR PET X 1 LT,1319.0,,,,,,,
2026-08-05,sepa,Market,vinagre-alcohol,7790130000645,VINAGRE DE ALCOHOL MENOYO PET X 250 CC,1090.0,,,,,,,
2026-08-05,sepa,Market,lavandina,7790132098459,LAVANDINA ORIGINAL AYUDIN X 1 LT,1279.0,,,,,,,
2026-08-05,sepa,Market,vinagre-alcohol,7790139003166,VINAGRE DE ALCOHOL CLASICO CASALTA PET X500 CC,1205.0,,,,,,,
2026-08-05,sepa,Market,vinagre-alcohol,7790139101138,VINAGRE DE ALCOHOL FAVINCO PET X 1 LT,1589.0,,,,,,,
2026-08-05,sepa,Market,vinagre-alcohol,7790139101145,VINAGRE DE ALCOHOL SIN TACC FAVINCO X 500 CC,1159.0,,,,,,,
2026-08-05,sepa,Market,cafe-instantaneo,7790150100486,CAFE INSTANTANEO ESP INST CLAS LA VIRGINIA X 170GR,9209.0,,,,,,,
2026-08-05,sepa,Market,cafe-instantaneo,7790150100806,CAFE INSTANTANEO CLASICO LA VIRGINA DP X 100 GRS,5150.0,,,,,,,
2026-08-05,sepa,Market,cafe-instantaneo,7790150101780,CAFE INSTANTANEO SUAVE LA VIRGINA DP X 100 GRS,5139.0,,,,,,,
2026-08-05,sepa,Market,cafe-instantaneo,7790170904798,CAFE INSTANTANEO LA MORENITA FRASCO X 100 GRS,6350.0,,,,,,,
2026-08-05,sepa,Market,queso-crema-light,7790244941605,QUESO CREMA LIGTH SAN IGNACIO POTE X 290 GR,3769.0,,,,,,,
2026-08-05,sepa,Market,queso-crema-light,7790244941612,QUESO CREMA LIGHT SAN IGNACIO POTE X480 GRS,5669.0,,,,,,,
2026-08-05,sepa,Market,papel-higienico-doble-hoja,7790250015536,PAPEL HIGIENICO D HOJA PLUS HIGIENOL 4 X 30 MTS,3435.0,,,,,,,
2026-08-05,sepa,Market,papel-higienico-doble-hoja,7790250015567,PAPEL HIGIENICO DOBLE HOJA PLUS HIGIENOL 4 X 20 MT,3545.0,,,,,,,
2026-08-05,sepa,Market,papel-higienico-doble-hoja,7790250019411,PAPEL HIGIENICO DH PLUS HIGIENOL 30M X 18,20900.0,,,,,,,
2026-08-05,sepa,Market,papel-higienico-doble-hoja,7790250026075,PAPEL HIGIENICO D H ULTRA SUAVE ELITE 4 X 30 MTS,5599.0,,,,,,,
2026-08-05,sepa,Market,papel-higienico-doble-hoja,7790250026082,PAPEL HIGIENICO ULTRA SOFT D HOJA ELITE 4 X 50 MTS,10349.0,,,,,,,
2026-08-05,sepa,Market,rollo-cocina,7790250056881,ROLLO DE COCINA CLASICO SUSSEX 3 X 50 PAN,2546.67,2929.0,,,,,Promo A valida desde el 04/08/2026 hasta 10/08/2026,
2026-08-05,sepa,Market,rollo-cocina,7790250056898,ROLLO DE COCINA ULTRA SUSSEX 60P X 3 UNI,4980.0,,,,,,,
2026-08-05,sepa,Market,rollo-cocina,7790250056980,ROLLO DE COCINA MAXI SUSSEX 3 X 100 PAN,7489.0,,,,,,,
2026-08-05,sepa,Market,rollo-cocina,7790250057086,ROLLO COCINA CLASICO MEGA SUSSEX X 200 PANOS,3099.0,,,,,,,
2026-08-05,sepa,Market,papel-higienico-doble-hoja,7790250092452,PAPEL HIGIENICO DOBLE HOJA NOBLE 4 X 30 M,3669.0,,,,,,,
2026-08-05,sepa,Market,papel-higienico-doble-hoja,7790250913368,PAPEL HIGIENICO DH CON YAPA HIGIENOL 50M X 4 UNI,9359.0,,,,,,,
2026-08-05,sepa,Market,yerba-mananita,7790387015317,YERBA MATE BAJO POLVO MANANITA 4FLEX X 1 KG,4789.0,,,,,,,
2026-08-05,sepa,Market,yerba-mananita,7790387015324,YERBA MATE BAJO POLVO MANANITA 4FLEX X 500 GRS,2560.0,2570.0,,,,,Promo A valida desde el 04/08/2026 hasta 10/08/2026,
2026-08-05,sepa,Market,cafe-instantaneo,7790550029431,CAFE INSTANTANEO CLASICO LA PLANTA FRASCO X 170 GR,13709.0,,,,,,,
2026-08-05,sepa,Market,atun-lomitos-natural,7790580131364,ATUN AL NATURAL LOMITOS LA CAMPAGNOLA X 170 GRS,5745.0,,,,,,,
2026-08-05,sepa,Market,ricotta,7790742102805,RICOTTA ENTERA B SODIO GARCIA SACHET X 500 GRS,4509.0,,,,,,,
2026-08-05,sepa,Market,ricotta,7790742114204,RICOTTA SEMIGRASA BAJO SODIO GARCIA X 500 GRS,4755.0,,,,,,,
2026-08-05,sepa,Market,leche-protein,7790742358608,LECHE UAT DESC S LACT PROTEIN LA SERENISIMA BOTX1L,2999.0,,,,,,,
2026-08-05,sepa,Market,queso-crema-light,7790742373304,QUESO FUNDIDO FINLANDIA LIGHT POTE 290 GRS,5475.0,,,,,,,
2026-08-05,sepa,Market,yogur-natural-sin-azucar,7790787960934,YOGUR CREMOSO SAB NATURAL ILOLAY POTE X 350 G,3695.0,,,,,,,
2026-08-05,sepa,Market,gaseosa-cola-zero,7790895067532,GASEOSA COLA ZERO COCA COLA PET X 500 CC,1900.0,,,,,,,
2026-08-05,sepa,Market,gaseosa-cola-zero,7790895067556,GASEOSA COLA SIN AZUCAR COCA COLA PET X 1.5LT,3799.0,,,,,,,
2026-08-05,sepa,Market,gaseosa-cola-zero,7790895067570,GASEOSA COLA ZERO COCA COLA PET X 2.25 LT,5300.0,,,,,,,
2026-08-05,sepa,Market,gaseosa-cola-zero,7790895067587,GASEOSA COLA SIN AZUCAR COCA COLA LATA X 354 CC,2359.0,,,,,,,
2026-08-05,sepa,Market,gaseosa-cola-zero,7790895640438,GASEOSA COLA SIN AZUCAR COCA COLA PET X 3 LT,6650.0,,,,,,,
2026-08-05,sepa,Market,detergente,7790990003022,DETERGENTE ULTRA LIMON MAGISTRAL BOT X 300 CC,2595.0,,,,,,,
2026-08-05,sepa,Market,detergente,7790990003039,DETERGENTE ULTRA LIMON MAGISTRAL BOT X 500 CC,4189.0,,,,,,,
2026-08-05,sepa,Market,detergente,7790990003046,DETERGENTE ULTRA LIMON MAGISTRAL BOT X 750 CC,7550.0,,,,,,,
2026-08-05,sepa,Market,detergente,7790990003053,DETERGENTE ULTRA LIMON MAGISTRAL BOT 1400ML,13990.0,,,,,,,
2026-08-05,sepa,Market,detergente,7790990003121,DETERGENTE ULTRA MARINA MAGISTRAL BOT X 300 CC,3129.0,,,,,,,
2026-08-05,sepa,Market,detergente,7790990003138,DETERGENTE ULTRA MARINA MAGISTRAL BOT X 500 CC,4559.0,,,,,,,
2026-08-05,sepa,Market,detergente,7790990003145,DETERGENTE ULTRA MARINA MAGISTRAL BOT X 750 CC,7560.0,,,,,,,
2026-08-05,sepa,Market,detergente,7790990003381,DETERGENTE LIMON MAGISTRAL PLATINUM X 500 CC,6159.0,,,,,,,
2026-08-05,sepa,Market,detergente,7790990003404,DETERGENTE CREMOSO ULTRA LIMON BOT X 300 CC,3450.0,,,,,,,
2026-08-05,sepa,Market,detergente,7790990003411,DETERGENTE CREM ULTRA LIMON MAGISTRAL BOT X 500CC,4559.0,,,,,,,
2026-08-05,sepa,Market,detergente,7790990003787,DETERGENTE ULTRA LIMON MAGISTRAL DP X 450 CC,4315.0,,,,,,,
2026-08-05,sepa,Market,rollo-cocina,7791070005806,ROLLO DE COCINA CELESTIAL 3 X 50 PANOS,3189.0,,,,,,,
2026-08-05,sepa,Market,lavandina,7791290793804,LIMPIADOR EN GEL C LAVANDINA CIF X 513G,3669.0,,,,,,,
2026-08-05,sepa,Market,detergente,7791290794054,DETERGENTE BIOACTIVE LIMON CIF X 300 CC,2710.0,,,,,,,
2026-08-05,sepa,Market,detergente,7791290794061,DETERGENTE BIOACTIVE LIMON CIF X 500 CC,3889.0,,,,,,,
2026-08-05,sepa,Market,detergente,7791290794078,DETERGENTE BIOACTIVE LIMON CIF X 750 CC,6590.0,,,,,,,
2026-08-05,sepa,Market,detergente,7791290794085,DETERGENTE BIOACTIVE LIMON CIF REPUESTO X 450 CC,2855.0,,,,,,,
2026-08-05,sepa,Market,detergente,7791290794092,DETERGENTE BIOACTIVE LIMA CIF RESPUESTO X 450 CC,2855.0,,,,,,,
2026-08-05,sepa,Market,detergente,7791290794108,DETERGENTE BIOACTIVE LIMA CIF X 300 CC,2710.0,,,,,,,
2026-08-05,sepa,Market,detergente,7791290794115,DETERGENTE BIOACTIVE LIMA CIF X 500 CC,3889.0,,,,,,,
2026-08-05,sepa,Market,lavandina,7791290794955,LAVANDINA EN GEL ORIGINAL VIM X 700 CC,3500.0,,,,,,,
2026-08-05,sepa,Market,detergente,7791290796706,DETERGENTE ACTIVE GEL ORIG CIF BOT X 500 CC,5485.0,,,,,,,
2026-08-05,sepa,Market,detergente,7791290796720,DETERGENTE ACTIVE GEL ORIG CIF DP X 400 CC,4289.0,,,,,,,
2026-08-05,sepa,Market,detergente,7791290796737,DETERGENTE ACTIVE GEL LIMON CIF BOT X 500 CC,5485.0,,,,,,,
2026-08-05,sepa,Market,detergente,7791290796751,DETERGENTE ACTIVE GEL LIMON CIF DP X 400 CC,4289.0,,,,,,,
2026-08-05,sepa,Market,yogur-natural-sin-azucar,7791337007208,YOGUR NATURAL S LACTOSA SER POTE X 300 GR,4915.0,,,,,,,
2026-08-05,sepa,Market,queso-crema-light,7791337009851,QUESO CREMA LIGHT LA SERENISIMA POTE X 460 GRS,6045.0,,,,,,,
2026-08-05,sepa,Market,yogur-natural-sin-azucar,7791337010932,YOGUR GRIEGO FIR NATURAL YOGURISIMO POTE X 180 GR,2950.0,,,,,,,
2026-08-05,sepa,Market,rollo-cocina,7791720002605,ROLLO DE COCINA CARREFOUR ESSENTIAL 3 X 40 PANOS,2350.0,,,,,,,
2026-08-05,sepa,Market,rollo-cocina,7791720025543,ROLLO DE COCINA MAXI BLANCO CARREFOUR X 200 PANOS,2490.0,2850.0,,,,,Promo A valida desde el 04/08/2026 hasta 10/08/2026,
2026-08-05,sepa,Market,queso-crema-light,7791720028506,QUESO CREMA LIGHT CARREFOUR CLASSIC X 290 GRS,3190.0,,,,,,,
2026-08-05,sepa,Market,rollo-cocina,7791720045541,ROLLOS DE COCINA CARREFOUR ESSENTIAL 3 X 100 PANOS,4650.0,,,,,,,
2026-08-05,sepa,Market,papel-higienico-doble-hoja,7791720045558,PAPEL HIG DOBLE HOJA CARREFOUR ESSENTIAL 4 X50MTS,5550.0,,,,,,,
2026-08-05,sepa,Market,ricotta,7791720046951,RICOTTA ENTERA BULNEZ X 500 GRM,3490.0,,,,,,,
2026-08-05,sepa,Market,rollo-cocina,7791720047446,ROLLO DE COCINA DOBLE HOJA BULNEZ X 200 PANOS,2350.0,,,,,,,
2026-08-05,sepa,Market,yogur-natural-sin-azucar,7791720048122,YOGUR NATURAL CARREFOUR EXTRA FRASCO X 200 GR,2750.0,,,,,,,
2026-08-05,sepa,Market,yogur-natural-sin-azucar,7791720048139,YOGUR NATURAL CARREFOUR CLASSIC POTE 300 X GR,3090.0,,,,,,,
2026-08-05,sepa,Market,gaseosa-cola-zero,7791813828365,GASEOSA COLA BLACK PEPSI N PET X 500 CC.,2200.0,,,,,,,
2026-08-05,sepa,Market,gaseosa-cola-zero,7791813828419,GASEOSA COLA BLACK PEPSI NF PET X 1.5 LT,3950.0,,,,,,,
2026-08-05,sepa,Market,gaseosa-cola-zero,7791813828464,GASEOSA COLA BLACK PEPSI N PET X 2 LT,4400.0,,,,,,,
2026-08-05,sepa,Market,rollo-cocina,7791828000121,ROLLO COCINA PARA CADA DIA FELPITA 3 X 40 PANOS,2499.0,,,,,,,
2026-08-05,sepa,Market,papel-higienico-doble-hoja,7791828900049,PAPEL HIGIENICO INFINITY FELPITA 4X30 MTS,4449.0,,,,,,,
2026-08-05,sepa,Market,rollo-cocina,7791828900056,ROLLO DE COCINA BLANCO INFINITY FELPITA 3X100 MTS,5109.0,,,,,,,
2026-08-05,sepa,Market,papel-higienico-doble-hoja,7791828900186,PAPEL HIGIENICO DH FELPITA PREMIUM 4X20 MTS,2940.0,,,,,,,
2026-08-05,sepa,Market,papel-higienico-doble-hoja,7791828900278,PAPEL HIGIENICO D HOJA SUPER SUAVE FELPITA 6X30MTS,6405.0,,,,,,,
2026-08-05,sepa,Market,papel-higienico-doble-hoja,7791828900285,PAPEL HIGIENICO DH INFINITY FELPITA 4 X 50 M,6860.0,,,,,,,
2026-08-05,sepa,Market,rollo-cocina,7791828900377,ROLLO DE COCINA MAXIROLLO FELPITA X 200 PANOS,3069.0,,,,,,,
2026-08-05,sepa,Market,rollo-cocina,7791828900537,ROLLO DE COCINA PANO BLANCO FELPITA 3 X 60 UNI,2649.0,,,,,,,
2026-08-05,sepa,Market,lavandina,7791905000020,LAVANDINA CONCENTRADA QUERUBIN X 1 LT,1609.0,,,,,,,
2026-08-05,sepa,Market,lavandina,7791905000037,LAVANDINA CONCENTRADA QUERUBIN X 2 LT,3129.0,,,,,,,
2026-08-05,sepa,Market,lavandina,7791905003663,LAVANDINA ROPA BLANCA ADITIVADA QUERUBIN BOT X 1 L,2020.0,,,,,,,
2026-08-05,sepa,Market,lavandina,7791905023203,LAVANDINA ORIGINAL ODEX X 1 LT,1295.0,,,,,,,
2026-08-05,sepa,Market,lavandina,7791905023210,LAVANDINA ORIGINAL ODEX X 2 LT,2459.0,,,,,,,
2026-08-05,sepa,Market,lavandina,7791905023227,LAVANDINA ORIGINAL ODEX X 4 LT,4809.0,,,,,,,
2026-08-05,sepa,Market,lavandina,7791905024248,LAVANDINA ADITIVADA EN GEL ORIGINAL ODEX X 700 CC,3000.0,,,,,,,
2026-08-05,sepa,Market,lavandina,7793253003715,LAVANDINA MULTISUP LAVANDA TRIPLE PODER AYUDIN X1L,1909.0,,,,,,,
2026-08-05,sepa,Market,lavandina,7793253003722,LAVANDINA MULTISUP LAVANDA TRIPLE PODER AYUDIN X2L,3609.0,,,,,,,
2026-08-05,sepa,Market,lavandina,7793253003739,LAVANDINA MULTISUP LAVANDA TRIPLE PODER AYUDIN X4L,7179.0,,,,,,,
2026-08-05,sepa,Market,lavandina,7793253003746,LAVANDINA MULTI PU GLACIAR TRIPLE PODER AYUDIN X1L,1909.0,,,,,,,
2026-08-05,sepa,Market,lavandina,7793253003753,LAVANDINA MULTI PU GLACIAR TRIPLE PODER AYUDIN X2L,3609.0,,,,,,,
2026-08-05,sepa,Market,lavandina,7793253003760,LAVANDINA MULTI PU GLACIAR TRIPLE PODER AYUDIN X4L,7179.0,,,,,,,
2026-08-05,sepa,Market,lavandina,7793253003777,LAVANDINA ANTISPLASH TRADICIONAL AYUDIN X 1 LT,2225.0,,,,,,,
2026-08-05,sepa,Market,lavandina,7793253003784,LAVANDINA ANTISPLASH TRADICIONAL AYUDIN X 2 LT,4309.0,,,,,,,
2026-08-05,sepa,Market,lavandina,7793253003791,LAVANDINA EN GEL ORIGINAL AYUDIN BOTELLA X 700 CC,3519.0,,,,,,,
2026-08-05,sepa,Market,lavandina,7793253003807,LAVANDINA EN GEL CITRUS AYUDIN BOTELLA X 700 CC,3519.0,,,,,,,
2026-08-05,sepa,Market,lavandina,7793253003821,LAVANDINA EN GEL MENTA AYUDIN BOTELLA X 700 CC,3519.0,,,,,,,
2026-08-05,sepa,Market,lavandina,7793253003838,LAVANDINA EN GEL LAVANDA AYUDIN X 700 CC,3519.0,,,,,,,
2026-08-05,sepa,Market,lavandina,7793253005856,LAVANDINA EN GEL ORIGINAL AYUDIN BOTELLA X 500 CC,2989.0,,,,,,,
2026-08-05,sepa,Market,lavandina,7793253005863,LAVANDINA EN GEL CITRICA AYUDIN X 500 CC,2985.0,,,,,,,
2026-08-05,sepa,Market,lavandina,7793253006709,LAVANDINA ORIGINAL DESINFECTANTE AYUDIN X 2 LT,2486.25,2925.0,,,,,Promo A valida desde el 01/08/2026 hasta 07/08/2026,
2026-08-05,sepa,Market,lavandina,7793253006716,LAVANDINA ORIGINAL DESINFECTANTE AYUDIN X 4 LT,5789.0,,,,,,,
2026-08-05,sepa,Market,papel-higienico-doble-hoja,7793344000517,PAPEL HIGIENICO D HOJA ELEGANTE 4 X 30 MT,3900.0,,,,,,,
2026-08-05,sepa,Market,rollo-cocina,7793344009206,ROLLO DE COCINA GIGANTE ELEGANTE X 200 PANOS,2839.0,,,,,,,
2026-08-05,sepa,Market,rollo-cocina,7793344009305,ROLLOS DE COCINA ELEGANTE GIRAMAS 3 X 100 PAN,5319.0,,,,,,,
2026-08-05,sepa,Market,rollo-cocina,7793344904013,ROLLO DE COCINA ELEGANTE 3 X 50 PANOS,2839.0,,,,,,,
2026-08-05,sepa,Market,rollo-cocina,7793344904853,ROLLO DE COCINA PREMIUM ELEGANTE 3 X 60 PAN,3429.0,,,,,,,
2026-08-05,sepa,Market,queso-crema-light,7793913013214,QUESO CREMA LIGHT TREGAR X 190 GRS,3190.0,,,,,,,
2026-08-05,sepa,Market,queso-crema-light,7793913013641,QUESO NEUFCHATEL LIGHT TREGAR POTE X 180 GRS,3089.0,,,,,,,
2026-08-05,sepa,Market,ricotta,7793913013665,RICOTTA ENTERA BAJO SODIO TREGAR POTE X 290 GRS,3790.0,,,,,,,
2026-08-05,sepa,Market,ricotta,7793913013672,RICOTTA MAGRA BAJO SODIO TREGAR POTE X 290 GRS,3790.0,,,,,,,
2026-08-05,sepa,Market,queso-crema-light,7794820015018,QUESO FUNDIDO LIGHT TRAD MILKAUT POTE X 190 GRS,3379.0,,,,,,,
2026-08-05,sepa,Market,queso-crema-light,7794820903094,QUESO UNTABLE LIGHT CREMATTO POTE MILKAUT X 285GRS,5069.0,,,,,,,
2026-08-05,sepa,Market,yogur-natural-sin-azucar,7794820903612,YOGUR ENT NATURAL CREMOSO MILKAUT POTE X 300 G,3879.0,,,,,,,
2026-08-05,sepa,Market,yogur-natural-sin-azucar,7794820903711,YOGUR DESC NATURAL CREMOSO MILKAUT POTE X 300G,3879.0,,,,,,,
2026-08-05,sepa,Market,queso-crema-light,7794990879663,QUESO CREMA LIGHT LA PAULINA POTE X 290 GRS,3429.0,,,,,,,
2026-08-05,sepa,Market,vinagre-alcohol,7798033332610,VINAGRE DE ALCOHOL CARREFOUR PET X 500 CC,1190.0,,,,,,,
2026-08-05,sepa,Market,vinagre-alcohol,7798033332641,VINAGRE DE ALCOHOL CARREFOUR PET X 1 LT,1550.0,,,,,,,
2026-08-05,sepa,Market,atun-lomitos-natural,7798033333907,ATUN AL NATURAL LOMITOS CARREFOUR LATA X 170 GRS.,3490.0,,,,,,,
2026-08-05,sepa,Market,atun-lomitos-natural,7798108349161,ATUN AL NATURAL LOMITOS CARREFOUR LATA X 354 GRS,6450.0,,,,,,,
2026-08-05,sepa,Market,rollo-cocina,7798141718221,ROLLO DE COCINA CARREFOUR 3 X 50 PANOS,2390.0,,,,,,,
2026-08-05,sepa,Market,atun-lomitos-natural,7798152222151,ATUN AL NATURAL LOMITOS CARREFOUR 3 X 80 GRS,6150.0,,,,,,,
2026-08-05,sepa,Market,papel-higienico-doble-hoja,7798159717520,PAPEL HIGIENICO D HOJA DECO CARREFOUR 4 X 50 MTS,6090.0,,,,,,,
2026-08-05,sepa,Market,rollo-cocina,7798159717537,ROLLO DE COCINA DECORADO CARREFOUR 3 X 50 PANOS,2750.0,,,,,,,
2026-08-05,sepa,Market,papel-higienico-doble-hoja,7798159718961,PAPEL HIGIENICO D HOJA CARREFOUR 4 X 30 MTS,2990.0,3450.0,,,,,Promo A valida desde el 04/08/2026 hasta 10/08/2026,
2026-08-05,sepa,Market,ricotta,7798179070018,RICOTA G SILVIA X 500 GRS,3285.0,,,,,,,
2026-08-05,sepa,Market,cafe-instantaneo,7798196990016,CAFE SOLUBLE SEGAFREDO FRASCO X 100 GRS,19500.0,,,,,,,
2026-08-05,sepa,Market,queso-crema-light,7798312320567,QUESO UNTABLE LIGHT SANTA CLARA POTE X 300 GRS,3099.0,,,,,,,
2026-08-05,sepa,Market,leche-protein,7798338291803,LECHE C PROTEINA VIDA ACTIVA LAS TRES NINAS X 1LT,2865.0,,,,,,,
2026-08-05,sepa,Market,capsulas-nespresso-starbucks,8445290154125,CAPSULA CAFE NESPRESSO STARBUCKS CARAMEL X 51 GRS,16599.0,,,,,,,
2026-08-05,sepa,Market,capsulas-nespresso-starbucks,8445290814425,CAPSULA CAFE NESPRESSO STARBUCKS DECAF X 55 GRS,16599.0,,,,,,,
2026-08-05,sepa,Market,cafe-instantaneo,8445291311510,CAFE INSTANTANEO TRADICION NESCAFE X 100 GRS,8949.0,,,,,,,
2026-08-05,sepa,Market,cafe-instantaneo,8445291311558,CAFE INSTANTANEO SUAVE DOLCA DP X 100 GRS,6149.0,,,,,,,
2026-08-05,sepa,Market,capsulas-nespresso-starbucks,8445291363656,CAPSULAS CAFE HOUSE BLEND STARBUCKS X 10 UNI,15995.0,,,,,,,
2026-08-05,sepa,Market,capsulas-nespresso-starbucks,8445291367272,CAPSULAS CAFE ESPRESSO ROAST STARBUCKS X 10 UNI,16599.0,,,,,,,
2026-08-05,sepa,Market,cafe-instantaneo,8445291738775,CAFE INSTANTANEO GOLD NESCAFE FRASCO X 95 GRS,20729.0,,,,,,,
2026-08-05,sepa,Market,capsulas-nespresso-starbucks,8445291786721,CAPSULAS CAFE CHOCO HAZELNUT STARBUCKS X 10 UNI,15809.0,,,,,,,
2026-08-05,sepa,Supermercados DIA,desodorante-barra-hombre,75083694,DEO BLUE LAVEN BARRA,8699.0,,,,,,,
2026-08-05,sepa,Supermercados DIA,desodorante-barra-hombre,75083700,DEO AQUA CITRUS BARR,8699.0,,,,,,,
2026-08-05,sepa,Supermercados DIA,suprema-pollo,7790070036063,SUPR DE POLL CROCANT,10665.0,,,,,,,
2026-08-05,sepa,Supermercados DIA,vinagre-alcohol,7790130000034,VINAGRE DE ALCOHOL,1400.0,,,,,,,
2026-08-05,sepa,Supermercados DIA,vinagre-alcohol,7790130000058,VINAGRE DE ALCOHOL,1965.0,,,,,,,
2026-08-05,sepa,Supermercados DIA,lavandina,7790132098459,LAVANDINA ORIG MULTI,1279.0,,,,,,,
2026-08-05,sepa,Supermercados DIA,cafe-instantaneo,7790150100462,CAFE INSTANT CLASICO,8050.0,,,,,,,
2026-08-05,sepa,Supermercados DIA,cafe-instantaneo,7790150100806,CAFE INST CLAS DOYPA,5145.0,,,,,,,
2026-08-05,sepa,Supermercados DIA,cafe-instantaneo,7790150101476,CAFE INSTANTA SUAVE,8050.0,,,,,,,
2026-08-05,sepa,Supermercados DIA,cafe-instantaneo,7790150101780,CAFE INSTANT SUAV DP,5145.0,,,,,,,
2026-08-05,sepa,Supermercados DIA,papel-higienico-doble-hoja,7790250015536,P HIG DOBLE FUSION,3619.0,,,,,,,
2026-08-05,sepa,Supermercados DIA,papel-higienico-doble-hoja,7790250026075,P HIG DOBL HOJA 30MT,5615.0,,,,,,,
2026-08-05,sepa,Supermercados DIA,rollo-cocina,7790250056881,ROLLO COCINA CLASICO,2840.0,,,,,,,
2026-08-05,sepa,Supermercados DIA,rollo-cocina,7790250057086,RC CLASICO MEGARROLL,3249.0,,,,,,,
2026-08-05,sepa,Supermercados DIA,yerba-mananita,7790387015317,YERBA MATE 4FLEX,3790.0,,,,,,,
2026-08-05,sepa,Supermercados DIA,yerba-mananita,7790387015324,YERBA MATE 4 FLEX,2850.0,,,,,,,
2026-08-05,sepa,Supermercados DIA,atun-lomitos-natural,7790580131364,ATUN LOMITO NATURAL,6280.0,,,,,,,
2026-08-05,sepa,Supermercados DIA,ricotta,7790742102805,RICOTTA ENTERA,4699.0,,,,,,,
2026-08-05,sepa,Supermercados DIA,leche-protein,7790742358608,LECHE PROTEIN DES 0%,2999.0,,,,,,,
2026-08-05,sepa,Supermercados DIA,queso-crema-light,7790742373304,QUESO UNT LIGHT,5345.0,,,,,,,
2026-08-05,sepa,Supermercados DIA,gaseosa-cola-zero,7790895067532,GASEO COLA ZERO,2450.0,,,,,,,
2026-08-05,sepa,Supermercados DIA,gaseosa-cola-zero,7790895067556,GASEO COLA S/AZUCAR,4150.0,,,,,,,
2026-08-05,sepa,Supermercados DIA,gaseosa-cola-zero,7790895067570,GASEO COLA ZERO,5500.0,,,,,,,
2026-08-05,sepa,Supermercados DIA,detergente,7790990003022,DETERGEN ULTRA LIMON,2595.0,,,,,,,
2026-08-05,sepa,Supermercados DIA,detergente,7790990003039,DETER ULTRA LIMON,4189.0,,,,,,,
2026-08-05,sepa,Supermercados DIA,detergente,7790990003046,LAVAVAJ ULTRA LIMON,7550.0,,,,,,,
2026-08-05,sepa,Supermercados DIA,detergente,7790990003138,DETERG ULTRA MARINA,5040.0,,,,,,,
2026-08-05,sepa,Supermercados DIA,detergente,7790990003787,LAVAVAJI ULTRA LIMON,3200.0,,,,,,,
2026-08-05,sepa,Supermercados DIA,lavandina,7791290793781,LIMPIADOR CREMOSO,4650.0,,,,,,,
2026-08-05,sepa,Supermercados DIA,lavandina,7791290793804,LIMPIADOR GEL LAV/CL,3650.0,,,,,,,
2026-08-05,sepa,Supermercados DIA,detergente,7791290794054,LAVAVAJILL BIOACT LI,2700.0,,,,,,,
2026-08-05,sepa,Supermercados DIA,detergente,7791290794061,LAVAVAJ BIOACT LIMON,3772.0,,,,,,,
2026-08-05,sepa,Supermercados DIA,detergente,7791290794078,LAVAVAJ BIOACT LIMON,6550.0,,,,,,,
2026-08-05,sepa,Supermercados DIA,detergente,7791290794085,LAVAVAJ BIO LIMON DP,3850.0,,,,,,,
2026-08-05,sepa,Supermercados DIA,detergente,7791290794092,LAVAVAJ BIOAC LIMA D,3850.0,,,,,,,
2026-08-05,sepa,Supermercados DIA,detergente,7791290794108,LAVAVAJI BIOACT LIMA,2700.0,,,,,,,
2026-08-05,sepa,Supermercados DIA,detergente,7791290794115,LAVAVAJI BIOACT LIMA,3889.0,,,,,,,
2026-08-05,sepa,Supermercados DIA,lavandina,7791290794955,LAVANDINA GEL ORIGIN,3500.0,,,,,,,
2026-08-05,sepa,Supermercados DIA,detergente,7791290796706,LAVAVAJ ACT GEL ORIG,5450.0,,,,,,,
2026-08-05,sepa,Supermercados DIA,detergente,7791290796720,DET ACTIVEGEL ORIGIN,4280.0,,,,,,,
2026-08-05,sepa,Supermercados DIA,detergente,7791290796737,DET ACTIVEGEL LIMON,5450.0,,,,,,,
2026-08-05,sepa,Supermercados DIA,detergente,7791290796751,LAVAVAJ ACTIV LIM DP,4280.0,,,,,,,
2026-08-05,sepa,Supermercados DIA,yogur-natural-sin-azucar,7791337007208,YOGUR NATURAL BIGPOT,4915.0,,,,,,,
2026-08-05,sepa,Supermercados DIA,queso-crema-light,7791337009851,QUESO BLANCO LIGHT,6045.0,,,,,,,
2026-08-05,sepa,Supermercados DIA,gaseosa-cola-zero,7791813828365,GASEO PEPSI BLACK,2200.0,,,,,,,
2026-08-05,sepa,Supermercados DIA,gaseosa-cola-zero,7791813828419,GASEO COLA BLACK,3900.0,,,,,,,
2026-08-05,sepa,Supermercados DIA,gaseosa-cola-zero,7791813828464,GASEO COLA BLACK,4300.0,,,,,,,
2026-08-05,sepa,Supermercados DIA,lavandina,7793253003715,LAVAN LAV TRI PODER,1890.0,,,,,,,
2026-08-05,sepa,Supermercados DIA,lavandina,7793253003722,LAVANDINA LAVA TR PO,3640.0,,,,,,,
2026-08-05,sepa,Supermercados DIA,lavandina,7793253003753,LAVA PUR GLA TRI POD,3640.0,,,,,,,
2026-08-05,sepa,Supermercados DIA,lavandina,7793253003777,LAVANDINA ANTISPLASH,2240.0,,,,,,,
2026-08-05,sepa,Supermercados DIA,lavandina,7793253003791,LAVANDINA EN GEL,3590.0,,,,,,,
2026-08-05,sepa,Supermercados DIA,lavandina,7793253003807,LAVANDINA EN GEL CIT,3590.0,,,,,,,
2026-08-05,sepa,Supermercados DIA,lavandina,7793253003838,LAVANDINA EN GEL LAV,3590.0,,,,,,,
2026-08-05,sepa,Supermercados DIA,lavandina,7793253006709,LAVANDINA ORIGINAL,2950.0,,,,,,,
2026-08-05,sepa,Supermercados DIA,lavandina,7793253006716,LAVANDINA ORIGINAL,5890.0,,,,,,,
2026-08-05,sepa,Supermercados DIA,queso-crema-light,7794820903094,QUESO CREMATTO LIGHT,5069.0,,,,,,,
2026-08-05,sepa,Supermercados DIA,yogur-natural-sin-azucar,7794820903612,YOG NATURAL CREMOSO,3879.0,,,,,,,
2026-08-05,sepa,Supermercados DIA,queso-crema-light,7794990879663,QUESO CREMA LIGHT,3245.0,,,,,,,
2026-08-05,sepa,Supermercados DIA,lavandina,7798131250380,LAVANDINA CLÁSICA,1100.0,,,,,,,
2026-08-05,sepa,Supermercados DIA,lavandina,7798131250397,LAVANDINA CLÁSICA,2170.0,,,,,,,
2026-08-05,sepa,Supermercados DIA,yogur-natural-sin-azucar,7798136870545,YOG FIRME NAT S/AZUC,2720.0,,,,,,,
2026-08-05,sepa,Supermercados DIA,yogur-natural-sin-azucar,7798136870743,YOG NAT DESLAC C/PRO,3290.0,,,,,,,
2026-08-05,sepa,Supermercados DIA,yogur-natural-sin-azucar,7798136870859,YOG EST GRIEGO NATUR,3290.0,,,,,,,
2026-08-05,sepa,Supermercados DIA,leche-protein,7798338291803,LECH PROTEIN,2865.0,,,,,,,
2026-08-05,sepa,Supermercados DIA,capsulas-nespresso-starbucks,8445291363656,LUNGO CAPS COFFEE,16605.0,,,,,,,
2026-08-05,sepa,Supermercados DIA,cafe-instantaneo,8445291738775,CAFE GOLD,20729.0,,,,,,,
2026-08-05,sepa,Vea,cafe-instantaneo,7613035379213,Cafe Descafeinado NESCAFE MasAroma 100g FCO-100-gr.,15499.0,,,,,,,
2026-08-05,sepa,Vea,cafe-instantaneo,7613036312752,Nescafe GOLD espresso 100g FCO-100-gr.,21299.0,,,,,,,
2026-08-05,sepa,Vea,capsulas-nespresso-starbucks,7613036961004,Capsulas STARBUCKS Blonde Espresso Roast CJA-53-gr.,15699.0,,,,,,,
2026-08-05,sepa,Vea,capsulas-nespresso-starbucks,7613036961448,Capsulas Café STARBUCKS Colombia x57g CJA-57-gr.,15699.0,,,,,,,
2026-08-05,sepa,Vea,suprema-pollo,7790070036063,Suprema de pollo GRANJA DEL SOL 360g PAQ-360-gr.,10990.0,,,,,,,
2026-08-05,sepa,Vea,vinagre-alcohol,7790130000034,Vinagre MENOYO de alcohol PVC-500-cc.,1350.0,,,,,,,
2026-08-05,sepa,Vea,vinagre-alcohol,7790130000058,Vinagre MENOYO de alcohol PVC-1-lt.,1850.0,,,,,,,
2026-08-05,sepa,Vea,vinagre-alcohol,7790130000263,Vinagre alcazar de alcohol PVC-500-cc.,1150.0,,,,,,,
2026-08-05,sepa,Vea,lavandina,7790132098459,lavandina AYUDIN original 1L       PVC-1000-ml.,1290.0,,,,,,,
2026-08-05,sepa,Vea,vinagre-alcohol,7790139101138,Vinagre de Alcohol Favinco S/T x 1lt BOT-1000-ml.,1290.0,,,,,,,
2026-08-05,sepa,Vea,cafe-instantaneo,7790150100462,café LA VIRGINIA Clásico Espuma DPx170g DOY-170-gr.,7590.0,,,,,,,
2026-08-05,sepa,Vea,cafe-instantaneo,7790150100486,café LA VIRGINIA Clasico Espuma x170G FCO-170-gr.,6799.0,,,,,,,
2026-08-05,sepa,Vea,cafe-instantaneo,7790150100783,café LA VIRGINIA Clasico Espuma x100G FCO-100-gr.,5399.0,,,,,,,
2026-08-05,sepa,Vea,cafe-instantaneo,7790150101476,café LA VIRGINIA Suave Espuma DP x170g DOY-170-gr.,7590.0,,,,,,,
2026-08-05,sepa,Vea,cafe-instantaneo,7790150101780,Café LA VIRGINIA Suave Espuma DPx100g DOY-100-gr.,5199.0,,,,,,,
2026-08-05,sepa,Vea,cafe-instantaneo,7790170904798,café LA MORENITA Intenso x100g FCO-100-gr.,5899.0,,,,,,,
2026-08-05,sepa,Vea,queso-crema-light,7790244941605,Q.Blancrem Light S.Ignacio 290g POT-290-gr.,3599.0,,,,,,,
2026-08-05,sepa,Vea,queso-crema-light,7790244941612,Q.Blancrem Light S.Ignacio 480g POT-480-gr.,5199.0,,,,,,,
2026-08-05,sepa,Vea,papel-higienico-doble-hoja,7790250015536,papel higieni HIGIENOL dob h fus 4x30m BSA-4-m2,3290.0,,,,,,,
2026-08-05,sepa,Vea,rollo-cocina,7790250056881,rollo cocina SUSSEX clasic 3x50paños PAQ-15-m2,2890.0,,,,,,,
2026-08-05,sepa,Vea,rollo-cocina,7790250056980,rollo cocina SUSSEX ultra 3x100p PAQ-300-un.,5990.0,,,,,,,
2026-08-05,sepa,Vea,yerba-mananita,7790387015317,Yerba Mate MAÑANITA 4FLEX 1kg PAQ-1000-gr.,4490.0,,,,,,,
2026-08-05,sepa,Vea,yerba-mananita,7790387015324,Yerba Mate MAÑANITA 4FLEX 1/2kg PAQ-500-gr.,2690.0,,,,,,,
2026-08-05,sepa,Vea,atun-lomitos-natural,7790580131364,Atun LA CAMPAGNOLA al natural x170g LAT-170-gr.,4990.0,,,,,,,
2026-08-05,sepa,Vea,ricotta,7790742102805,ricota entera GARCIA baja en sodio SCH-500-gr.,5050.0,,,,,,,
2026-08-05,sepa,Vea,ricotta,7790742114204,Ricotta Garcia Semigrasa Sachet 500GR SCH-500-gr.,4950.0,,,,,,,
2026-08-05,sepa,Vea,leche-protein,7790742358608,Leche Uat Proteina La serenisima 1l BOT-1000-ml.,2890.0,,,,,,,
2026-08-05,sepa,Vea,queso-crema-light,7790742373304,Q.Procesado Finlandia Light 290g POT-290-gr.,5199.0,,,,,,,
2026-08-05,sepa,Vea,gaseosa-cola-zero,7790895067532,gaseosa COCA COLA Zero 500cc PET-500-ml.,2199.0,,,,,,,
2026-08-05,sepa,Vea,gaseosa-cola-zero,7790895067556,gaseosa COCA COLA Zero 1.5lt PET-1500-ml.,4150.0,,,,,,,
2026-08-05,sepa,Vea,gaseosa-cola-zero,7790895067570,gaseosa COCA COLA Zero 2.25lt PET-2250-ml.,5500.0,,,,,,,
2026-08-05,sepa,Vea,gaseosa-cola-zero,7790895067587,gaseosa COCA COLA Zero 354cc LAT-354-ml.,2790.0,,,,,,,
2026-08-05,sepa,Vea,gaseosa-cola-zero,7790895640438,gaseosa COCA COLA Zero  3lt PET-3000-ml.,6490.0,,,,,,,
2026-08-05,sepa,Vea,detergente,7790990003022,detergente MAGISTRAL ult lim bot 300ml BOT-300-ml.,2390.0,,,,,,,
2026-08-05,sepa,Vea,detergente,7790990003039,detergente MAGISTRAL ult lim bot 500ml BOT-500-ml.,4290.0,,,,,,,
2026-08-05,sepa,Vea,detergente,7790990003046,detergente MAGISTRAL ult lim bot 750ml BOT-750-ml.,6290.0,,,,,,,
2026-08-05,sepa,Vea,detergente,7790990003121,detergente MAGISTRAL ult mar bot 300ml BOT-300-ml.,2990.0,,,,,,,
2026-08-05,sepa,Vea,detergente,7790990003138,detergente MAGISTRAL ult mar bot 500ml BOT-500-ml.,4290.0,,,,,,,
2026-08-05,sepa,Vea,detergente,7790990003145,detergente MAGISTRAL ult mar bot 750ml BOT-750-ml.,6290.0,,,,,,,
2026-08-05,sepa,Vea,lavandina,7791290793781,limpiador CIF crema lavand cloro 750gr BOT-750-gr.,4850.0,,,,,,,
2026-08-05,sepa,Vea,lavandina,7791290793804,limpiador CIF  gel lavandina cloro 513gr BOT-513-ml.,3800.0,,,,,,,
2026-08-05,sepa,Vea,detergente,7791290794054,lavavajilla CIF bioactive limon 300ml. BOT-300-ml.,2390.0,,,,,,,
2026-08-05,sepa,Vea,detergente,7791290794061,lavavajilla CIF bioactive limon 500ml BOT-500-ml.,3790.0,,,,,,,
2026-08-05,sepa,Vea,detergente,7791290794078,lavavajilla CIF bioactive limon 750ml BOT-750-ml.,5890.0,,,,,,,
2026-08-05,sepa,Vea,detergente,7791290794085,lavavajilla CIF limon bioactiv DP 450ml DOY-450-ml.,3290.0,,,,,,,
2026-08-05,sepa,Vea,detergente,7791290794092,lavavajilla CIF lima bioactive DP 450ml DOY-450-ml.,3290.0,,,,,,,
2026-08-05,sepa,Vea,detergente,7791290794108,lavavajilla CIF bioactive lima 300ml BOT-300-ml.,2390.0,,,,,,,
2026-08-05,sepa,Vea,detergente,7791290794115,lavavajilla CIF bioactive lima 500ml BOT-500-ml.,3790.0,,,,,,,
2026-08-05,sepa,Vea,yogur-natural-sin-azucar,7791337007208,Yog SER Natural 300g POT-300-gr.,4990.0,,,,,,,
2026-08-05,sepa,Vea,gaseosa-cola-zero,7791813828365,gaseosa PEPSI Black 500cc BOT-500-ml.,2100.0,,,,,,,
2026-08-05,sepa,Vea,gaseosa-cola-zero,7791813828419,gaseosa PEPSI Black 1.5lt BOT-1500-ml.,3899.0,,,,,,,
2026-08-05,sepa,Vea,gaseosa-cola-zero,7791813828464,gaseosa PEPSI Black 2lt BOT-2000-ml.,4300.0,,,,,,,
2026-08-05,sepa,Vea,lavandina,7793253003715,Lavandina Ayudin Triple Poder 1L BOT-1000-ml.,1690.0,,,,,,,
2026-08-05,sepa,Vea,lavandina,7793253003722,lavandina AYUDIN Glaciar Triple Poder La BOT-2000-ml.,3190.0,,,,,,,
2026-08-05,sepa,Vea,lavandina,7793253003739,Lavandina Ayudin Triple Poder 4L BOT-4000-ml.,6590.0,,,,,,,
2026-08-05,sepa,Vea,lavandina,7793253003746,Ayudin Pureza Glaciar Triple Poder 1L BOT-1000-ml.,1690.0,,,,,,,
2026-08-05,sepa,Vea,lavandina,7793253003753,lavandina AYUDIN Glaciar Triple Poder 2l BOT-2000-ml.,3190.0,,,,,,,
2026-08-05,sepa,Vea,lavandina,7793253003777,Lavandina Ayudin Anti-Splash Tradi 1L BOT-1000-ml.,1990.0,,,,,,,
2026-08-05,sepa,Vea,lavandina,7793253003784,lavandina AYUDIN Anti Splash 2lt BOT-2000-ml.,3990.0,,,,,,,
2026-08-05,sepa,Vea,lavandina,7793253003791,Ayudín Lavandina en Gel Original 700ml BOT-700-ml.,3190.0,,,,,,,
2026-08-05,sepa,Vea,lavandina,7793253003807,Ayudín Lavandina en Gel Citrica 700ml BOT-700-ml.,3190.0,,,,,,,
2026-08-05,sepa,Vea,lavandina,7793253003814,Ayudín Lavandina en Gel Floral 700ml BOT-700-ml.,3190.0,,,,,,,
2026-08-05,sepa,Vea,lavandina,7793253003821,Ayudín Lavandina en Gel Menta 700ml BOT-700-ml.,3190.0,,,,,,,
2026-08-05,sepa,Vea,lavandina,7793253003838,Ayudín Lavandina en Gel Lavanda 700ml BOT-700-ml.,3190.0,,,,,,,
2026-08-05,sepa,Vea,papel-higienico-doble-hoja,7793344000517,Papel hig New ELEGANTE Extra bl 30m x 4u PAQ-12-m2,3390.0,,,,,,,
2026-08-05,sepa,Vea,rollo-cocina,7793344009206,rollo cocina ELEGANTE dobl h 1x200 paños PCK-1-un.,2690.0,,,,,,,
2026-08-05,sepa,Vea,rollo-cocina,7793344904013,rollo cocina ELEGANTE dobl h 3x50 paños BSA-3-un.,2490.0,,,,,,,
2026-08-05,sepa,Vea,queso-crema-light,7793913013412,Queso Crema Light Tregar 280g POT-280-gr.,3799.0,,,,,,,
2026-08-05,sepa,Vea,ricotta,7793913013665,RICOTTA ENTERA TREGAR X 290 GRS POT-290-gr.,3290.0,,,,,,,
2026-08-05,sepa,Vea,ricotta,7793913013672,RICOTTA LIGHT TREGAR X 290 GRS POT-290-gr.,3550.0,,,,,,,
2026-08-05,sepa,Vea,queso-crema-light,7794820903094,Queso Crematto Balance MILKAUT x 285 grs POT-285-gr.,4399.0,,,,,,,
2026-08-05,sepa,Vea,queso-crema-light,7794990879663,queso crema LA PAULINA light. POT-290-gr.,2999.0,,,,,,,
2026-08-05,sepa,Vea,lavandina,7798131250397,lavandina clasica HEROE 2lt BOT-2000-ml.,2090.0,,,,,,,
2026-08-05,sepa,Vea,yogur-natural-sin-azucar,7798136870545,Yog. Ent. Natural s/az DAHÍ 190g FCO-190-gr.,2799.0,,,,,,,
2026-08-05,sepa,Vea,yogur-natural-sin-azucar,7798136870743,Yog. Desc. Deslac Nat DAHÍ 190g FCO-200-gr.,3399.0,,,,,,,
2026-08-05,sepa,Vea,capsulas-nespresso-starbucks,8445291363656,Capsulas STARBUCKS House Blend 12u CJA-52-gr.,16699.0,,,,,,,
2026-08-05,sepa,Vea,capsulas-nespresso-starbucks,8445291367272,Capsulas STARBUCKS Espresso Roast 12u CJA-78-gr.,16699.0,,,,,,,
2026-08-06,sepa,Axion Energy,gaseosa-cola-zero,7790895067532,COCA COLA ZERO 500 ML,3400.0,,,,,,,
2026-08-06,sepa,Axion Energy,gaseosa-cola-zero,7790895067556,COCA COLA ZERO 1.5 L,7300.0,,,,,,,
2026-08-06,sepa,Axion Energy,gaseosa-cola-zero,7790895067570,DISC:DISC COCA COLA ZERO 2.25L,7200.0,,,,,,,
2026-08-06,sepa,Axion Energy,gaseosa-cola-zero,7790895067587,COCA COLA ZERO LATA 354ML,3200.0,,,,,,,
2026-08-06,sepa,Axion Energy,gaseosa-cola-zero,7791813828365,PEPSI BLACK 500ML,3000.0,,,,,,,
2026-08-06,sepa,Axion Energy,gaseosa-cola-zero,7791813828419,PEPSI BLACK 1.5L,6600.0,,,,,,,
2026-08-06,sepa,COTO CICSA,desodorante-barra-hombre,75083694,DESODORANTE BARRA BLUE LAVEN. AXE BAR 58 GRM,8711.99,,,,,,,
2026-08-06,sepa,COTO CICSA,desodorante-barra-hombre,75083700,DESODORANTE BARRA AQUA CITRUS AXE BAR 58 GRM,8711.99,,,,,,,
2026-08-06,sepa,COTO CICSA,cafe-instantaneo,7613035379213,CAFE INSTANTANEO NESCAFE DESCAFEINADO FRA 95 GRM,16650.0,,,,,,,
2026-08-06,sepa,COTO CICSA,capsulas-nespresso-starbucks,7613036961004,CAPSULA CAFÉ STARBUCKS BLONDE ESPRESSO CJA 53 GRM,17766.0,,,,,,,
2026-08-06,sepa,COTO CICSA,suprema-pollo,7790070036063,SUPREMAS DE POLLO GRANJA DEL SOL PAQ 360 GRM,10665.0,,,,,,,
2026-08-06,sepa,COTO CICSA,vinagre-alcohol,7790130000034,VINAGRE DE ALCOHOL MENOYO BOT 500 CC,1399.0,,,,,,,
2026-08-06,sepa,COTO CICSA,vinagre-alcohol,7790130000058,VINAGRE DE ALCOHOL MENOYO BOT 1 LTR,1765.0,,,,,,,
2026-08-06,sepa,COTO CICSA,vinagre-alcohol,7790130000263,VINAGRE DE ALCOHOL ALCAZAR PET 500 CMQ,1119.0,,,,,,,
2026-08-06,sepa,COTO CICSA,lavandina,7790132098459,LAVANDINA AYUDIN BOT 1 LTR,1453.99,,,,,,,
2026-08-06,sepa,COTO CICSA,vinagre-alcohol,7790139003166,VINAGRE DE ALCOHOL CASALTA CLASICO BOT 500 CC,1205.0,,,,,,,
2026-08-06,sepa,COTO CICSA,vinagre-alcohol,7790139101138,VINAGRE DE ALCOHOL  FAVINCO PET 1000 CC,1587.0,,,,,,,
2026-08-06,sepa,COTO CICSA,vinagre-alcohol,7790139101145,VINAGRE DE ALCOHOL FAVINCO BOT 500 ML,1162.0,,,,,,,
2026-08-06,sepa,COTO CICSA,cafe-instantaneo,7790150100486,CAFÉ INSTANTÁNEO CLÁSICO LA VIRGINIA FRA 170 GRM,9215.0,,,,,,,
2026-08-06,sepa,COTO CICSA,cafe-instantaneo,7790170904798,CAFÉ INSTANTÁNEO INTENSO MORENITA FRA 100 GRM,6350.0,,,,,,,
2026-08-06,sepa,COTO CICSA,queso-crema-light,7790244941605,QUESO D/CREMA DIETETICO SAN IGNACIO POT 290 GRM,3769.0,,,,,,,
2026-08-06,sepa,COTO CICSA,queso-crema-light,7790244941612,QUESO D/CREMA DIETETICO SAN IGNACIO POT 480 GRM,5669.0,,,,,,,
2026-08-06,sepa,COTO CICSA,papel-higienico-doble-hoja,7790250015536,P.HIGIÉNICO DOBLE HOJA PLUS HIGIENOL PAQ X4 UNI 30M,4593.99,,,,,,,
2026-08-06,sepa,COTO CICSA,papel-higienico-doble-hoja,7790250015567,PAPEL HIGIÉNICO DH PLUS HIGIENOL PAQ 4 UNI 20 M2,3545.99,,,,,,,
2026-08-06,sepa,COTO CICSA,papel-higienico-doble-hoja,7790250026075,PAPEL HIGIENICO ULTRA SUAVE 4 X 30M ELITE PAQ 12 M2,5617.99,,,,,,,
2026-08-06,sepa,COTO CICSA,papel-higienico-doble-hoja,7790250026082,PAPEL HIG.ULTR.SUAV. ELITE PAQ 20 M2,10352.99,,,,,,,
2026-08-06,sepa,COTO CICSA,rollo-cocina,7790250056881,"ROLLO D/COCINA CLÁSICO 3X 50 PAÑOS SUSSEX PAQ 6,33 MT2",2957.99,,,,,,,
2026-08-06,sepa,COTO CICSA,rollo-cocina,7790250056898,ROLLO D/COCINA ULTRA 180 PAÑOS SUSSEX PAQ 7.59 M2,4979.99,,,,,,,
2026-08-06,sepa,COTO CICSA,yerba-mananita,7790387015317,YERBA MATE 4 FLEX MAÑANITA PAQ 1 KGM,5370.0,,,,,,,
2026-08-06,sepa,COTO CICSA,yerba-mananita,7790387015324,YERBA MATE 4 FLEX MAÑANITA PAQ 500 GRM,2750.0,,,,,,,
2026-08-06,sepa,COTO CICSA,atun-lomitos-natural,7790580131364,LOMO D/ATÚN AL NATURAL LA CAMPAGNOLA LAT 170 GRM,5813.0,,,,,,,
2026-08-06,sepa,COTO CICSA,ricotta,7790742102805,RICOTTA ENTERA GARCIA BAJA EN SODIO SHC 500 GRM,4755.0,,,,,,,
2026-08-06,sepa,COTO CICSA,ricotta,7790742114204,RICOTTA GARCIA SCH 500 GRM,4755.0,,,,,,,
2026-08-06,sepa,COTO CICSA,leche-protein,7790742358608,LECHE DESC. LA SERENISIMA PROTEIN BOT 1 LTR,2999.0,,,,,,,
2026-08-06,sepa,COTO CICSA,queso-crema-light,7790742373304,QUESO PROCESADO LIGHT FINLANDIA POT 290 GRM,5479.0,,,,,,,
2026-08-06,sepa,COTO CICSA,yogur-natural-sin-azucar,7790787960934,YOGURT DESC.SAB.NATURAL ILOLAY POT 350 GRM,3699.0,,,,,,,
2026-08-06,sepa,COTO CICSA,gaseosa-cola-zero,7790895067532,GASEOSA COCA COLA SIN AZUCAR  BOT 500 CC,2450.0,,,,,,,
2026-08-06,sepa,COTO CICSA,gaseosa-cola-zero,7790895067556,"GASEOSA COCA COLA  SIN AZUCAR BOT 1,5 LTR",4150.0,,,,,,,
2026-08-06,sepa,COTO CICSA,gaseosa-cola-zero,7790895067570,"GASEOSA COCA COLA SIN AZUCAR  BOT 2,25 LTR",5500.0,,,,,,,
2026-08-06,sepa,COTO CICSA,gaseosa-cola-zero,7790895067587,GASEOSA COCA COLA SIN AZUCAR  LAT 354 CC,2450.0,,,,,,,
2026-08-06,sepa,COTO CICSA,gaseosa-cola-zero,7790895640438,GASEOSA COCA COLA SIN AZUCAR  BOT 3 LTR,6650.0,,,,,,,
2026-08-06,sepa,COTO CICSA,detergente,7790990003022,DETERGENTE LAVAV.ULTRA LIMÓN MAGISTRAL BOT 300 ML,3129.99,,,,,,,
2026-08-06,sepa,COTO CICSA,detergente,7790990003039,DETERGENTE LAVAV.ULTRA LIMÓN MAGISTRAL BOT 500 ML,5049.99,,,,,,,
2026-08-06,sepa,COTO CICSA,detergente,7790990003046,DETERGENTE LAVAV.ULTRA LIMÓN MAGISTRAL BOT 750 ML,7559.99,,,,,,,
2026-08-06,sepa,COTO CICSA,detergente,7790990003053,DETERGENTE LIMÓN MAGISTRAL BOT 1.4 LTR,13989.99,,,,,,,
2026-08-06,sepa,COTO CICSA,detergente,7790990003121,DETERGENTE LAVAV.ULTRA MARINA MAGISTRAL BOT 300 ML,3129.99,,,,,,,
2026-08-06,sepa,COTO CICSA,detergente,7790990003138,DETERGENTE LAVAV.ULTRA MARINA MAGISTRAL BOT 500 ML,5049.99,,,,,,,
2026-08-06,sepa,COTO CICSA,detergente,7790990003381,DETER.LAVAV.ULTRA LIMÓN MAGISTRAL PLATINUM+ BOT 500 ML,6219.99,,,,,,,
2026-08-06,sepa,COTO CICSA,detergente,7790990003404,DETERGENTE ULTRA DESENG.LIMÓN MAGISTRAL BOT 300 ML,3489.99,,,,,,,
2026-08-06,sepa,COTO CICSA,detergente,7790990003411,DETERGENTE ULTRA DESENG.LIMÓN MAGISTRAL BOT 500 ML,5049.99,,,,,,,
2026-08-06,sepa,COTO CICSA,detergente,7790990003787,REPUESTO DETERG.ULTRA DESENG. LIMÓN MAGISTRAL DOY 450 ML,4319.99,,,,,,,
2026-08-06,sepa,COTO CICSA,rollo-cocina,7791070005806,"ROLLOS D/COCINA 50 PAÑOS 3 UNI CELESTIAL PAQ 5,32 MT2",3188.99,,,,,,,
2026-08-06,sepa,COTO CICSA,lavandina,7791290793781,LIMP.CREMOSO C/LAVANDINA CLORO CLORO CIF BOT 750 GRM,4665.99,,,,,,,
2026-08-06,sepa,COTO CICSA,lavandina,7791290793804,LIMP.DESINF.E/GEL C/LAVANDINA CLORO CIF BOT 513 GRM,3671.99,,,,,,,
2026-08-06,sepa,COTO CICSA,detergente,7791290794054,DETERGENTE BIO ACTIVE LIMON CIF BOT 300 ML,2710.99,,,,,,,
2026-08-06,sepa,COTO CICSA,detergente,7791290794061,DETERGENTE BIO ACT.LIMON CIF BOT 500 ML,4390.99,,,,,,,
2026-08-06,sepa,COTO CICSA,detergente,7791290794078,DETERGENTE BIO ACTIV.LIMON CIF BOT 750 ML,6590.99,,,,,,,
2026-08-06,sepa,COTO CICSA,detergente,7791290794085,DETERGENTE BIOACTIVE LIMÓN CIF DOY 450 ML,3864.99,,,,,,,
2026-08-06,sepa,COTO CICSA,detergente,7791290794092,DETERGENTE BIOACTIVE LIMA CIF DOY 450 ML,3864.99,,,,,,,
2026-08-06,sepa,COTO CICSA,detergente,7791290794108,DETERGENTE BIO ACTIVE LIMA CIF BOT 300 ML,2710.99,,,,,,,
2026-08-06,sepa,COTO CICSA,detergente,7791290794115,DETERGENTE BIO ACT.LIMA CIF BOT 500 ML,4390.99,,,,,,,
2026-08-06,sepa,COTO CICSA,lavandina,7791290794955,LAVANDINA EN GEL ORIGINAL VIM BOT 700 ML,3519.99,,,,,,,
2026-08-06,sepa,COTO CICSA,lavandina,7791290794962,LAVANDINA EN GEL LAVANDA VIM BOT 700 ML,3519.99,,,,,,,
2026-08-06,sepa,COTO CICSA,lavandina,7791290794979,LAVANDINA EN GEL CITRUS VIM BOT 700 ML,3519.99,,,,,,,
2026-08-06,sepa,COTO CICSA,detergente,7791290796706,DETERGENTE ORIGINAL CIF BOT 500 ML,5484.99,,,,,,,
2026-08-06,sepa,COTO CICSA,detergente,7791290796713,DETERGENTE ORIGINAL CIF BOT 750 ML,8232.99,,,,,,,
2026-08-06,sepa,COTO CICSA,detergente,7791290796720,DETERGENTE ORIGINAL CIF DOY 400 ML,4289.99,,,,,,,
2026-08-06,sepa,COTO CICSA,detergente,7791290796737,DETERGENTE LIMON CIF BOT 500 ML,5484.99,,,,,,,
2026-08-06,sepa,COTO CICSA,detergente,7791290796744,DETERGENTE LIMON CIF BOT 750 ML,8232.99,,,,,,,
2026-08-06,sepa,COTO CICSA,detergente,7791290796751,DETERGENTE LIMON CIF DOY 400 ML,4289.99,,,,,,,
2026-08-06,sepa,COTO CICSA,queso-crema-light,7791337009851,QUESO BLANCO CLÁSICO SUAVE LA SERENISIMA POT 460 GRM,6045.0,,,,,,,
2026-08-06,sepa,COTO CICSA,gaseosa-cola-zero,7791813828365,GASEOSA COLA BLACK PEPSI BOT 500 ML,2200.0,,,,,,,
2026-08-06,sepa,COTO CICSA,gaseosa-cola-zero,7791813828419,GASEOSA COLA PEPSI BLACK  BOT. 1500 CMQ,3950.0,,,,,,,
2026-08-06,sepa,COTO CICSA,gaseosa-cola-zero,7791813828464,GASEOSA COLA PEPSI BLACK BOT 2000 CMQ,4400.0,,,,,,,
2026-08-06,sepa,COTO CICSA,rollo-cocina,7791828000121,ROLLO COCINA FELPITA DOBLE HOJA PAQ 3 UNI,2855.99,,,,,,,
2026-08-06,sepa,COTO CICSA,rollo-cocina,7791828900025,ROLLOS DE COCINA FELPITA  DISNEY BSA 3 UNI 4.968MT2,3267.99,,,,,,,
2026-08-06,sepa,COTO CICSA,papel-higienico-doble-hoja,7791828900049,P. HIGIENICO D/H FELPITA  INFIN 12MT2 4ROLL 30MT,4449.99,,,,,,,
2026-08-06,sepa,COTO CICSA,rollo-cocina,7791828900056,ROLL. COC INFIN X3 - 300 PAÑ,5106.99,,,,,,,
2026-08-06,sepa,COTO CICSA,papel-higienico-doble-hoja,7791828900186,P. HIGIENICO D/H FELPITA   PAQ 8 MT2 4ROLL 20MT,2939.99,,,,,,,
2026-08-06,sepa,COTO CICSA,papel-higienico-doble-hoja,7791828900278,PAPEL HIGIÉNICO PURA CARICIA  FELPITA PAQ X6 UNI 30 MTR,6405.99,,,,,,,
2026-08-06,sepa,COTO CICSA,papel-higienico-doble-hoja,7791828900285,PAPEL HIGIÉNICO INFINITY FELPITA PAQ X4 UNI 5 M2,6859.99,,,,,,,
2026-08-06,sepa,COTO CICSA,rollo-cocina,7791828900377,"ROLLO D/COCINA MAXIROLLO FELPITA ROL 2,8 MTR",3070.99,,,,,,,
2026-08-06,sepa,COTO CICSA,rollo-cocina,7791828900537,ROLLO DE COCI.180 PAÑOS D.HOJ. FELPITA BSA 7.59 M2,2799.99,,,,,,,
2026-08-06,sepa,COTO CICSA,rollo-cocina,7791828900599,"ROLL.D/COCIN.ALTO 150 PAÑOS FELPITA ROL 5,67 M2",3075.99,,,,,,,
2026-08-06,sepa,COTO CICSA,lavandina,7791905000020,LAVANDINA QUERUBIN BOT 1 LTR,1620.99,,,,,,,
2026-08-06,sepa,COTO CICSA,lavandina,7791905000037,LAVANDINA QUERUBIN BOT 2 LTR,3130.99,,,,,,,
2026-08-06,sepa,COTO CICSA,lavandina,7791905000372,LAVANDINA QUERUBIN BID 4 LTR,6030.99,,,,,,,
2026-08-06,sepa,COTO CICSA,lavandina,7793253003715,LAVANDINA TRIPLE PODER LAVANDA AYUDIN BOT 1 LTR,1886.99,,,,,,,
2026-08-06,sepa,COTO CICSA,lavandina,7793253003722,LAVANDINA TRIPLE PODER LAVANDA AYUDIN BOT 2 LTR,3606.99,,,,,,,
2026-08-06,sepa,COTO CICSA,lavandina,7793253003739,LAVANDINA TRIPLE PODER LAVANDA AYUDIN BID 4 LTR,7204.99,,,,,,,
2026-08-06,sepa,COTO CICSA,lavandina,7793253003746,LAVANDINA TRIPLE PODER PUREZA GLAC AYUDIN BOT 1 LTR,1886.99,,,,,,,
2026-08-06,sepa,COTO CICSA,lavandina,7793253003760,LAVANDINA TRIPLE PODER PUREZA GLAC AYUDIN BID 4 LTR,7204.99,,,,,,,
2026-08-06,sepa,COTO CICSA,lavandina,7793253003777,LAVANDINA ANTI SPLASH AYUDIN BOT 1 LTR,2225.99,,,,,,,
2026-08-06,sepa,COTO CICSA,lavandina,7793253003784,LAVANDINA ANTI SPLASH AYUDIN BOT 2 LTR,4311.99,,,,,,,
2026-08-06,sepa,COTO CICSA,lavandina,7793253003791,LAVANDINA EN GEL ORIGINAL AYUDIN BOT 700 ML,3558.99,,,,,,,
2026-08-06,sepa,COTO CICSA,lavandina,7793253003807,LAVANDINA EN GEL CÍTRICA AYUDIN BOT 700 ML,3558.99,,,,,,,
2026-08-06,sepa,COTO CICSA,lavandina,7793253003814,LAVANDINA EN GEL FLORAL AYUDIN BOT 700 ML,3558.99,,,,,,,
2026-08-06,sepa,COTO CICSA,lavandina,7793253003821,LAVANDINA EN GEL MENTA AYUDIN BOT 700 ML,3558.99,,,,,,,
2026-08-06,sepa,COTO CICSA,lavandina,7793253003838,LAVANDINA EN GEL LAVANDA AYUDIN BOT 700 ML,3558.99,,,,,,,
2026-08-06,sepa,COTO CICSA,lavandina,7793253005856,LAVANDINA EN GEL ORIGINAL AYUDIN BOT 500 ML,3011.99,,,,,,,
2026-08-06,sepa,COTO CICSA,lavandina,7793253006709,LAVANDINA ORIGINAL AYUDIN BOT 2 LTR,2925.99,,,,,,,
2026-08-06,sepa,COTO CICSA,lavandina,7793253006716,LAVANDINA ORIGINAL AYUDIN BID 4 LTR,5842.99,,,,,,,
2026-08-06,sepa,COTO CICSA,lavandina,7793253007263,LAVANDINA ANTISPLASH AYUDIN BID 4 LTR,8280.99,,,,,,,
2026-08-06,sepa,COTO CICSA,yogur-natural-sin-azucar,7793913002423,YOGUR ENTERO NATURAL TREGAR POTE X140 GRS.,2090.0,,,,,,,
2026-08-06,sepa,COTO CICSA,queso-crema-light,7793913013412,QUESO CREMA DESCREMADO TREGAR POT 280 GRM,4190.0,,,,,,,
2026-08-06,sepa,COTO CICSA,queso-crema-light,7793913013641,QUESO UNTABLE DESCREMADO TREGAR POT 180 GRM,3090.0,,,,,,,
2026-08-06,sepa,COTO CICSA,ricotta,7793913013665,RICOTTA ENTERA TREGAR POT 290 GRM,3790.0,,,,,,,
2026-08-06,sepa,COTO CICSA,ricotta,7793913013672,RICOTTA SEMIDESCREMADA S/SAL TREGAR POT 290 GRM,3790.0,,,,,,,
2026-08-06,sepa,COTO CICSA,yogur-natural-sin-azucar,7794820903612,YOG.CREMOSO SAB.NATURAL MILKAUT  POT 300 GRM,3879.0,,,,,,,
2026-08-06,sepa,COTO CICSA,yogur-natural-sin-azucar,7794820903711,YOG.CREM.DESC.SAB.NATURAL BALANCE MILKAUT  POT 300 GRM,3879.0,,,,,,,
2026-08-06,sepa,COTO CICSA,queso-crema-light,7794990879663,QUESO CREMA LA PAULINA LIGHT POT 290 GRM,3435.0,,,,,,,
2026-08-06,sepa,COTO CICSA,ricotta,7798179070018,RICOTA CON CREMA SILVIA SCH 500 GRM,3285.0,,,,,,,
2026-08-06,sepa,COTO CICSA,yogur-natural-sin-azucar,7798327950193,YOG.BATIDO NATURAL SIN AZÚCAR FLIA BEAUDROIT FRA 400 GRM,4859.0,,,,,,,
2026-08-06,sepa,COTO CICSA,leche-protein,7798338291803,LECHE C/PROTEINA TRES NIÑAS TTB 1 LTR,2865.0,,,,,,,
2026-08-06,sepa,COTO CICSA,capsulas-nespresso-starbucks,8445290154125,CAFÉ CAPS.SMOOTH CARAMEL STARBUCKS CJA 51 GRM,16605.0,,,,,,,
2026-08-06,sepa,COTO CICSA,cafe-instantaneo,8445291311510,CAFÉ INSTANTANEO TRADICIÓN NESCAFE DOY 100 GRM,8952.0,,,,,,,
2026-08-06,sepa,COTO CICSA,capsulas-nespresso-starbucks,8445291363656,CAFÉ CAPSULA HOUSE BLEND LUNGO STARBUCKS CJA 78 GRM,15995.0,,,,,,,
2026-08-06,sepa,COTO CICSA,capsulas-nespresso-starbucks,8445291367272,CAFÉ CAPSULA ESPRESO ROAST STARBUCKS CJA 78 GRM,16605.0,,,,,,,
2026-08-06,sepa,Cooperativa Obrera Limitada de Consumo y Vivienda,desodorante-barra-hombre,7501001163983,DEO BARRA OLD SPICE FRESH,10128.0,,,,,,,
2026-08-06,sepa,Cooperativa Obrera Limitada de Consumo y Vivienda,cafe-instantaneo,7613035379213,CAFE NESCAFE SOLUBLE DESC,18170.0,,,,,,,
2026-08-06,sepa,Cooperativa Obrera Limitada de Consumo y Vivienda,cafe-instantaneo,7613036312752,CAFE NESCAFE ESPRESSO FRA,18990.0,25860.0,,,,,Vigencia desde el 30/07/2026 al 12/08/2026 hasta agotar Stock de 1 unidades.,
2026-08-06,sepa,Cooperativa Obrera Limitada de Consumo y Vivienda,lavandina,7790132098459,LAVANDINA AYUDIN ORIGINAL,1350.0,,,,,,,
2026-08-06,sepa,Cooperativa Obrera Limitada de Consumo y Vivienda,vinagre-alcohol,7790139003166,VINAGRE CASALTA ALCOHOL,1239.0,,,,,,,
2026-08-06,sepa,Cooperativa Obrera Limitada de Consumo y Vivienda,vinagre-alcohol,7790139101138,VINAGRE FAVINCO ALCOHOL,1585.0,,,,,,,
2026-08-06,sepa,Cooperativa Obrera Limitada de Consumo y Vivienda,vinagre-alcohol,7790139101145,VINAGRE FAVINCO ALC S/TAC,1229.0,,,,,,,
2026-08-06,sepa,Cooperativa Obrera Limitada de Consumo y Vivienda,cafe-instantaneo,7790150100462,CAFE INST LV CLAS.DPACK,6990.0,8005.0,,,,,Vigencia desde el 30/07/2026 al 12/08/2026 hasta agotar Stock de 36 unidades.,
2026-08-06,sepa,Cooperativa Obrera Limitada de Consumo y Vivienda,cafe-instantaneo,7790150100486,CAFE INST LV FRAS CLASICO,8550.0,,,,,,,
2026-08-06,sepa,Cooperativa Obrera Limitada de Consumo y Vivienda,cafe-instantaneo,7790150100783,CAFE INST LV CLASICO ESP,5920.0,,,,,,,
2026-08-06,sepa,Cooperativa Obrera Limitada de Consumo y Vivienda,cafe-instantaneo,7790150100806,CAFE INST LA VIRGINIA DP,6779.0,,,,,,,
2026-08-06,sepa,Cooperativa Obrera Limitada de Consumo y Vivienda,cafe-instantaneo,7790150101476,CAFE INST LV SUAVE DP,6990.0,8005.0,,,,,Vigencia desde el 30/07/2026 al 12/08/2026 hasta agotar Stock de 76 unidades.,
2026-08-06,sepa,Cooperativa Obrera Limitada de Consumo y Vivienda,cafe-instantaneo,7790150101490,CAFE INST LV SUAVE FRASCO,8550.0,,,,,,,
2026-08-06,sepa,Cooperativa Obrera Limitada de Consumo y Vivienda,cafe-instantaneo,7790150101773,CAFE INST LV SUAVE FRASCO,6179.0,,,,,,,
2026-08-06,sepa,Cooperativa Obrera Limitada de Consumo y Vivienda,cafe-instantaneo,7790150101780,CAFE INST LV SUAVE DP,5138.0,,,,,,,
2026-08-06,sepa,Cooperativa Obrera Limitada de Consumo y Vivienda,rollo-cocina,7790250056881,ROLLO SUSSEX CLAS BLANCO,2990.0,,,,,,,
2026-08-06,sepa,Cooperativa Obrera Limitada de Consumo y Vivienda,rollo-cocina,7790250056898,ROLLO COCINA SUSSEX ULTRA,4390.0,,,,,,,
2026-08-06,sepa,Cooperativa Obrera Limitada de Consumo y Vivienda,rollo-cocina,7790250056980,ROLLO COC SUSSEX MAXI,6590.0,,,,,,,
2026-08-06,sepa,Cooperativa Obrera Limitada de Consumo y Vivienda,rollo-cocina,7790250057086,SUSSEX CLASICO MEGARROLLO,2490.0,3320.0,,,,,Vigencia desde el 30/07/2026 al 12/08/2026 hasta agotar Stock de 39 unidades.,
2026-08-06,sepa,Cooperativa Obrera Limitada de Consumo y Vivienda,yerba-mananita,7790387015317,YERBA MAÑANITA 4FLEX,4749.0,,,,,,,
2026-08-06,sepa,Cooperativa Obrera Limitada de Consumo y Vivienda,yerba-mananita,7790387015324,YERBA MAÑANITA 4FLEX 1/2,2750.0,,,,,,,
2026-08-06,sepa,Cooperativa Obrera Limitada de Consumo y Vivienda,cafe-instantaneo,7790550029431,CAFE LPC FRASCO CLASICO,10091.0,,,,,,,
2026-08-06,sepa,Cooperativa Obrera Limitada de Consumo y Vivienda,atun-lomitos-natural,7790580131364,ATUN LC LOMO NATURAL,5740.0,,,,,,,
2026-08-06,sepa,Cooperativa Obrera Limitada de Consumo y Vivienda,leche-protein,7790742358608,LECHE DESC LS PROTEIN BOT,2490.0,3149.0,,,,,Vigencia desde el 30/07/2026 al 12/08/2026 hasta agotar Stock de 77 unidades.,
2026-08-06,sepa,Cooperativa Obrera Limitada de Consumo y Vivienda,yogur-natural-sin-azucar,7790787960934,YOGUR NATURAL CREM ILOLAY,3490.0,,,,,,,
2026-08-06,sepa,Cooperativa Obrera Limitada de Consumo y Vivienda,gaseosa-cola-zero,7790895067532,COCA COLA SIN AZUCAR,2450.0,,,,,,,
2026-08-06,sepa,Cooperativa Obrera Limitada de Consumo y Vivienda,gaseosa-cola-zero,7790895067556,COCA COLA SIN AZUCAR,4150.0,,,,,,,
2026-08-06,sepa,Cooperativa Obrera Limitada de Consumo y Vivienda,gaseosa-cola-zero,7790895067570,COCA COLA SIN AZUCAR,4200.0,5500.0,,,,,Llevando 2 paga $4200.00 c/u - Vigencia desde el 30/07/2026 al 12/08/2026 o hasta agotar Stock de 161 unidades.,
2026-08-06,sepa,Cooperativa Obrera Limitada de Consumo y Vivienda,detergente,7790990003022,DET MAGISTRAL ULTRA LIMON,3400.0,,,,,,,
2026-08-06,sepa,Cooperativa Obrera Limitada de Consumo y Vivienda,detergente,7790990003039,DET MAGISTRAL ULTRA LIMON,4700.0,,,,,,,
2026-08-06,sepa,Cooperativa Obrera Limitada de Consumo y Vivienda,detergente,7790990003046,DET MAGISTRAL ULTRA LIMON,7990.0,,,,,,,
2026-08-06,sepa,Cooperativa Obrera Limitada de Consumo y Vivienda,detergente,7790990003121,DET MAGISTRAL ULTRA MARIN,3400.0,,,,,,,
2026-08-06,sepa,Cooperativa Obrera Limitada de Consumo y Vivienda,detergente,7790990003138,DET MAGISTRAL ULTRA MARIN,4700.0,,,,,,,
2026-08-06,sepa,Cooperativa Obrera Limitada de Consumo y Vivienda,detergente,7790990003145,DET MAGISTRAL ULTRA MARIN,7990.0,,,,,,,
2026-08-06,sepa,Cooperativa Obrera Limitada de Consumo y Vivienda,detergente,7790990003787,DET MAGISTRAL ULT LIM DP,4550.0,,,,,,,
2026-08-06,sepa,Cooperativa Obrera Limitada de Consumo y Vivienda,lavandina,7791290793781,CIF CREMA C/LAVAND Y CLOR,3490.0,4790.0,,,,,Vigencia desde el 30/07/2026 al 12/08/2026 hasta agotar Stock de 4 unidades.,
2026-08-06,sepa,Cooperativa Obrera Limitada de Consumo y Vivienda,lavandina,7791290793804,CIF GEL C/LAVAND Y CLORO,3790.0,,,,,,,
2026-08-06,sepa,Cooperativa Obrera Limitada de Consumo y Vivienda,detergente,7791290794054,DET CIF BIOACTIVE LIMON,2749.0,,,,,,,
2026-08-06,sepa,Cooperativa Obrera Limitada de Consumo y Vivienda,detergente,7791290794061,DET CIF BIOACTIVE LIMON,2990.0,4209.0,,,,,Vigencia desde el 30/07/2026 al 12/08/2026 hasta agotar Stock de 96 unidades.,
2026-08-06,sepa,Cooperativa Obrera Limitada de Consumo y Vivienda,detergente,7791290794078,DET CIF BIOACTIVE LIMON,6690.0,,,,,,,
2026-08-06,sepa,Cooperativa Obrera Limitada de Consumo y Vivienda,detergente,7791290794085,CIF BIOACTIVE LIMON DP,3870.0,,,,,,,
2026-08-06,sepa,Cooperativa Obrera Limitada de Consumo y Vivienda,detergente,7791290794092,CIF BIOACTIVE LIMA DP,3870.0,,,,,,,
2026-08-06,sepa,Cooperativa Obrera Limitada de Consumo y Vivienda,detergente,7791290794108,DET CIF BIOACTIVE LIMA,2790.0,,,,,,,
2026-08-06,sepa,Cooperativa Obrera Limitada de Consumo y Vivienda,detergente,7791290794115,DET CIF BIOACTIVE LIMA,2990.0,4209.0,,,,,Vigencia desde el 30/07/2026 al 12/08/2026 hasta agotar Stock de 23 unidades.,
2026-08-06,sepa,Cooperativa Obrera Limitada de Consumo y Vivienda,detergente,7791290796706,DET CIF ACTIVE GEL ORIGIN,5550.0,,,,,,,
2026-08-06,sepa,Cooperativa Obrera Limitada de Consumo y Vivienda,detergente,7791290796720,DET CIF ACTIV GEL ORIG DP,4390.0,,,,,,,
2026-08-06,sepa,Cooperativa Obrera Limitada de Consumo y Vivienda,detergente,7791290796737,DET CIF ACTIVE GEL LIMON,5550.0,,,,,,,
2026-08-06,sepa,Cooperativa Obrera Limitada de Consumo y Vivienda,detergente,7791290796751,DET CIF ACT GEL LIMON DP,4390.0,,,,,,,
2026-08-06,sepa,Cooperativa Obrera Limitada de Consumo y Vivienda,yogur-natural-sin-azucar,7791337007208,YOGUR SER DESC S/LACT NAT,4999.0,,,,,,,
2026-08-06,sepa,Cooperativa Obrera Limitada de Consumo y Vivienda,yogur-natural-sin-azucar,7791337010932,YOGURISIMO GRIEGO FIRME N,3250.0,,,,,,,
2026-08-06,sepa,Cooperativa Obrera Limitada de Consumo y Vivienda,gaseosa-cola-zero,7791813828365,PEPSI BLACK,1290.0,2500.0,,,,,Vigencia desde el 30/07/2026 al 12/08/2026 hasta agotar Stock de 21 unidades.,
2026-08-06,sepa,Cooperativa Obrera Limitada de Consumo y Vivienda,gaseosa-cola-zero,7791813828419,PEPSI BLACK,4300.0,,,,,,,
2026-08-06,sepa,Cooperativa Obrera Limitada de Consumo y Vivienda,gaseosa-cola-zero,7791813828464,PEPSI BLACK,2500.0,4750.0,,,,,Vigencia desde el 30/07/2026 al 12/08/2026 hasta agotar Stock de 59 unidades.,
2026-08-06,sepa,Cooperativa Obrera Limitada de Consumo y Vivienda,rollo-cocina,7791828000121,ROLLO COCI FELPITA BLANCO,2695.0,,,,,,,
2026-08-06,sepa,Cooperativa Obrera Limitada de Consumo y Vivienda,rollo-cocina,7791828900056,ROLLO FELPITA INFINITY BL,5249.0,,,,,,,
2026-08-06,sepa,Cooperativa Obrera Limitada de Consumo y Vivienda,rollo-cocina,7791828900377,ROLLO FELPITA BLANCO,3090.0,,,,,,,
2026-08-06,sepa,Cooperativa Obrera Limitada de Consumo y Vivienda,lavandina,7791905003663,LAVAN ADIT QUERUBIN RO BL,2350.0,,,,,,,
2026-08-06,sepa,Cooperativa Obrera Limitada de Consumo y Vivienda,lavandina,7791905023203,LAVANDINA ODEX,1550.0,,,,,,,
2026-08-06,sepa,Cooperativa Obrera Limitada de Consumo y Vivienda,lavandina,7791905023210,LAVANDINA ODEX,2850.0,,,,,,,
2026-08-06,sepa,Cooperativa Obrera Limitada de Consumo y Vivienda,lavandina,7791905023227,LAVANDINA ODEX,5590.0,,,,,,,
2026-08-06,sepa,Cooperativa Obrera Limitada de Consumo y Vivienda,lavandina,7793253003715,LAV AYUDIN LAVANDA TRIPLE,1885.0,,,,,,,
2026-08-06,sepa,Cooperativa Obrera Limitada de Consumo y Vivienda,lavandina,7793253003722,LAV AYUDIN LAVANDA TRIPLE,3600.0,,,,,,,
2026-08-06,sepa,Cooperativa Obrera Limitada de Consumo y Vivienda,lavandina,7793253003746,LAV AYUDIN GLACIAR TRIPLE,1885.0,,,,,,,
2026-08-06,sepa,Cooperativa Obrera Limitada de Consumo y Vivienda,lavandina,7793253003753,LAV AYUDIN GLACIAR TRIPLE,3600.0,,,,,,,
2026-08-06,sepa,Cooperativa Obrera Limitada de Consumo y Vivienda,lavandina,7793253003777,LAV AYUDIN ANTISPLASH,2319.0,,,,,,,
2026-08-06,sepa,Cooperativa Obrera Limitada de Consumo y Vivienda,lavandina,7793253003784,LAV AYUDIN ANTISPLASH X2,4650.0,,,,,,,
2026-08-06,sepa,Cooperativa Obrera Limitada de Consumo y Vivienda,lavandina,7793253006709,LAVANDINA AYUDIN ORIGINAL,2680.0,,,,,,,
2026-08-06,sepa,Cooperativa Obrera Limitada de Consumo y Vivienda,lavandina,7793253006716,LAVANDINA AYUDIN ORIGINAL,6990.0,,,,,,,
2026-08-06,sepa,Cooperativa Obrera Limitada de Consumo y Vivienda,rollo-cocina,7793344009206,ROLLO COC ELEGANTE,3190.0,,,,,,,
2026-08-06,sepa,Cooperativa Obrera Limitada de Consumo y Vivienda,rollo-cocina,7793344009305,ROLLO COC ELEGANTE PREM,3675.0,5390.0,,,,,Vigencia desde el 30/07/2026 al 12/08/2026 hasta agotar Stock de 6 unidades.,
2026-08-06,sepa,Cooperativa Obrera Limitada de Consumo y Vivienda,rollo-cocina,7793344904013,ROLLO COC ELEGANTE,2949.0,,,,,,,
2026-08-06,sepa,Cooperativa Obrera Limitada de Consumo y Vivienda,rollo-cocina,7793344904853,ROLLO COC ELEGANTE,3490.0,,,,,,,
2026-08-06,sepa,Cooperativa Obrera Limitada de Consumo y Vivienda,yogur-natural-sin-azucar,7794820903612,YOGUR NAT CREMOSO MILKAUT,2850.0,3790.0,,,,,Vigencia desde el 06/08/2026 al 12/08/2026 hasta agotar Stock de 1 unidades.,
2026-08-06,sepa,Cooperativa Obrera Limitada de Consumo y Vivienda,yogur-natural-sin-azucar,7794820903711,YOGUR NAT DESCR MILKAUT,2850.0,3790.0,,,,,Vigencia desde el 06/08/2026 al 12/08/2026 hasta agotar Stock de 5 unidades.,
2026-08-06,sepa,Cooperativa Obrera Limitada de Consumo y Vivienda,lavandina,7798131250380,LAVANDINA HEROE CLASIC,1190.0,,,,,,,
2026-08-06,sepa,Cooperativa Obrera Limitada de Consumo y Vivienda,yogur-natural-sin-azucar,7798136870545,YOG DAHI FIRME NATUR S/AZ,2659.0,,,,,,,
2026-08-06,sepa,Cooperativa Obrera Limitada de Consumo y Vivienda,yogur-natural-sin-azucar,7798136870743,YOGUR NAT DESLACT DAHI,3190.0,,,,,,,
2026-08-06,sepa,Cooperativa Obrera Limitada de Consumo y Vivienda,yogur-natural-sin-azucar,7798136870859,YOGUR GRIEGO NAT DAHI,3190.0,,,,,,,
2026-08-06,sepa,Cooperativa Obrera Limitada de Consumo y Vivienda,leche-protein,7798338291803,LECHE LV LAS3 NIÑAS PROTE,2890.0,,,,,,,
2026-08-06,sepa,Cooperativa Obrera Limitada de Consumo y Vivienda,cafe-instantaneo,8445291311510,NESCAFE TRADICION DP,9290.0,,,,,,,
2026-08-06,sepa,DEHEZA S.A.I.C.F. e I.,yerba-mananita,7790387015324,MAÑANITA YERBA 4FLEX X 500 GR,4400.0,,,,,,,
2026-08-06,sepa,DEHEZA S.A.I.C.F. e I.,gaseosa-cola-zero,7791813828365,PEPSI BLACK PET X 500CC,2900.0,,,,,,,
2026-08-06,sepa,Disco,cafe-instantaneo,7613035379213,Cafe Descafeinado NESCAFE MasAroma 100g FCO-100-gr.,18000.0,,,,,,,
2026-08-06,sepa,Disco,cafe-instantaneo,7613036312752,Nescafe GOLD espresso 100g FCO-100-gr.,24000.0,,,,,,,
2026-08-06,sepa,Disco,capsulas-nespresso-starbucks,7613036961004,Capsulas STARBUCKS Blonde Espresso Roast CJA-53-gr.,19050.0,,,,,,,
2026-08-06,sepa,Disco,capsulas-nespresso-starbucks,7613036961448,Capsulas Café STARBUCKS Colombia x57g CJA-57-gr.,19050.0,,,,,,,
2026-08-06,sepa,Disco,suprema-pollo,7790070036063,Suprema de pollo GRANJA DEL SOL 360g PAQ-360-gr.,11350.0,,,,,,,
2026-08-06,sepa,Disco,vinagre-alcohol,7790130000034,Vinagre MENOYO de alcohol PVC-500-cc.,1350.0,,,,,,,
2026-08-06,sepa,Disco,vinagre-alcohol,7790130000058,Vinagre MENOYO de alcohol PVC-1-lt.,1850.0,,,,,,,
2026-08-06,sepa,Disco,vinagre-alcohol,7790130000263,Vinagre alcazar de alcohol PVC-500-cc.,1200.0,,,,,,,
2026-08-06,sepa,Disco,lavandina,7790132098459,lavandina AYUDIN original 1L       PVC-1000-ml.,1278.0,,,,,,,
2026-08-06,sepa,Disco,vinagre-alcohol,7790139003166,Vinagre de Alcohol CASALTA x 500cc. BOT-500-cc.,1300.0,,,,,,,
2026-08-06,sepa,Disco,vinagre-alcohol,7790139101138,Vinagre de Alcohol Favinco S/T x 1lt BOT-1000-ml.,1717.0,,,,,,,
2026-08-06,sepa,Disco,cafe-instantaneo,7790150100462,café LA VIRGINIA Clásico Espuma DPx170g DOY-170-gr.,8150.0,,,,,,,
2026-08-06,sepa,Disco,cafe-instantaneo,7790150100486,café LA VIRGINIA Clasico Espuma x170G FCO-170-gr.,9450.0,,,,,,,
2026-08-06,sepa,Disco,cafe-instantaneo,7790150101476,café LA VIRGINIA Suave Espuma DP x170g DOY-170-gr.,8600.0,,,,,,,
2026-08-06,sepa,Disco,cafe-instantaneo,7790150101490,café LA VIRGINIA Suave Espuma x170g FCO-170-gr.,10850.0,,,,,,,
2026-08-06,sepa,Disco,cafe-instantaneo,7790150101773,café LA VIRGINIA Suave Espuma x100g FCO-100-gr.,6600.0,,,,,,,
2026-08-06,sepa,Disco,cafe-instantaneo,7790150101780,Café LA VIRGINIA Suave Espuma DPx100g DOY-100-gr.,5550.0,,,,,,,
2026-08-06,sepa,Disco,cafe-instantaneo,7790170904798,café LA MORENITA Intenso x100g FCO-100-gr.,6550.0,,,,,,,
2026-08-06,sepa,Disco,queso-crema-light,7790244941605,Q.Blancrem Light S.Ignacio 290g POT-290-gr.,4000.0,,,,,,,
2026-08-06,sepa,Disco,queso-crema-light,7790244941612,Q.Blancrem Light S.Ignacio 480g POT-480-gr.,5800.0,,,,,,,
2026-08-06,sepa,Disco,papel-higienico-doble-hoja,7790250015536,papel higieni HIGIENOL dob h fus 4x30m BSA-4-m2,4300.0,,,,,,,
2026-08-06,sepa,Disco,papel-higienico-doble-hoja,7790250026075,papel higienic ELITE dobl h soft 4x30m PAQ-12-m2,5180.0,,,,,,,
2026-08-06,sepa,Disco,papel-higienico-doble-hoja,7790250026082,papel higienic ELITE ult dobl h 4x50m PAQ-20-m2,10550.0,,,,,,,
2026-08-06,sepa,Disco,rollo-cocina,7790250056881,rollo cocina SUSSEX clasic 3x50paños PAQ-15-m2,3100.0,,,,,,,
2026-08-06,sepa,Disco,rollo-cocina,7790250056980,rollo cocina SUSSEX ultra 3x100p PAQ-300-un.,8050.0,,,,,,,
2026-08-06,sepa,Disco,yerba-mananita,7790387015317,Yerba Mate MAÑANITA 4FLEX 1kg PAQ-1000-gr.,5350.0,,,,,,,
2026-08-06,sepa,Disco,yerba-mananita,7790387015324,Yerba Mate MAÑANITA 4FLEX 1/2kg PAQ-500-gr.,2800.0,,,,,,,
2026-08-06,sepa,Disco,atun-lomitos-natural,7790580131364,Atun LA CAMPAGNOLA al natural x170g LAT-170-gr.,5745.0,,,,,,,
2026-08-06,sepa,Disco,ricotta,7790742102805,ricota entera GARCIA baja en sodio SCH-500-gr.,5100.0,,,,,,,
2026-08-06,sepa,Disco,ricotta,7790742114204,Ricotta Garcia Semigrasa Sachet 500GR SCH-500-gr.,5100.0,,,,,,,
2026-08-06,sepa,Disco,leche-protein,7790742358608,Leche Uat Proteina La serenisima 1l BOT-1000-ml.,3100.0,,,,,,,
2026-08-06,sepa,Disco,queso-crema-light,7790742373304,Q.Procesado Finlandia Light 290g POT-290-gr.,5900.0,,,,,,,
2026-08-06,sepa,Disco,gaseosa-cola-zero,7790895067532,gaseosa COCA COLA Zero 500cc PET-500-ml.,2650.0,,,,,,,
2026-08-06,sepa,Disco,gaseosa-cola-zero,7790895067556,gaseosa COCA COLA Zero 1.5lt PET-1500-ml.,4150.0,,,,,,,
2026-08-06,sepa,Disco,gaseosa-cola-zero,7790895067570,gaseosa COCA COLA Zero 2.25lt PET-2250-ml.,5500.0,,,,,,,
2026-08-06,sepa,Disco,gaseosa-cola-zero,7790895067587,gaseosa COCA COLA Zero 354cc LAT-354-ml.,2750.0,,,,,,,
2026-08-06,sepa,Disco,gaseosa-cola-zero,7790895640438,gaseosa COCA COLA Zero  3lt PET-3000-ml.,6454.0,,,,,,,
2026-08-06,sepa,Disco,detergente,7790990003022,detergente MAGISTRAL ult lim bot 300ml BOT-300-ml.,3350.0,,,,,,,
2026-08-06,sepa,Disco,detergente,7790990003039,detergente MAGISTRAL ult lim bot 500ml BOT-500-ml.,4542.0,,,,,,,
2026-08-06,sepa,Disco,detergente,7790990003046,detergente MAGISTRAL ult lim bot 750ml BOT-750-ml.,7850.0,,,,,,,
2026-08-06,sepa,Disco,detergente,7790990003121,detergente MAGISTRAL ult mar bot 300ml BOT-300-ml.,3350.0,,,,,,,
2026-08-06,sepa,Disco,detergente,7790990003138,detergente MAGISTRAL ult mar bot 500ml BOT-500-ml.,4542.0,,,,,,,
2026-08-06,sepa,Disco,detergente,7790990003145,detergente MAGISTRAL ult mar bot 750ml BOT-750-ml.,7850.0,,,,,,,
2026-08-06,sepa,Disco,lavandina,7791290793781,limpiador CIF crema lavand cloro 750gr BOT-750-gr.,5000.0,,,,,,,
2026-08-06,sepa,Disco,lavandina,7791290793804,limpiador CIF  gel lavandina cloro 513gr BOT-513-ml.,3950.0,,,,,,,
2026-08-06,sepa,Disco,detergente,7791290794054,lavavajilla CIF bioactive limon 300ml. BOT-300-ml.,2650.0,,,,,,,
2026-08-06,sepa,Disco,detergente,7791290794061,lavavajilla CIF bioactive limon 500ml BOT-500-ml.,3729.0,,,,,,,
2026-08-06,sepa,Disco,detergente,7791290794078,lavavajilla CIF bioactive limon 750ml BOT-750-ml.,6850.0,,,,,,,
2026-08-06,sepa,Disco,detergente,7791290794085,lavavajilla CIF limon bioactiv DP 450ml DOY-450-ml.,2854.0,,,,,,,
2026-08-06,sepa,Disco,detergente,7791290794092,lavavajilla CIF lima bioactive DP 450ml DOY-450-ml.,2854.0,,,,,,,
2026-08-06,sepa,Disco,detergente,7791290794108,lavavajilla CIF bioactive lima 300ml BOT-300-ml.,2650.0,,,,,,,
2026-08-06,sepa,Disco,detergente,7791290794115,lavavajilla CIF bioactive lima 500ml BOT-500-ml.,3729.0,,,,,,,
2026-08-06,sepa,Disco,yogur-natural-sin-azucar,7791337007208,Yog SER Natural 300g POT-300-gr.,5250.0,,,,,,,
2026-08-06,sepa,Disco,gaseosa-cola-zero,7791813828365,gaseosa PEPSI Black 500cc BOT-500-ml.,2250.0,,,,,,,
2026-08-06,sepa,Disco,gaseosa-cola-zero,7791813828419,gaseosa PEPSI Black 1.5lt BOT-1500-ml.,3899.0,,,,,,,
2026-08-06,sepa,Disco,gaseosa-cola-zero,7791813828464,gaseosa PEPSI Black 2lt BOT-2000-ml.,4300.0,,,,,,,
2026-08-06,sepa,Disco,rollo-cocina,7791828900056,Rollo Cocina FELPITA DH Infinity 3x100 PCK-300-un.,5350.0,,,,,,,
2026-08-06,sepa,Disco,papel-higienico-doble-hoja,7791828900285,Papel Higienico FELPITA Doble Hoj 4x50 PAQ-50-hjs,7250.0,,,,,,,
2026-08-06,sepa,Disco,lavandina,7793253003715,Lavandina Ayudin Triple Poder 1L BOT-1000-ml.,2050.0,,,,,,,
2026-08-06,sepa,Disco,lavandina,7793253003722,lavandina AYUDIN Glaciar Triple Poder La BOT-2000-ml.,3850.0,,,,,,,
2026-08-06,sepa,Disco,lavandina,7793253003739,Lavandina Ayudin Triple Poder 4L BOT-4000-ml.,7700.0,,,,,,,
2026-08-06,sepa,Disco,lavandina,7793253003746,Ayudin Pureza Glaciar Triple Poder 1L BOT-1000-ml.,2050.0,,,,,,,
2026-08-06,sepa,Disco,lavandina,7793253003753,lavandina AYUDIN Glaciar Triple Poder 2l BOT-2000-ml.,3950.0,,,,,,,
2026-08-06,sepa,Disco,lavandina,7793253003760,Ayudin Pureza Glaciar Triple Poder 4L BOT-4000-ml.,7800.0,,,,,,,
2026-08-06,sepa,Disco,lavandina,7793253003777,Lavandina Ayudin Anti-Splash Tradi 1L BOT-1000-ml.,2400.0,,,,,,,
2026-08-06,sepa,Disco,lavandina,7793253003784,lavandina AYUDIN Anti Splash 2lt BOT-2000-ml.,4600.0,,,,,,,
2026-08-06,sepa,Disco,lavandina,7793253003791,Ayudín Lavandina en Gel Original 700ml BOT-700-ml.,3800.0,,,,,,,
2026-08-06,sepa,Disco,lavandina,7793253003807,Ayudín Lavandina en Gel Citrica 700ml BOT-700-ml.,3800.0,,,,,,,
2026-08-06,sepa,Disco,lavandina,7793253003814,Ayudín Lavandina en Gel Floral 700ml BOT-700-ml.,3800.0,,,,,,,
2026-08-06,sepa,Disco,lavandina,7793253003821,Ayudín Lavandina en Gel Menta 700ml BOT-700-ml.,3800.0,,,,,,,
2026-08-06,sepa,Disco,lavandina,7793253003838,Ayudín Lavandina en Gel Lavanda 700ml BOT-700-ml.,3800.0,,,,,,,
2026-08-06,sepa,Disco,lavandina,7793253003869,Ayudín Lavandina en Gel Original 1500ml BOT-1500-ml.,8300.0,,,,,,,
2026-08-06,sepa,Disco,lavandina,7793253003876,Ayudín Lavandina en Gel Citrica 1500ml BOT-1500-ml.,8300.0,,,,,,,
2026-08-06,sepa,Disco,papel-higienico-doble-hoja,7793344000517,Papel hig New ELEGANTE Extra bl 30m x 4u PAQ-12-m2,3650.0,,,,,,,
2026-08-06,sepa,Disco,rollo-cocina,7793344009206,rollo cocina ELEGANTE dobl h 1x200 paños PCK-1-un.,3050.0,,,,,,,
2026-08-06,sepa,Disco,rollo-cocina,7793344009305,Rollos de Cocina Elegante 3u x 100 paños LAM-300-un.,5700.0,,,,,,,
2026-08-06,sepa,Disco,rollo-cocina,7793344904013,rollo cocina ELEGANTE dobl h 3x50 paños BSA-3-un.,3000.0,,,,,,,
2026-08-06,sepa,Disco,queso-crema-light,7793913013412,Queso Crema Light Tregar 280g POT-280-gr.,4400.0,,,,,,,
2026-08-06,sepa,Disco,queso-crema-light,7793913013641,Queso Untable CHATEL Descremado x 180grs POT-180-gr.,3300.0,,,,,,,
2026-08-06,sepa,Disco,ricotta,7793913013665,RICOTTA ENTERA TREGAR X 290 GRS POT-290-gr.,3850.0,,,,,,,
2026-08-06,sepa,Disco,ricotta,7793913013672,RICOTTA LIGHT TREGAR X 290 GRS POT-290-gr.,3850.0,,,,,,,
2026-08-06,sepa,Disco,queso-crema-light,7794820015018,Qso Proces para untar Light Milkaut 190g POT-190-gr.,3550.0,,,,,,,
2026-08-06,sepa,Disco,queso-crema-light,7794820903094,Queso Crematto Balance MILKAUT x 285 grs POT-285-gr.,5200.0,,,,,,,
2026-08-06,sepa,Disco,queso-crema-light,7794990879663,queso crema LA PAULINA light. POT-290-gr.,3500.0,,,,,,,
2026-08-06,sepa,Disco,lavandina,7798131250380,lavandina clasica HEROE 1lt BOT-1000-ml.,1150.0,,,,,,,
2026-08-06,sepa,Disco,lavandina,7798131250397,lavandina clasica HEROE 2lt BOT-2000-ml.,2250.0,,,,,,,
2026-08-06,sepa,Disco,yogur-natural-sin-azucar,7798136870545,Yog. Ent. Natural s/az DAHÍ 190g FCO-190-gr.,2850.0,,,,,,,
2026-08-06,sepa,Disco,yogur-natural-sin-azucar,7798136870743,Yog. Desc. Deslac Nat DAHÍ 190g FCO-200-gr.,3450.0,,,,,,,
2026-08-06,sepa,Disco,yogur-natural-sin-azucar,7798327950193,Yog. Entero Natural Flia Beudroit 400g POT-400-gr.,4750.0,,,,,,,
2026-08-06,sepa,Disco,capsulas-nespresso-starbucks,8445291363656,Capsulas STARBUCKS House Blend 12u CJA-52-gr.,19050.0,,,,,,,
2026-08-06,sepa,Disco,capsulas-nespresso-starbucks,8445291367272,Capsulas STARBUCKS Espresso Roast 12u CJA-78-gr.,19050.0,,,,,,,
2026-08-06,sepa,Express,cafe-instantaneo,7613035379213,CAFE DESCAFEINADO INSTANTANEO NESCAFE X 100 GRS,17029.0,,,,,,,
2026-08-06,sepa,Express,cafe-instantaneo,7613036312752,CAFE INSTANTANEO EXPRESSO GOLD NESCAFE X 100 GRS,25209.0,,,,,,,
2026-08-06,sepa,Express,capsulas-nespresso-starbucks,7613036961004,CAPSULAS CAFE BLOND ESPRESSO STARBUCKS X 10 UNI,18299.0,,,,,,,
2026-08-06,sepa,Express,suprema-pollo,7790070036063,SUPREMAS DE POLLO GRANJA DEL SOL BOLSA X 360 GRS,10985.0,,,,,,,
2026-08-06,sepa,Express,vinagre-alcohol,7790130000034,VINAGRE DE ALCOHOL MENOYO PET X 500 CC,1599.0,,,,,,,
2026-08-06,sepa,Express,vinagre-alcohol,7790130000058,VINAGRE DE ALCOHOL MENOYO PET X 1 LT,2025.0,,,,,,,
2026-08-06,sepa,Express,lavandina,7790132098459,LAVANDINA ORIGINAL AYUDIN X 1 LT,1359.0,,,,,,,
2026-08-06,sepa,Express,vinagre-alcohol,7790139101138,VINAGRE DE ALCOHOL FAVINCO PET X 1 LT,1635.0,,,,,,,
2026-08-06,sepa,Express,cafe-instantaneo,7790170904798,CAFE INSTANTANEO LA MORENITA FRASCO X 100 GRS,6540.0,,,,,,,
2026-08-06,sepa,Express,papel-higienico-doble-hoja,7790250015536,PAPEL HIGIENICO D HOJA PLUS HIGIENOL 4 X 30 MTS,3539.0,,,,,,,
2026-08-06,sepa,Express,papel-higienico-doble-hoja,7790250026075,PAPEL HIGIENICO D H ULTRA SUAVE ELITE 4 X 30 MTS,5785.0,,,,,,,
2026-08-06,sepa,Express,rollo-cocina,7790250056881,ROLLO DE COCINA CLASICO SUSSEX 3 X 50 PAN,2546.67,2929.0,,,,,Promo A valida desde el 04/08/2026 hasta 10/08/2026,
2026-08-06,sepa,Express,rollo-cocina,7790250057086,ROLLO COCINA CLASICO MEGA SUSSEX X 200 PANOS,3450.0,,,,,,,
2026-08-06,sepa,Express,yerba-mananita,7790387015317,YERBA MATE BAJO POLVO MANANITA 4FLEX X 1 KG,4929.0,,,,,,,
2026-08-06,sepa,Express,yerba-mananita,7790387015324,YERBA MATE BAJO POLVO MANANITA 4FLEX X 500 GRS,2566.67,2570.0,,,,,Promo A valida desde el 04/08/2026 hasta 10/08/2026,
2026-08-06,sepa,Express,atun-lomitos-natural,7790580131364,ATUN AL NATURAL LOMITOS LA CAMPAGNOLA X 170 GRS,6469.0,,,,,,,
2026-08-06,sepa,Express,leche-protein,7790742358608,LECHE UAT DESC S LACT PROTEIN LA SERENISIMA BOTX1L,3089.0,,,,,,,
2026-08-06,sepa,Express,gaseosa-cola-zero,7790895067532,GASEOSA COLA ZERO COCA COLA PET X 500 CC,1959.0,,,,,,,
2026-08-06,sepa,Express,gaseosa-cola-zero,7790895067556,GASEOSA COLA SIN AZUCAR COCA COLA PET X 1.5LT,3799.0,,,,,,,
2026-08-06,sepa,Express,gaseosa-cola-zero,7790895067570,GASEOSA COLA ZERO COCA COLA PET X 2.25 LT,5300.0,,,,,,,
2026-08-06,sepa,Express,gaseosa-cola-zero,7790895067587,GASEOSA COLA SIN AZUCAR COCA COLA LATA X 354 CC,2525.0,,,,,,,
2026-08-06,sepa,Express,detergente,7790990003022,DETERGENTE ULTRA LIMON MAGISTRAL BOT X 300 CC,2669.0,,,,,,,
2026-08-06,sepa,Express,detergente,7790990003039,DETERGENTE ULTRA LIMON MAGISTRAL BOT X 500 CC,4315.0,,,,,,,
2026-08-06,sepa,Express,detergente,7790990003046,DETERGENTE ULTRA LIMON MAGISTRAL BOT X 750 CC,7779.0,,,,,,,
2026-08-06,sepa,Express,detergente,7790990003787,DETERGENTE ULTRA LIMON MAGISTRAL DP X 450 CC,4445.0,,,,,,,
2026-08-06,sepa,Express,lavandina,7791290793804,LIMPIADOR EN GEL C LAVANDINA CIF X 513G,3760.0,,,,,,,
2026-08-06,sepa,Express,detergente,7791290794054,DETERGENTE BIOACTIVE LIMON CIF X 300 CC,2710.0,,,,,,,
2026-08-06,sepa,Express,detergente,7791290794061,DETERGENTE BIOACTIVE LIMON CIF X 500 CC,4005.0,,,,,,,
2026-08-06,sepa,Express,detergente,7791290794085,DETERGENTE BIOACTIVE LIMON CIF REPUESTO X 450 CC,3965.0,,,,,,,
2026-08-06,sepa,Express,detergente,7791290794115,DETERGENTE BIOACTIVE LIMA CIF X 500 CC,4005.0,,,,,,,
2026-08-06,sepa,Express,detergente,7791290796706,DETERGENTE ACTIVE GEL ORIG CIF BOT X 500 CC,5009.0,,,,,,,
2026-08-06,sepa,Express,rollo-cocina,7791720002605,ROLLO DE COCINA CARREFOUR ESSENTIAL 3 X 40 PANOS,2350.0,,,,,,,
2026-08-06,sepa,Express,rollo-cocina,7791720025543,ROLLO DE COCINA MAXI BLANCO CARREFOUR X 200 PANOS,2850.0,,,,,,,
2026-08-06,sepa,Express,yogur-natural-sin-azucar,7791720048122,YOGUR NATURAL CARREFOUR EXTRA FRASCO X 200 GR,2750.0,,,,,,,
2026-08-06,sepa,Express,yogur-natural-sin-azucar,7791720048139,YOGUR NATURAL CARREFOUR CLASSIC POTE 300 X GR,3090.0,,,,,,,
2026-08-06,sepa,Express,gaseosa-cola-zero,7791813828365,GASEOSA COLA BLACK PEPSI N PET X 500 CC.,2159.0,,,,,,,
2026-08-06,sepa,Express,gaseosa-cola-zero,7791813828419,GASEOSA COLA BLACK PEPSI NF PET X 1.5 LT,4120.0,,,,,,,
2026-08-06,sepa,Express,gaseosa-cola-zero,7791813828464,GASEOSA COLA BLACK PEPSI N PET X 2 LT,4689.0,,,,,,,
2026-08-06,sepa,Express,rollo-cocina,7791828900377,ROLLO DE COCINA MAXIROLLO FELPITA X 200 PANOS,3165.0,,,,,,,
2026-08-06,sepa,Express,lavandina,7791905000020,LAVANDINA CONCENTRADA QUERUBIN X 1 LT,1670.0,,,,,,,
2026-08-06,sepa,Express,lavandina,7791905023203,LAVANDINA ORIGINAL ODEX X 1 LT,1335.0,,,,,,,
2026-08-06,sepa,Express,lavandina,7791905023210,LAVANDINA ORIGINAL ODEX X 2 LT,2535.0,,,,,,,
2026-08-06,sepa,Express,lavandina,7793253003715,LAVANDINA MULTISUP LAVANDA TRIPLE PODER AYUDIN X1L,1989.0,,,,,,,
2026-08-06,sepa,Express,lavandina,7793253003722,LAVANDINA MULTISUP LAVANDA TRIPLE PODER AYUDIN X2L,3750.0,,,,,,,
2026-08-06,sepa,Express,lavandina,7793253003746,LAVANDINA MULTI PU GLACIAR TRIPLE PODER AYUDIN X1L,1989.0,,,,,,,
2026-08-06,sepa,Express,lavandina,7793253003777,LAVANDINA ANTISPLASH TRADICIONAL AYUDIN X 1 LT,2309.0,,,,,,,
2026-08-06,sepa,Express,lavandina,7793253003791,LAVANDINA EN GEL ORIGINAL AYUDIN BOTELLA X 700 CC,3699.0,,,,,,,
2026-08-06,sepa,Express,lavandina,7793253003807,LAVANDINA EN GEL CITRUS AYUDIN BOTELLA X 700 CC,3699.0,,,,,,,
2026-08-06,sepa,Express,lavandina,7793253003838,LAVANDINA EN GEL LAVANDA AYUDIN X 700 CC,3699.0,,,,,,,
2026-08-06,sepa,Express,lavandina,7793253006709,LAVANDINA ORIGINAL DESINFECTANTE AYUDIN X 2 LT,3039.0,,,,,,,
2026-08-06,sepa,Express,rollo-cocina,7793344009206,ROLLO DE COCINA GIGANTE ELEGANTE X 200 PANOS,3189.0,,,,,,,
2026-08-06,sepa,Express,queso-crema-light,7794820903094,QUESO UNTABLE LIGHT CREMATTO POTE MILKAUT X 285GRS,5225.0,,,,,,,
2026-08-06,sepa,Express,vinagre-alcohol,7798033332641,VINAGRE DE ALCOHOL CARREFOUR PET X 1 LT,1550.0,,,,,,,
2026-08-06,sepa,Express,atun-lomitos-natural,7798033333907,ATUN AL NATURAL LOMITOS CARREFOUR LATA X 170 GRS.,3490.0,,,,,,,
2026-08-06,sepa,Express,atun-lomitos-natural,7798108349161,ATUN AL NATURAL LOMITOS CARREFOUR LATA X 354 GRS,6450.0,,,,,,,
2026-08-06,sepa,Express,yogur-natural-sin-azucar,7798136870859,YOGUR NATURAL ESTILO GRIEGO DAHI FRASCO X 190 GRM,3389.0,,,,,,,
2026-08-06,sepa,Express,atun-lomitos-natural,7798152222151,ATUN AL NATURAL LOMITOS CARREFOUR 3 X 80 GRS,6150.0,,,,,,,
2026-08-06,sepa,Express,papel-higienico-doble-hoja,7798159717520,PAPEL HIGIENICO D HOJA DECO CARREFOUR 4 X 50 MTS,6090.0,,,,,,,
2026-08-06,sepa,Express,papel-higienico-doble-hoja,7798159718961,PAPEL HIGIENICO D HOJA CARREFOUR 4 X 30 MTS,3450.0,,,,,,,
2026-08-06,sepa,Express,ricotta,7798179070018,RICOTA G SILVIA X 500 GRS,3479.0,,,,,,,
2026-08-06,sepa,Express,cafe-instantaneo,8445291311510,CAFE INSTANTANEO TRADICION NESCAFE X 100 GRS,9219.0,,,,,,,
2026-08-06,sepa,Express,cafe-instantaneo,8445291311558,CAFE INSTANTANEO SUAVE DOLCA DP X 100 GRS,6149.0,,,,,,,
2026-08-06,sepa,Express,capsulas-nespresso-starbucks,8445291363656,CAPSULAS CAFE HOUSE BLEND STARBUCKS X 10 UNI,17105.0,,,,,,,
2026-08-06,sepa,Express,cafe-instantaneo,8445291738775,CAFE INSTANTANEO GOLD NESCAFE FRASCO X 95 GRS,21350.0,,,,,,,
2026-08-06,sepa,HiperChangomas,desodorante-barra-hombre,33200197447,AYH DEO MASC ULTRAMX,14739.0,,,,,,,
2026-08-06,sepa,HiperChangomas,desodorante-barra-hombre,75083694,AXE STI BLUE LAVEND,8349.0,,,,,,,
2026-08-06,sepa,HiperChangomas,desodorante-barra-hombre,75083700,AXE STI AQUA CITRUS,8349.0,,,,,,,
2026-08-06,sepa,HiperChangomas,cafe-instantaneo,7613035379213,NESCAFE DESCAFEINADO,17239.0,,,,,,,
2026-08-06,sepa,HiperChangomas,cafe-instantaneo,7613036312752,NESCAFE PURO ESPRESS,23949.0,,,,,,,
2026-08-06,sepa,HiperChangomas,suprema-pollo,7790070036063,GDS SUPREMAS 360GR,10239.0,,,,,,,
2026-08-06,sepa,HiperChangomas,vinagre-alcohol,7790130000034,MENOYO VINAGRE ALCOH,1349.0,,,,,,,
2026-08-06,sepa,HiperChangomas,vinagre-alcohol,7790130000058,MENOYO VINAGRE DE ALCOHOL 1L,1689.0,,,,,,,
2026-08-06,sepa,HiperChangomas,lavandina,7790132098459,AYUDIN LAVANDINA ORIGINAL 1L,1479.0,,,,,,,
2026-08-06,sepa,HiperChangomas,vinagre-alcohol,7790139000424,CASALTA VINAGRE DE ALCOHOL 1.3L,2189.0,,,,,,,
2026-08-06,sepa,HiperChangomas,vinagre-alcohol,7790139003166,CASALTA VINAGRE DE A,1309.0,,,,,,,
2026-08-06,sepa,HiperChangomas,vinagre-alcohol,7790139101138,FAVINCO VINAGRE DE A,1669.0,,,,,,,
2026-08-06,sepa,HiperChangomas,queso-crema-light,7790244941605,BLANCREM DIETE 290GR,3719.0,,,,,,,
2026-08-06,sepa,HiperChangomas,queso-crema-light,7790244941612,BLANCREM DIETE 480GR,5589.0,,,,,,,
2026-08-06,sepa,HiperChangomas,papel-higienico-doble-hoja,7790250015536,HIGIENOL PAPEL HIGENICO PLUS DOBLE HOJA 30M 4U,3549.0,,,,,,,
2026-08-06,sepa,HiperChangomas,rollo-cocina,7790250056881,SUSSEX ROLLO DE COCINA CLASICO DOBLE HOJA 50 PANOS 3U,2829.0,,,,,,,
2026-08-06,sepa,HiperChangomas,rollo-cocina,7790250056898,SUSSEX PREM 3X60 PAN,4799.0,,,,,,,
2026-08-06,sepa,HiperChangomas,rollo-cocina,7790250057086,SUSSEX ROLLO DE COCINA HOJA SIMPLE 200 PANOS 1U,3319.0,,,,,,,
2026-08-06,sepa,HiperChangomas,papel-higienico-doble-hoja,7790250913368,HIGIENOL PH DH YAPA,9239.0,,,,,,,
2026-08-06,sepa,HiperChangomas,yerba-mananita,7790387015317,MANANITA YERBA MATE 1KG,5519.0,,,,,,,
2026-08-06,sepa,HiperChangomas,cafe-instantaneo,7790550029431,LPC INS FR CLAS 170G,13299.0,,,,,,,
2026-08-06,sepa,HiperChangomas,atun-lomitos-natural,7790580131364,LA CAMPAGNOLA ATUN LOMITO 170G,6029.0,,,,,,,
2026-08-06,sepa,HiperChangomas,vinagre-alcohol,7790673000188,FAVINCO VINA ALCO 5L,7799.0,,,,,,,
2026-08-06,sepa,HiperChangomas,ricotta,7790742102805,RICOTTA GARCIA BAJA EN SODIO X 500 G,4759.0,,,,,,,
2026-08-06,sepa,HiperChangomas,ricotta,7790742114204,GARCIA RICOTA SEMIGRASA BAJA EN SODIO 500G,4759.0,,,,,,,
2026-08-06,sepa,HiperChangomas,leche-protein,7790742358608,LA SERENISIMA LECHE PROTEIN 1L,2999.0,,,,,,,
2026-08-06,sepa,HiperChangomas,queso-crema-light,7790742373304,FINLANDIA QUESO UNTABLE LIGHT 290G,5479.0,,,,,,,
2026-08-06,sepa,HiperChangomas,yogur-natural-sin-azucar,7790787960934,ILOLAY YOG NAT 350GR,3549.0,,,,,,,
2026-08-06,sepa,HiperChangomas,gaseosa-cola-zero,7790895067570,COCA COLA GASEOSA ZERO 2.25L,5279.0,,,,,,,
2026-08-06,sepa,HiperChangomas,gaseosa-cola-zero,7790895067587,COCA COLA GASEOSA ZERO 354ML,2359.0,,,,,,,
2026-08-06,sepa,HiperChangomas,detergente,7790990003022,MAGISTRAL DETERGENTE ULTRA LIMON 300ML,2999.0,,,,,,,
2026-08-06,sepa,HiperChangomas,detergente,7790990003039,MAGISTRAL DETERGENTE ULTRA LIMON 500ML,4849.0,,,,,,,
2026-08-06,sepa,HiperChangomas,detergente,7790990003046,MAGISTRAL LIMON,7259.0,,,,,,,
2026-08-06,sepa,HiperChangomas,detergente,7790990003121,MAGISTRAL MARINA,2999.0,,,,,,,
2026-08-06,sepa,HiperChangomas,detergente,7790990003138,MAGISTRAL MARINA,4849.0,,,,,,,
2026-08-06,sepa,HiperChangomas,detergente,7790990003145,MAGISTRAL MARINA,7259.0,,,,,,,
2026-08-06,sepa,HiperChangomas,detergente,7790990003381,MAGISTRAL DETERGENTE PLATINUM LIMON 500ML,5969.0,,,,,,,
2026-08-06,sepa,HiperChangomas,detergente,7790990003404,MAGISTRAL LIMON,3349.0,,,,,,,
2026-08-06,sepa,HiperChangomas,detergente,7790990003411,MAGISTRAL DETERGENTE ULTRA LIMON CREMOSO 500ML,4849.0,,,,,,,
2026-08-06,sepa,HiperChangomas,detergente,7790990003787,MAGISTRAL DETERGENTE ULTRA LIMON 450ML,4149.0,,,,,,,
2026-08-06,sepa,HiperChangomas,detergente,7791290794054,CIF BIOACTIVE,2609.0,,,,,,,
2026-08-06,sepa,HiperChangomas,detergente,7791290794061,CIF DETERGENTE BIOACTIVE LIMON 500ML,4219.0,,,,,,,
2026-08-06,sepa,HiperChangomas,detergente,7791290794108,CIF LAVAVAJILL LIMA,2609.0,,,,,,,
2026-08-06,sepa,HiperChangomas,detergente,7791290794115,CIF DETERGENTE BIOACTIVE LIMA 500ML,4219.0,,,,,,,
2026-08-06,sepa,HiperChangomas,detergente,7791290796706,CIF ACTIVE GEL,5269.0,,,,,,,
2026-08-06,sepa,HiperChangomas,detergente,7791290796713,CIF ACTIVE GEL,7909.0,,,,,,,
2026-08-06,sepa,HiperChangomas,detergente,7791290796720,CIF ACTIVE GEL,4119.0,,,,,,,
2026-08-06,sepa,HiperChangomas,detergente,7791290796737,CIF ACTIVE GEL,5269.0,,,,,,,
2026-08-06,sepa,HiperChangomas,detergente,7791290796744,CIF ACTIVE GEL,7909.0,,,,,,,
2026-08-06,sepa,HiperChangomas,detergente,7791290796751,CIF ACTIVE GEL,4119.0,,,,,,,
2026-08-06,sepa,HiperChangomas,yogur-natural-sin-azucar,7791337007208,SER NATU CON AZU300G,4915.0,,,,,,,
2026-08-06,sepa,HiperChangomas,queso-crema-light,7791337009851,LSC QSO CREMA LIGHT,6045.0,,,,,,,
2026-08-06,sepa,HiperChangomas,yogur-natural-sin-azucar,7791337010932,YYS FIRM ENT NAT180G,2829.0,,,,,,,
2026-08-06,sepa,HiperChangomas,rollo-cocina,7791828900025,FELPIT DISNEY RC3X40,2369.0,,,,,,,
2026-08-06,sepa,HiperChangomas,papel-higienico-doble-hoja,7791828900049,FELPITA PAPEL HIGIENICO DOBLE HOJA 30M 4U,4269.0,,,,,,,
2026-08-06,sepa,HiperChangomas,rollo-cocina,7791828900377,FELPITA MAXI ROLLO DE COCINA DOBLE HOJA 200 PANOS 1U,3069.0,,,,,,,
2026-08-06,sepa,HiperChangomas,papel-higienico-doble-hoja,7791828900520,FELPITA PH12x30DH,12719.0,,,,,,,
2026-08-06,sepa,HiperChangomas,rollo-cocina,7791828900537,FELPITA ROLLO DE COCINA 60 PANOS 3U,2539.0,,,,,,,
2026-08-06,sepa,HiperChangomas,rollo-cocina,7791828900599,FELPITA RC 150 MAXI,2949.0,,,,,,,
2026-08-06,sepa,HiperChangomas,lavandina,7791905000020,QUERUBIN CONCENTRADA,1559.0,,,,,,,
2026-08-06,sepa,HiperChangomas,lavandina,7791905000037,QUERUBIN CONCENTRADA,2999.0,,,,,,,
2026-08-06,sepa,HiperChangomas,lavandina,7791905000372,QUERUBIN CONCENTRADA,5789.0,,,,,,,
2026-08-06,sepa,HiperChangomas,lavandina,7791905023203,ODEX LAVANDINA 1L,1259.0,,,,,,,
2026-08-06,sepa,HiperChangomas,lavandina,7793253003715,AYUDIN LAVANDINA TRIPLE PODER LAVANDA 1L,1819.0,,,,,,,
2026-08-06,sepa,HiperChangomas,lavandina,7793253003722,AYUDIN TRIPLE PODER,3469.0,,,,,,,
2026-08-06,sepa,HiperChangomas,lavandina,7793253003739,AYUDIN TRIPLE PODER,6919.0,,,,,,,
2026-08-06,sepa,HiperChangomas,lavandina,7793253003746,AYUDIN TRIPLE PODER,1819.0,,,,,,,
2026-08-06,sepa,HiperChangomas,lavandina,7793253003753,AYUDIN TRIPLE PODER,3469.0,,,,,,,
2026-08-06,sepa,HiperChangomas,lavandina,7793253003760,AYUDIN TRIPLE PODER,6919.0,,,,,,,
2026-08-06,sepa,HiperChangomas,lavandina,7793253003777,AYUDIN ANTI SPLASH T,2139.0,,,,,,,
2026-08-06,sepa,HiperChangomas,lavandina,7793253003784,AYUDIN ANTI SPLASH T,4149.0,,,,,,,
2026-08-06,sepa,HiperChangomas,lavandina,7793253003791,AYUDIN LAVANDINA EN GEL ORIGINAL 700ML,3419.0,,,,,,,
2026-08-06,sepa,HiperChangomas,lavandina,7793253003807,AYUDIN LAVANDINA EN GEL PUREZA CITRICA 700ML,3419.0,,,,,,,
2026-08-06,sepa,HiperChangomas,lavandina,7793253003814,AYUDIN LAVANDINA GEL,3419.0,,,,,,,
2026-08-06,sepa,HiperChangomas,lavandina,7793253003821,AYUDIN LAVANDINA EN,3419.0,,,,,,,
2026-08-06,sepa,HiperChangomas,lavandina,7793253003838,AYUDIN LAVANDINA EN,3419.0,,,,,,,
2026-08-06,sepa,HiperChangomas,lavandina,7793253003869,AYUDIN LAVAN ORIGINA,7179.0,,,,,,,
2026-08-06,sepa,HiperChangomas,lavandina,7793253003876,AYUDIN LAVANDINA GEL,7179.0,,,,,,,
2026-08-06,sepa,HiperChangomas,lavandina,7793253005856,AYUDIN LAVAN ORIGINA,2899.0,,,,,,,
2026-08-06,sepa,HiperChangomas,lavandina,7793253005863,AYUDIN LAVANDINA GEL,2869.0,,,,,,,
2026-08-06,sepa,HiperChangomas,lavandina,7793253006709,AYUDIN LAVANDINA ORIGINAL 2L,2809.0,,,,,,,
2026-08-06,sepa,HiperChangomas,lavandina,7793253006716,AYUDIN LAVAN ORIGINA,5619.0,,,,,,,
2026-08-06,sepa,HiperChangomas,lavandina,7793253007263,AYUDIN ANTI SPLASH E,7949.0,,,,,,,
2026-08-06,sepa,HiperChangomas,rollo-cocina,7793344009206,ELEGANTE ROLLO DE COCINA 200 PANOS,2829.0,,,,,,,
2026-08-06,sepa,HiperChangomas,rollo-cocina,7793344009305,ELEGANTE RC 3X100P,5109.0,,,,,,,
2026-08-06,sepa,HiperChangomas,rollo-cocina,7793344904013,ELEGANTE ROLLO DE COCINA 3X50 HOJAS,2839.0,,,,,,,
2026-08-06,sepa,HiperChangomas,yogur-natural-sin-azucar,7793913002423,TREG ENT BAT NAT140G,2019.0,,,,,,,
2026-08-06,sepa,HiperChangomas,queso-crema-light,7793913013214,TREG QSO CREMA LIGHT,3059.0,,,,,,,
2026-08-06,sepa,HiperChangomas,queso-crema-light,7793913013412,TREGA QSO CREMA DESC,4019.0,,,,,,,
2026-08-06,sepa,HiperChangomas,queso-crema-light,7793913013641,CHATEL QSO DESCR180G,2969.0,,,,,,,
2026-08-06,sepa,HiperChangomas,ricotta,7793913013665,TREG RICOT ENTER290G,3639.0,,,,,,,
2026-08-06,sepa,HiperChangomas,ricotta,7793913013672,TREG RICOT LIGHT290G,3639.0,,,,,,,
2026-08-06,sepa,HiperChangomas,queso-crema-light,7794820015018,MILKAU QSO LIGHT190G,3519.0,,,,,,,
2026-08-06,sepa,HiperChangomas,queso-crema-light,7794820903094,CREMATTO BALANCE285G,5079.0,,,,,,,
2026-08-06,sepa,HiperChangomas,yogur-natural-sin-azucar,7794820903612,MILKAUT YOGUR ENTERO NATURAL CREMOSO 300G,3879.0,,,,,,,
2026-08-06,sepa,HiperChangomas,yogur-natural-sin-azucar,7794820903711,MILK YOG NAT BALANCE,3719.0,,,,,,,
2026-08-06,sepa,HiperChangomas,queso-crema-light,7794990879663,LA PAULINA QUESO CREMA LIGHT 290G,3429.0,,,,,,,
2026-08-06,sepa,HiperChangomas,queso-crema-light,7798060854352,PATAGON QSO REDU180G,2979.0,,,,,,,
2026-08-06,sepa,HiperChangomas,lavandina,7798131250380,HEROE LAVANDINA,1069.0,,,,,,,
2026-08-06,sepa,HiperChangomas,lavandina,7798131250397,HEROE LAVANDINA,2089.0,,,,,,,
2026-08-06,sepa,HiperChangomas,yogur-natural-sin-azucar,7798136870545,DAHI YOGUR FIRME NATURAL SIN AZUCAR 190G,2619.0,,,,,,,
2026-08-06,sepa,HiperChangomas,yogur-natural-sin-azucar,7798136870743,DAHI PROBIO NAT 190G,3159.0,,,,,,,
2026-08-06,sepa,HiperChangomas,yogur-natural-sin-azucar,7798136870859,DAHI YOGUR GRIEGO NATURAL 190G,3159.0,,,,,,,
2026-08-06,sepa,HiperChangomas,ricotta,7798179070018,SILVIA RICOTTA 500GR,3159.0,,,,,,,
2026-08-06,sepa,HiperChangomas,cafe-instantaneo,7798196990016,SEGA CAF INS PR 100G,18959.0,,,,,,,
2026-08-06,sepa,HiperChangomas,cafe-instantaneo,7798196990047,SEGA LIOFIL FRASCO,20479.0,,,,,,,
2026-08-06,sepa,HiperChangomas,queso-crema-light,7798312320567,CLARA QSO BLANCO LIG,2999.0,,,,,,,
2026-08-06,sepa,HiperChangomas,leche-protein,7798338291803,LAS TRES NINAS LECHE DESCREMADA CON PROTEINA 1L,2759.0,,,,,,,
2026-08-06,sepa,HiperChangomas,cafe-instantaneo,7891000426937,NESCAFE ICE 100G,10389.0,,,,,,,
2026-08-06,sepa,HiperChangomas,capsulas-nespresso-starbucks,8445290154125,STARBUCKS CAFE EN CAPSULAS NESPRESSO CARAMEL 10U,17059.0,,,,,,,
2026-08-06,sepa,HiperChangomas,capsulas-nespresso-starbucks,8445290814425,SBUX BLND ESPRS DECA,17059.0,,,,,,,
2026-08-06,sepa,HiperChangomas,cafe-instantaneo,8445291311510,NESCAFE NESTLE CAFE INSTANTANEO TRADICION 100G,9109.0,,,,,,,
2026-08-06,sepa,HiperChangomas,cafe-instantaneo,8445291738775,NESCAFE CAFE INSTANTANEO GOLD SIGNATURE 95G,21089.0,,,,,,,
2026-08-06,sepa,HiperChangomas,capsulas-nespresso-starbucks,8445291786721,SBUX CHOC HAZEL 51GR,17059.0,,,,,,,
2026-08-06,sepa,Hipermercado Carrefour,desodorante-barra-hombre,33200197447,ANTITRANS ULTRAMAX SPORT ARM HAMMER STICK X73GRS,12086.15,14219.0,,,,,Promo A valida desde el 06/08/2026 hasta 12/08/2026,
2026-08-06,sepa,Hipermercado Carrefour,desodorante-barra-hombre,7500435213882,ANTITRANSP BARRA COCONUT SECRET X 45 GRM,12800.0,,,,,,,
2026-08-06,sepa,Hipermercado Carrefour,desodorante-barra-hombre,7501001163983,ANTITRANSPIRANTE BARRA FRESH OLD SPICE X 50 GRS,9949.0,,,,,,,
2026-08-06,sepa,Hipermercado Carrefour,desodorante-barra-hombre,75083694,DESODORANTE STICK BLUE LAVENDER AXE X 58 GRM,8709.0,,,,,,,
2026-08-06,sepa,Hipermercado Carrefour,desodorante-barra-hombre,75083700,DESODORANTE STICK AQUA CITRUS AXE X 58 GRM,8709.0,,,,,,,
2026-08-06,sepa,Hipermercado Carrefour,cafe-instantaneo,7613035379213,CAFE DESCAFEINADO INSTANTANEO NESCAFE X 100 GRS,16535.0,,,,,,,
2026-08-06,sepa,Hipermercado Carrefour,cafe-instantaneo,7613036312752,CAFE INSTANTANEO EXPRESSO GOLD NESCAFE X 100 GRS,24475.0,,,,,,,
2026-08-06,sepa,Hipermercado Carrefour,capsulas-nespresso-starbucks,7613036961004,CAPSULAS CAFE BLOND ESPRESSO STARBUCKS X 10 UNI,17765.0,,,,,,,
2026-08-06,sepa,Hipermercado Carrefour,capsulas-nespresso-starbucks,7613036961448,CAPSULA CAFE NESPRESSO STARBUCKS COLOMBIA X 57 GRS,18895.0,,,,,,,
2026-08-06,sepa,Hipermercado Carrefour,suprema-pollo,7790070036063,SUPREMAS DE POLLO GRANJA DEL SOL BOLSA X 360 GRS,10665.0,,,,,,,
2026-08-06,sepa,Hipermercado Carrefour,vinagre-alcohol,7790130000034,VINAGRE DE ALCOHOL MENOYO PET X 500 CC,1379.0,,,,,,,
2026-08-06,sepa,Hipermercado Carrefour,vinagre-alcohol,7790130000058,VINAGRE DE ALCOHOL MENOYO PET X 1 LT,1750.0,,,,,,,
2026-08-06,sepa,Hipermercado Carrefour,vinagre-alcohol,7790130000102,VINAGRE DE ALCOHOL MENOYO BIDON X 5 LT,9830.0,,,,,,,
2026-08-06,sepa,Hipermercado Carrefour,vinagre-alcohol,7790130000263,VINAGRE DE ALCOHOL ALCAZAR PET 500 CC,1119.0,,,,,,,
2026-08-06,sepa,Hipermercado Carrefour,vinagre-alcohol,7790130000294,VINAGRE DE ALCOHOL ALCAZAR PET X 1 LT,1319.0,,,,,,,
2026-08-06,sepa,Hipermercado Carrefour,vinagre-alcohol,7790130000645,VINAGRE DE ALCOHOL MENOYO PET X 250 CC,1090.0,,,,,,,
2026-08-06,sepa,Hipermercado Carrefour,lavandina,7790132098459,LAVANDINA ORIGINAL AYUDIN X 1 LT,1279.0,,,,,,,
2026-08-06,sepa,Hipermercado Carrefour,vinagre-alcohol,7790139003166,VINAGRE DE ALCOHOL CLASICO CASALTA PET X500 CC,1205.0,,,,,,,
2026-08-06,sepa,Hipermercado Carrefour,vinagre-alcohol,7790139101138,VINAGRE DE ALCOHOL FAVINCO PET X 1 LT,1589.0,,,,,,,
2026-08-06,sepa,Hipermercado Carrefour,cafe-instantaneo,7790150100462,INSTANTANEO CLASICO ESP INST LA VIRGINIA DP 170GR,8039.0,,,,,,,
2026-08-06,sepa,Hipermercado Carrefour,cafe-instantaneo,7790150100486,CAFE INSTANTANEO ESP INST CLAS LA VIRGINIA X 170GR,7739.0,,,,,,,
2026-08-06,sepa,Hipermercado Carrefour,cafe-instantaneo,7790150100783,CAFE INSTANTANEO ESP INST CLAS LA VIRGINIA X 100GR,5859.0,,,,,,,
2026-08-06,sepa,Hipermercado Carrefour,cafe-instantaneo,7790150100806,CAFE INSTANTANEO CLASICO LA VIRGINA DP X 100 GRS,5150.0,,,,,,,
2026-08-06,sepa,Hipermercado Carrefour,cafe-instantaneo,7790150101476,CAFE INSTANTANEO SUAVE LA VIRGINA DOYPACK X 170GRS,8050.0,,,,,,,
2026-08-06,sepa,Hipermercado Carrefour,cafe-instantaneo,7790150101490,CAFE INSTANTANEO SUAVE LA VIRGINIA FRASCO X 170 GR,9215.0,,,,,,,
2026-08-06,sepa,Hipermercado Carrefour,cafe-instantaneo,7790150101773,CAFE INSTANTANEO SUAVE LA VIRGINIA FRASCO X 100GRS,5859.0,,,,,,,
2026-08-06,sepa,Hipermercado Carrefour,cafe-instantaneo,7790150101780,CAFE INSTANTANEO SUAVE LA VIRGINA DP X 100 GRS,5139.0,,,,,,,
2026-08-06,sepa,Hipermercado Carrefour,cafe-instantaneo,7790150150573,CAFE INSTANTANEO TOSTADO LA VIRGINIA FRASCO 100GR,8259.0,,,,,,,
2026-08-06,sepa,Hipermercado Carrefour,cafe-instantaneo,7790170904798,CAFE INSTANTANEO LA MORENITA FRASCO X 100 GRS,6350.0,,,,,,,
2026-08-06,sepa,Hipermercado Carrefour,queso-crema-light,7790244941605,QUESO CREMA LIGTH SAN IGNACIO POTE X 290 GR,3203.65,3769.0,,,,,Promo A valida desde el 06/08/2026 hasta 12/08/2026,
2026-08-06,sepa,Hipermercado Carrefour,queso-crema-light,7790244941612,QUESO CREMA LIGHT SAN IGNACIO POTE X480 GRS,4818.65,5669.0,,,,,Promo A valida desde el 06/08/2026 hasta 12/08/2026,
2026-08-06,sepa,Hipermercado Carrefour,papel-higienico-doble-hoja,7790250015536,PAPEL HIGIENICO D HOJA PLUS HIGIENOL 4 X 30 MTS,3435.0,,,,,,,
2026-08-06,sepa,Hipermercado Carrefour,papel-higienico-doble-hoja,7790250015567,PAPEL HIGIENICO DOBLE HOJA PLUS HIGIENOL 4 X 20 MT,3149.0,,,,,,,
2026-08-06,sepa,Hipermercado Carrefour,papel-higienico-doble-hoja,7790250019411,PAPEL HIGIENICO DH PLUS HIGIENOL 30M X 18,15510.0,,,,,,,
2026-08-06,sepa,Hipermercado Carrefour,papel-higienico-doble-hoja,7790250026075,PAPEL HIGIENICO D H ULTRA SUAVE ELITE 4 X 30 MTS,5180.0,,,,,,,
2026-08-06,sepa,Hipermercado Carrefour,papel-higienico-doble-hoja,7790250026082,PAPEL HIGIENICO ULTRA SOFT D HOJA ELITE 4 X 50 MTS,10349.0,,,,,,,
2026-08-06,sepa,Hipermercado Carrefour,rollo-cocina,7790250056881,ROLLO DE COCINA CLASICO SUSSEX 3 X 50 PAN,2920.0,2929.0,,,,,Promo A valida desde el 04/08/2026 hasta 10/08/2026,
2026-08-06,sepa,Hipermercado Carrefour,rollo-cocina,7790250056898,ROLLO DE COCINA ULTRA SUSSEX 60P X 3 UNI,4980.0,,,,,,,
2026-08-06,sepa,Hipermercado Carrefour,rollo-cocina,7790250056980,ROLLO DE COCINA MAXI SUSSEX 3 X 100 PAN,7489.0,,,,,,,
2026-08-06,sepa,Hipermercado Carrefour,rollo-cocina,7790250057086,ROLLO COCINA CLASICO MEGA SUSSEX X 200 PANOS,3350.0,,,,,,,
2026-08-06,sepa,Hipermercado Carrefour,papel-higienico-doble-hoja,7790250092452,PAPEL HIGIENICO DOBLE HOJA NOBLE 4 X 30 M,3669.0,,,,,,,
2026-08-06,sepa,Hipermercado Carrefour,papel-higienico-doble-hoja,7790250913368,PAPEL HIGIENICO DH CON YAPA HIGIENOL 50M X 4 UNI,9359.0,,,,,,,
2026-08-06,sepa,Hipermercado Carrefour,yerba-mananita,7790387015317,YERBA MATE BAJO POLVO MANANITA 4FLEX X 1 KG,4749.0,,,,,,,
2026-08-06,sepa,Hipermercado Carrefour,yerba-mananita,7790387015324,YERBA MATE BAJO POLVO MANANITA 4FLEX X 500 GRS,2379.0,,,,,,,
2026-08-06,sepa,Hipermercado Carrefour,cafe-instantaneo,7790550029431,CAFE INSTANTANEO CLASICO LA PLANTA FRASCO X 170 GR,13709.0,,,,,,,
2026-08-06,sepa,Hipermercado Carrefour,atun-lomitos-natural,7790580131364,ATUN AL NATURAL LOMITOS LA CAMPAGNOLA X 170 GRS,5745.0,,,,,,,
2026-08-06,sepa,Hipermercado Carrefour,vinagre-alcohol,7790673000188,VINAGRE DE ALCOHOL FAVINCO BIDON X 5 LT,8129.0,,,,,,,
2026-08-06,sepa,Hipermercado Carrefour,ricotta,7790742102805,RICOTTA ENTERA B SODIO GARCIA SACHET X 500 GRS,4699.0,,,,,,,
2026-08-06,sepa,Hipermercado Carrefour,ricotta,7790742114204,RICOTTA SEMIGRASA BAJO SODIO GARCIA X 500 GRS,4755.0,,,,,,,
2026-08-06,sepa,Hipermercado Carrefour,leche-protein,7790742358608,LECHE UAT DESC S LACT PROTEIN LA SERENISIMA BOTX1L,2999.0,,,,,,,
2026-08-06,sepa,Hipermercado Carrefour,queso-crema-light,7790742373304,QUESO FUNDIDO FINLANDIA LIGHT POTE 290 GRS,5479.0,,,,,,,
2026-08-06,sepa,Hipermercado Carrefour,yogur-natural-sin-azucar,7790787960934,YOGUR CREMOSO SAB NATURAL ILOLAY POTE X 350 G,3144.15,3699.0,,,,,Promo A valida desde el 06/08/2026 hasta 12/08/2026,
2026-08-06,sepa,Hipermercado Carrefour,gaseosa-cola-zero,7790895067532,GASEOSA COLA ZERO COCA COLA PET X 500 CC,2450.0,,,,,,,
2026-08-06,sepa,Hipermercado Carrefour,gaseosa-cola-zero,7790895067556,GASEOSA COLA SIN AZUCAR COCA COLA PET X 1.5LT,3979.0,,,,,,,
2026-08-06,sepa,Hipermercado Carrefour,gaseosa-cola-zero,7790895067570,GASEOSA COLA ZERO COCA COLA PET X 2.25 LT,5300.0,,,,,,,
2026-08-06,sepa,Hipermercado Carrefour,gaseosa-cola-zero,7790895067587,GASEOSA COLA SIN AZUCAR COCA COLA LATA X 354 CC,2359.0,,,,,,,
2026-08-06,sepa,Hipermercado Carrefour,gaseosa-cola-zero,7790895640438,GASEOSA COLA SIN AZUCAR COCA COLA PET X 3 LT,6650.0,,,,,,,
2026-08-06,sepa,Hipermercado Carrefour,detergente,7790990003022,DETERGENTE ULTRA LIMON MAGISTRAL BOT X 300 CC,2459.0,,,,,,,
2026-08-06,sepa,Hipermercado Carrefour,detergente,7790990003039,DETERGENTE ULTRA LIMON MAGISTRAL BOT X 500 CC,4389.0,,,,,,,
2026-08-06,sepa,Hipermercado Carrefour,detergente,7790990003046,DETERGENTE ULTRA LIMON MAGISTRAL BOT X 750 CC,6035.0,,,,,,,
2026-08-06,sepa,Hipermercado Carrefour,detergente,7790990003053,DETERGENTE ULTRA LIMON MAGISTRAL BOT 1400ML,13990.0,,,,,,,
2026-08-06,sepa,Hipermercado Carrefour,detergente,7790990003121,DETERGENTE ULTRA MARINA MAGISTRAL BOT X 300 CC,2459.0,,,,,,,
2026-08-06,sepa,Hipermercado Carrefour,detergente,7790990003138,DETERGENTE ULTRA MARINA MAGISTRAL BOT X 500 CC,4559.0,,,,,,,
2026-08-06,sepa,Hipermercado Carrefour,detergente,7790990003145,DETERGENTE ULTRA MARINA MAGISTRAL BOT X 750 CC,6035.0,,,,,,,
2026-08-06,sepa,Hipermercado Carrefour,detergente,7790990003381,DETERGENTE LIMON MAGISTRAL PLATINUM X 500 CC,6159.0,,,,,,,
2026-08-06,sepa,Hipermercado Carrefour,detergente,7790990003404,DETERGENTE CREMOSO ULTRA LIMON BOT X 300 CC,3450.0,,,,,,,
2026-08-06,sepa,Hipermercado Carrefour,detergente,7790990003411,DETERGENTE CREM ULTRA LIMON MAGISTRAL BOT X 500CC,4559.0,,,,,,,
2026-08-06,sepa,Hipermercado Carrefour,detergente,7790990003787,DETERGENTE ULTRA LIMON MAGISTRAL DP X 450 CC,4039.0,,,,,,,
2026-08-06,sepa,Hipermercado Carrefour,rollo-cocina,7791070005806,ROLLO DE COCINA CELESTIAL 3 X 50 PANOS,3189.0,,,,,,,
2026-08-06,sepa,Hipermercado Carrefour,lavandina,7791290793804,LIMPIADOR EN GEL C LAVANDINA CIF X 513G,3669.0,,,,,,,
2026-08-06,sepa,Hipermercado Carrefour,detergente,7791290794054,DETERGENTE BIOACTIVE LIMON CIF X 300 CC,2329.0,,,,,,,
2026-08-06,sepa,Hipermercado Carrefour,detergente,7791290794061,DETERGENTE BIOACTIVE LIMON CIF X 500 CC,3729.0,,,,,,,
2026-08-06,sepa,Hipermercado Carrefour,detergente,7791290794078,DETERGENTE BIOACTIVE LIMON CIF X 750 CC,6590.0,,,,,,,
2026-08-06,sepa,Hipermercado Carrefour,detergente,7791290794085,DETERGENTE BIOACTIVE LIMON CIF REPUESTO X 450 CC,2855.0,,,,,,,
2026-08-06,sepa,Hipermercado Carrefour,detergente,7791290794092,DETERGENTE BIOACTIVE LIMA CIF RESPUESTO X 450 CC,2855.0,,,,,,,
2026-08-06,sepa,Hipermercado Carrefour,detergente,7791290794108,DETERGENTE BIOACTIVE LIMA CIF X 300 CC,2329.0,,,,,,,
2026-08-06,sepa,Hipermercado Carrefour,detergente,7791290794115,DETERGENTE BIOACTIVE LIMA CIF X 500 CC,3729.0,,,,,,,
2026-08-06,sepa,Hipermercado Carrefour,lavandina,7791290794955,LAVANDINA EN GEL ORIGINAL VIM X 700 CC,3500.0,,,,,,,
2026-08-06,sepa,Hipermercado Carrefour,detergente,7791290796706,DETERGENTE ACTIVE GEL ORIG CIF BOT X 500 CC,4850.0,,,,,,,
2026-08-06,sepa,Hipermercado Carrefour,detergente,7791290796720,DETERGENTE ACTIVE GEL ORIG CIF DP X 400 CC,4289.0,,,,,,,
2026-08-06,sepa,Hipermercado Carrefour,detergente,7791290796737,DETERGENTE ACTIVE GEL LIMON CIF BOT X 500 CC,4850.0,,,,,,,
2026-08-06,sepa,Hipermercado Carrefour,detergente,7791290796744,DETERGENTE ACTIVE GEL LIMON CIF BOT X 750 CC,8229.0,,,,,,,
2026-08-06,sepa,Hipermercado Carrefour,detergente,7791290796751,DETERGENTE ACTIVE GEL LIMON CIF DP X 400 CC,4289.0,,,,,,,
2026-08-06,sepa,Hipermercado Carrefour,yogur-natural-sin-azucar,7791337007208,YOGUR NATURAL S LACTOSA SER POTE X 300 GR,4915.0,,,,,,,
2026-08-06,sepa,Hipermercado Carrefour,queso-crema-light,7791337009851,QUESO CREMA LIGHT LA SERENISIMA POTE X 460 GRS,6045.0,,,,,,,
2026-08-06,sepa,Hipermercado Carrefour,yogur-natural-sin-azucar,7791337010932,YOGUR GRIEGO FIR NATURAL YOGURISIMO POTE X 180 GR,2950.0,,,,,,,
2026-08-06,sepa,Hipermercado Carrefour,rollo-cocina,7791720002605,ROLLO DE COCINA CARREFOUR ESSENTIAL 3 X 40 PANOS,2350.0,,,,,,,
2026-08-06,sepa,Hipermercado Carrefour,rollo-cocina,7791720025543,ROLLO DE COCINA MAXI BLANCO CARREFOUR X 200 PANOS,2490.0,2850.0,,,,,Promo A valida desde el 04/08/2026 hasta 10/08/2026,
2026-08-06,sepa,Hipermercado Carrefour,queso-crema-light,7791720028506,QUESO CREMA LIGHT CARREFOUR CLASSIC X 290 GRS,3190.0,,,,,,,
2026-08-06,sepa,Hipermercado Carrefour,papel-higienico-doble-hoja,7791720032930,PAPEL HIGIENICO DH CARREFOUR ESSENTIAL 4X30 MTS,2990.0,3450.0,,,,,Promo A valida desde el 04/08/2026 hasta 10/08/2026,
2026-08-06,sepa,Hipermercado Carrefour,cafe-instantaneo,7791720035481,CAFE INSTANTANEO SUAVE CRF CLASSIC FRASCO X 170 GR,10650.0,,,,,,,
2026-08-06,sepa,Hipermercado Carrefour,vinagre-alcohol,7791720035955,VINAGRE DE ALCOHOL BULNEZ 1 LT,1190.0,,,,,,,
2026-08-06,sepa,Hipermercado Carrefour,vinagre-alcohol,7791720035962,VINAGRE DE ALCOHOL BULNEZ BIDON 5000 CC,5790.0,,,,,,,
2026-08-06,sepa,Hipermercado Carrefour,rollo-cocina,7791720045541,ROLLOS DE COCINA CARREFOUR ESSENTIAL 3 X 100 PANOS,4650.0,,,,,,,
2026-08-06,sepa,Hipermercado Carrefour,papel-higienico-doble-hoja,7791720045558,PAPEL HIG DOBLE HOJA CARREFOUR ESSENTIAL 4 X50MTS,5550.0,,,,,,,
2026-08-06,sepa,Hipermercado Carrefour,ricotta,7791720046951,RICOTTA ENTERA BULNEZ X 500 GRM,2966.5,3490.0,,,,,Promo A valida desde el 06/08/2026 hasta 12/08/2026,
2026-08-06,sepa,Hipermercado Carrefour,rollo-cocina,7791720047446,ROLLO DE COCINA DOBLE HOJA BULNEZ X 200 PANOS,2350.0,,,,,,,
2026-08-06,sepa,Hipermercado Carrefour,yogur-natural-sin-azucar,7791720048122,YOGUR NATURAL CARREFOUR EXTRA FRASCO X 200 GR,2337.5,2750.0,,,,,Promo A valida desde el 06/08/2026 hasta 12/08/2026,
2026-08-06,sepa,Hipermercado Carrefour,yogur-natural-sin-azucar,7791720048139,YOGUR NATURAL CARREFOUR CLASSIC POTE 300 X GR,2626.5,3090.0,,,,,Promo A valida desde el 06/08/2026 hasta 12/08/2026,
2026-08-06,sepa,Hipermercado Carrefour,gaseosa-cola-zero,7791813828365,GASEOSA COLA BLACK PEPSI N PET X 500 CC.,2200.0,,,,,,,
2026-08-06,sepa,Hipermercado Carrefour,gaseosa-cola-zero,7791813828419,GASEOSA COLA BLACK PEPSI NF PET X 1.5 LT,3950.0,,,,,,,
2026-08-06,sepa,Hipermercado Carrefour,gaseosa-cola-zero,7791813828464,GASEOSA COLA BLACK PEPSI N PET X 2 LT,4400.0,,,,,,,
2026-08-06,sepa,Hipermercado Carrefour,rollo-cocina,7791828000121,ROLLO COCINA PARA CADA DIA FELPITA 3 X 40 PANOS,2499.0,,,,,,,
2026-08-06,sepa,Hipermercado Carrefour,rollo-cocina,7791828900025,ROLLO DE COCINA DISNEY FELPITA 3 X 40 PANOS,3265.0,,,,,,,
2026-08-06,sepa,Hipermercado Carrefour,papel-higienico-doble-hoja,7791828900049,PAPEL HIGIENICO INFINITY FELPITA 4X30 MTS,4409.0,,,,,,,
2026-08-06,sepa,Hipermercado Carrefour,rollo-cocina,7791828900056,ROLLO DE COCINA BLANCO INFINITY FELPITA 3X100 MTS,5109.0,,,,,,,
2026-08-06,sepa,Hipermercado Carrefour,papel-higienico-doble-hoja,7791828900186,PAPEL HIGIENICO DH FELPITA PREMIUM 4X20 MTS,2940.0,,,,,,,
2026-08-06,sepa,Hipermercado Carrefour,papel-higienico-doble-hoja,7791828900278,PAPEL HIGIENICO D HOJA SUPER SUAVE FELPITA 6X30MTS,6405.0,,,,,,,
2026-08-06,sepa,Hipermercado Carrefour,papel-higienico-doble-hoja,7791828900285,PAPEL HIGIENICO DH INFINITY FELPITA 4 X 50 M,6860.0,,,,,,,
2026-08-06,sepa,Hipermercado Carrefour,rollo-cocina,7791828900377,ROLLO DE COCINA MAXIROLLO FELPITA X 200 PANOS,3069.0,,,,,,,
2026-08-06,sepa,Hipermercado Carrefour,papel-higienico-doble-hoja,7791828900520,PAPEL HIGIENICO DH FELPITA 12 X 30 MTS,14009.0,,,,,,,
2026-08-06,sepa,Hipermercado Carrefour,rollo-cocina,7791828900537,ROLLO DE COCINA PANO BLANCO FELPITA 3 X 60 UNI,2649.0,,,,,,,
2026-08-06,sepa,Hipermercado Carrefour,rollo-cocina,7791828900599,ROLLO DE COCINA MAXIROLLO FELPITA X 150 PANOS,3069.0,,,,,,,
2026-08-06,sepa,Hipermercado Carrefour,rollo-cocina,7791828900605,ROLLO DE COCINA FAMILIAR MAXIROLLO FELPITA 4 X 200,11039.0,,,,,,,
2026-08-06,sepa,Hipermercado Carrefour,lavandina,7791905000020,LAVANDINA CONCENTRADA QUERUBIN X 1 LT,1206.75,1609.0,,,,,Promo A valida desde el 06/08/2026 hasta 12/08/2026,
2026-08-06,sepa,Hipermercado Carrefour,lavandina,7791905003663,LAVANDINA ROPA BLANCA ADITIVADA QUERUBIN BOT X 1 L,2020.0,,,,,,,
2026-08-06,sepa,Hipermercado Carrefour,lavandina,7791905023203,LAVANDINA ORIGINAL ODEX X 1 LT,1295.0,,,,,,,
2026-08-06,sepa,Hipermercado Carrefour,lavandina,7791905023210,LAVANDINA ORIGINAL ODEX X 2 LT,2460.0,,,,,,,
2026-08-06,sepa,Hipermercado Carrefour,lavandina,7791905023227,LAVANDINA ORIGINAL ODEX X 4 LT,4809.0,,,,,,,
2026-08-06,sepa,Hipermercado Carrefour,lavandina,7791905024057,LAVANDINA ADITIVADA LAVANDA ODEX X 1 LT,1520.0,,,,,,,
2026-08-06,sepa,Hipermercado Carrefour,lavandina,7791905024064,LAVANDINA ADITIVADA LAVANDA ODEX X 2 LT,2810.0,,,,,,,
2026-08-06,sepa,Hipermercado Carrefour,lavandina,7791905024071,LAVANDINA ADITIVADA LAVANDA ODEX X 4 LT,4990.0,,,,,,,
2026-08-06,sepa,Hipermercado Carrefour,lavandina,7791905024095,LAVANDINA ADITIVADA BOSQUE ODEX X 2 LT,2810.0,,,,,,,
2026-08-06,sepa,Hipermercado Carrefour,lavandina,7791905024101,LAVANDINA ADITIVADA BOSQUE ODEX X 4 LT,4990.0,,,,,,,
2026-08-06,sepa,Hipermercado Carrefour,lavandina,7791905024248,LAVANDINA ADITIVADA EN GEL ORIGINAL ODEX X 700 CC,3000.0,,,,,,,
2026-08-06,sepa,Hipermercado Carrefour,lavandina,7793253003715,LAVANDINA MULTISUP LAVANDA TRIPLE PODER AYUDIN X1L,1839.0,,,,,,,
2026-08-06,sepa,Hipermercado Carrefour,lavandina,7793253003722,LAVANDINA MULTISUP LAVANDA TRIPLE PODER AYUDIN X2L,3465.0,,,,,,,
2026-08-06,sepa,Hipermercado Carrefour,lavandina,7793253003739,LAVANDINA MULTISUP LAVANDA TRIPLE PODER AYUDIN X4L,6895.0,,,,,,,
2026-08-06,sepa,Hipermercado Carrefour,lavandina,7793253003746,LAVANDINA MULTI PU GLACIAR TRIPLE PODER AYUDIN X1L,1839.0,,,,,,,
2026-08-06,sepa,Hipermercado Carrefour,lavandina,7793253003753,LAVANDINA MULTI PU GLACIAR TRIPLE PODER AYUDIN X2L,3465.0,,,,,,,
2026-08-06,sepa,Hipermercado Carrefour,lavandina,7793253003760,LAVANDINA MULTI PU GLACIAR TRIPLE PODER AYUDIN X4L,6895.0,,,,,,,
2026-08-06,sepa,Hipermercado Carrefour,lavandina,7793253003777,LAVANDINA ANTISPLASH TRADICIONAL AYUDIN X 1 LT,2150.0,,,,,,,
2026-08-06,sepa,Hipermercado Carrefour,lavandina,7793253003784,LAVANDINA ANTISPLASH TRADICIONAL AYUDIN X 2 LT,4185.0,,,,,,,
2026-08-06,sepa,Hipermercado Carrefour,lavandina,7793253003791,LAVANDINA EN GEL ORIGINAL AYUDIN BOTELLA X 700 CC,3519.0,,,,,,,
2026-08-06,sepa,Hipermercado Carrefour,lavandina,7793253003807,LAVANDINA EN GEL CITRUS AYUDIN BOTELLA X 700 CC,3519.0,,,,,,,
2026-08-06,sepa,Hipermercado Carrefour,lavandina,7793253003814,LAVANDINA EN GEL FLORAL AYUDIN BOTELLA X 700 CC,3519.0,,,,,,,
2026-08-06,sepa,Hipermercado Carrefour,lavandina,7793253003821,LAVANDINA EN GEL MENTA AYUDIN BOTELLA X 700 CC,3519.0,,,,,,,
2026-08-06,sepa,Hipermercado Carrefour,lavandina,7793253003838,LAVANDINA EN GEL LAVANDA AYUDIN X 700 CC,3519.0,,,,,,,
2026-08-06,sepa,Hipermercado Carrefour,lavandina,7793253003869,LAVANDINA EN GEL ORIGINAL AYUDIN BOTELLA X 1.5 LT,8200.0,,,,,,,
2026-08-06,sepa,Hipermercado Carrefour,lavandina,7793253003876,LAVANDINA EN GEL PUREZA CITRICA AYUDIN X 1.5 LT,8200.0,,,,,,,
2026-08-06,sepa,Hipermercado Carrefour,lavandina,7793253005856,LAVANDINA EN GEL ORIGINAL AYUDIN BOTELLA X 500 CC,2989.0,,,,,,,
2026-08-06,sepa,Hipermercado Carrefour,lavandina,7793253005863,LAVANDINA EN GEL CITRICA AYUDIN X 500 CC,2985.0,,,,,,,
2026-08-06,sepa,Hipermercado Carrefour,lavandina,7793253006709,LAVANDINA ORIGINAL DESINFECTANTE AYUDIN X 2 LT,2609.0,,,,,,,
2026-08-06,sepa,Hipermercado Carrefour,lavandina,7793253006716,LAVANDINA ORIGINAL DESINFECTANTE AYUDIN X 4 LT,5090.0,,,,,,,
2026-08-06,sepa,Hipermercado Carrefour,lavandina,7793253007263,LAVANDINA ANTISPLASH AYUDIN X 4 L,8280.0,,,,,,,
2026-08-06,sepa,Hipermercado Carrefour,papel-higienico-doble-hoja,7793344000517,PAPEL HIGIENICO D HOJA ELEGANTE 4 X 30 MT,3110.0,,,,,,,
2026-08-06,sepa,Hipermercado Carrefour,rollo-cocina,7793344009206,ROLLO DE COCINA GIGANTE ELEGANTE X 200 PANOS,2839.0,,,,,,,
2026-08-06,sepa,Hipermercado Carrefour,rollo-cocina,7793344009305,ROLLOS DE COCINA ELEGANTE GIRAMAS 3 X 100 PAN,5319.0,,,,,,,
2026-08-06,sepa,Hipermercado Carrefour,rollo-cocina,7793344904013,ROLLO DE COCINA ELEGANTE 3 X 50 PANOS,2839.0,,,,,,,
2026-08-06,sepa,Hipermercado Carrefour,rollo-cocina,7793344904853,ROLLO DE COCINA PREMIUM ELEGANTE 3 X 60 PAN,3429.0,,,,,,,
2026-08-06,sepa,Hipermercado Carrefour,yogur-natural-sin-azucar,7793913002423,YOGUR ENTERO NATURAL TREGAR POTE X 140 GRS.,2029.0,,,,,,,
2026-08-06,sepa,Hipermercado Carrefour,queso-crema-light,7793913013214,QUESO CREMA LIGHT TREGAR X 190 GRS,3190.0,,,,,,,
2026-08-06,sepa,Hipermercado Carrefour,queso-crema-light,7793913013641,QUESO NEUFCHATEL LIGHT TREGAR POTE X 180 GRS,3089.0,,,,,,,
2026-08-06,sepa,Hipermercado Carrefour,ricotta,7793913013665,RICOTTA ENTERA BAJO SODIO TREGAR POTE X 290 GRS,3790.0,,,,,,,
2026-08-06,sepa,Hipermercado Carrefour,ricotta,7793913013672,RICOTTA MAGRA BAJO SODIO TREGAR POTE X 290 GRS,3769.0,,,,,,,
2026-08-06,sepa,Hipermercado Carrefour,queso-crema-light,7794820015018,QUESO FUNDIDO LIGHT TRAD MILKAUT POTE X 190 GRS,3379.0,,,,,,,
2026-08-06,sepa,Hipermercado Carrefour,queso-crema-light,7794820903094,QUESO UNTABLE LIGHT CREMATTO POTE MILKAUT X 285GRS,5069.0,,,,,,,
2026-08-06,sepa,Hipermercado Carrefour,yogur-natural-sin-azucar,7794820903612,YOGUR ENT NATURAL CREMOSO MILKAUT POTE X 300 G,3879.0,,,,,,,
2026-08-06,sepa,Hipermercado Carrefour,yogur-natural-sin-azucar,7794820903711,YOGUR DESC NATURAL CREMOSO MILKAUT POTE X 300G,3879.0,,,,,,,
2026-08-06,sepa,Hipermercado Carrefour,queso-crema-light,7794990879663,QUESO CREMA LIGHT LA PAULINA POTE X 290 GRS,3245.0,,,,,,,
2026-08-06,sepa,Hipermercado Carrefour,vinagre-alcohol,7798033332610,VINAGRE DE ALCOHOL CARREFOUR PET X 500 CC,1190.0,,,,,,,
2026-08-06,sepa,Hipermercado Carrefour,vinagre-alcohol,7798033332641,VINAGRE DE ALCOHOL CARREFOUR PET X 1 LT,1550.0,,,,,,,
2026-08-06,sepa,Hipermercado Carrefour,atun-lomitos-natural,7798033333907,ATUN AL NATURAL LOMITOS CARREFOUR LATA X 170 GRS.,3490.0,,,,,,,
2026-08-06,sepa,Hipermercado Carrefour,atun-lomitos-natural,7798108349161,ATUN AL NATURAL LOMITOS CARREFOUR LATA X 354 GRS,6450.0,,,,,,,
2026-08-06,sepa,Hipermercado Carrefour,yogur-natural-sin-azucar,7798136870545,YOGUR FIRME NATURAL DAHI FRASCO X 190 GRS,2720.0,,,,,,,
2026-08-06,sepa,Hipermercado Carrefour,yogur-natural-sin-azucar,7798136870859,YOGUR NATURAL ESTILO GRIEGO DAHI FRASCO X 190 GRM,3289.0,,,,,,,
2026-08-06,sepa,Hipermercado Carrefour,rollo-cocina,7798141718221,ROLLO DE COCINA CARREFOUR 3 X 50 PANOS,2390.0,,,,,,,
2026-08-06,sepa,Hipermercado Carrefour,atun-lomitos-natural,7798152222151,ATUN AL NATURAL LOMITOS CARREFOUR 3 X 80 GRS,6150.0,,,,,,,
2026-08-06,sepa,Hipermercado Carrefour,papel-higienico-doble-hoja,7798159717520,PAPEL HIGIENICO D HOJA DECO CARREFOUR 4 X 50 MTS,6090.0,,,,,,,
2026-08-06,sepa,Hipermercado Carrefour,rollo-cocina,7798159717537,ROLLO DE COCINA DECORADO CARREFOUR 3 X 50 PANOS,2750.0,,,,,,,
2026-08-06,sepa,Hipermercado Carrefour,papel-higienico-doble-hoja,7798159718961,PAPEL HIGIENICO D HOJA CARREFOUR 4 X 30 MTS,2990.0,3450.0,,,,,Promo A valida desde el 04/08/2026 hasta 10/08/2026,
2026-08-06,sepa,Hipermercado Carrefour,ricotta,7798179070018,RICOTA G SILVIA X 500 GRS,3285.0,,,,,,,
2026-08-06,sepa,Hipermercado Carrefour,cafe-instantaneo,7798196990016,CAFE SOLUBLE SEGAFREDO FRASCO X 100 GRS,19500.0,,,,,,,
2026-08-06,sepa,Hipermercado Carrefour,cafe-instantaneo,7798196990047,CAFE INSTANTANEO LIOFILIZADO SEGAFREDO X 100 GRS,22100.0,,,,,,,
2026-08-06,sepa,Hipermercado Carrefour,queso-crema-light,7798312320567,QUESO UNTABLE LIGHT SANTA CLARA POTE X 300 GRS,3099.0,,,,,,,
2026-08-06,sepa,Hipermercado Carrefour,yogur-natural-sin-azucar,7798327950193,YOGUR NATURAL S AZUCAR SIN TACC BEAUDROIT 400 GR,4855.0,,,,,,,
2026-08-06,sepa,Hipermercado Carrefour,leche-protein,7798338291803,LECHE C PROTEINA VIDA ACTIVA LAS TRES NINAS X 1LT,2865.0,,,,,,,
2026-08-06,sepa,Hipermercado Carrefour,cafe-instantaneo,7891000426937,CAFE INSTANTANEO ICED COFFEE NESCAFE X 100 GRS,10210.0,,,,,,,
2026-08-06,sepa,Hipermercado Carrefour,capsulas-nespresso-starbucks,8445290154125,CAPSULA CAFE NESPRESSO STARBUCKS CARAMEL X 51 GRS,16599.0,,,,,,,
2026-08-06,sepa,Hipermercado Carrefour,capsulas-nespresso-starbucks,8445290814425,CAPSULA CAFE NESPRESSO STARBUCKS DECAF X 55 GRS,16599.0,,,,,,,
2026-08-06,sepa,Hipermercado Carrefour,cafe-instantaneo,8445291311510,CAFE INSTANTANEO TRADICION NESCAFE X 100 GRS,8750.0,,,,,,,
2026-08-06,sepa,Hipermercado Carrefour,cafe-instantaneo,8445291311558,CAFE INSTANTANEO SUAVE DOLCA DP X 100 GRS,6149.0,,,,,,,
2026-08-06,sepa,Hipermercado Carrefour,capsulas-nespresso-starbucks,8445291363656,CAPSULAS CAFE HOUSE BLEND STARBUCKS X 10 UNI,15995.0,,,,,,,
2026-08-06,sepa,Hipermercado Carrefour,capsulas-nespresso-starbucks,8445291367272,CAPSULAS CAFE ESPRESSO ROAST STARBUCKS X 10 UNI,16599.0,,,,,,,
2026-08-06,sepa,Hipermercado Carrefour,cafe-instantaneo,8445291738775,CAFE INSTANTANEO GOLD NESCAFE FRASCO X 95 GRS,21969.0,,,,,,,
2026-08-06,sepa,Hipermercado Carrefour,capsulas-nespresso-starbucks,8445291786721,CAPSULAS CAFE CHOCO HAZELNUT STARBUCKS X 10 UNI,15809.0,,,,,,,
2026-08-06,sepa,Market,desodorante-barra-hombre,7501001163983,ANTITRANSPIRANTE BARRA FRESH OLD SPICE X 50 GRS,9949.0,,,,,,,
2026-08-06,sepa,Market,desodorante-barra-hombre,75083694,DESODORANTE STICK BLUE LAVENDER AXE X 58 GRM,8709.0,,,,,,,
2026-08-06,sepa,Market,desodorante-barra-hombre,75083700,DESODORANTE STICK AQUA CITRUS AXE X 58 GRM,8709.0,,,,,,,
2026-08-06,sepa,Market,cafe-instantaneo,7613035379213,CAFE DESCAFEINADO INSTANTANEO NESCAFE X 100 GRS,16535.0,,,,,,,
2026-08-06,sepa,Market,cafe-instantaneo,7613036312752,CAFE INSTANTANEO EXPRESSO GOLD NESCAFE X 100 GRS,24475.0,,,,,,,
2026-08-06,sepa,Market,capsulas-nespresso-starbucks,7613036961004,CAPSULAS CAFE BLOND ESPRESSO STARBUCKS X 10 UNI,17765.0,,,,,,,
2026-08-06,sepa,Market,suprema-pollo,7790070036063,SUPREMAS DE POLLO GRANJA DEL SOL BOLSA X 360 GRS,10665.0,,,,,,,
2026-08-06,sepa,Market,vinagre-alcohol,7790130000034,VINAGRE DE ALCOHOL MENOYO PET X 500 CC,1379.0,,,,,,,
2026-08-06,sepa,Market,vinagre-alcohol,7790130000058,VINAGRE DE ALCOHOL MENOYO PET X 1 LT,1750.0,,,,,,,
2026-08-06,sepa,Market,vinagre-alcohol,7790130000263,VINAGRE DE ALCOHOL ALCAZAR PET 500 CC,1119.0,,,,,,,
2026-08-06,sepa,Market,vinagre-alcohol,7790130000294,VINAGRE DE ALCOHOL ALCAZAR PET X 1 LT,1319.0,,,,,,,
2026-08-06,sepa,Market,vinagre-alcohol,7790130000645,VINAGRE DE ALCOHOL MENOYO PET X 250 CC,1090.0,,,,,,,
2026-08-06,sepa,Market,lavandina,7790132098459,LAVANDINA ORIGINAL AYUDIN X 1 LT,1279.0,,,,,,,
2026-08-06,sepa,Market,vinagre-alcohol,7790139003166,VINAGRE DE ALCOHOL CLASICO CASALTA PET X500 CC,1205.0,,,,,,,
2026-08-06,sepa,Market,vinagre-alcohol,7790139101138,VINAGRE DE ALCOHOL FAVINCO PET X 1 LT,1589.0,,,,,,,
2026-08-06,sepa,Market,cafe-instantaneo,7790150100486,CAFE INSTANTANEO ESP INST CLAS LA VIRGINIA X 170GR,9209.0,,,,,,,
2026-08-06,sepa,Market,cafe-instantaneo,7790150100806,CAFE INSTANTANEO CLASICO LA VIRGINA DP X 100 GRS,5150.0,,,,,,,
2026-08-06,sepa,Market,cafe-instantaneo,7790150101780,CAFE INSTANTANEO SUAVE LA VIRGINA DP X 100 GRS,5139.0,,,,,,,
2026-08-06,sepa,Market,cafe-instantaneo,7790170904798,CAFE INSTANTANEO LA MORENITA FRASCO X 100 GRS,6350.0,,,,,,,
2026-08-06,sepa,Market,queso-crema-light,7790244941605,QUESO CREMA LIGTH SAN IGNACIO POTE X 290 GR,3769.0,,,,,,,
2026-08-06,sepa,Market,queso-crema-light,7790244941612,QUESO CREMA LIGHT SAN IGNACIO POTE X480 GRS,5669.0,,,,,,,
2026-08-06,sepa,Market,papel-higienico-doble-hoja,7790250015536,PAPEL HIGIENICO D HOJA PLUS HIGIENOL 4 X 30 MTS,3435.0,,,,,,,
2026-08-06,sepa,Market,papel-higienico-doble-hoja,7790250015567,PAPEL HIGIENICO DOBLE HOJA PLUS HIGIENOL 4 X 20 MT,3545.0,,,,,,,
2026-08-06,sepa,Market,papel-higienico-doble-hoja,7790250019411,PAPEL HIGIENICO DH PLUS HIGIENOL 30M X 18,20900.0,,,,,,,
2026-08-06,sepa,Market,papel-higienico-doble-hoja,7790250026075,PAPEL HIGIENICO D H ULTRA SUAVE ELITE 4 X 30 MTS,5599.0,,,,,,,
2026-08-06,sepa,Market,papel-higienico-doble-hoja,7790250026082,PAPEL HIGIENICO ULTRA SOFT D HOJA ELITE 4 X 50 MTS,10349.0,,,,,,,
2026-08-06,sepa,Market,rollo-cocina,7790250056881,ROLLO DE COCINA CLASICO SUSSEX 3 X 50 PAN,2546.67,2929.0,,,,,Promo A valida desde el 04/08/2026 hasta 10/08/2026,
2026-08-06,sepa,Market,rollo-cocina,7790250056898,ROLLO DE COCINA ULTRA SUSSEX 60P X 3 UNI,4980.0,,,,,,,
2026-08-06,sepa,Market,rollo-cocina,7790250056980,ROLLO DE COCINA MAXI SUSSEX 3 X 100 PAN,7489.0,,,,,,,
2026-08-06,sepa,Market,rollo-cocina,7790250057086,ROLLO COCINA CLASICO MEGA SUSSEX X 200 PANOS,3099.0,,,,,,,
2026-08-06,sepa,Market,papel-higienico-doble-hoja,7790250092452,PAPEL HIGIENICO DOBLE HOJA NOBLE 4 X 30 M,3669.0,,,,,,,
2026-08-06,sepa,Market,papel-higienico-doble-hoja,7790250913368,PAPEL HIGIENICO DH CON YAPA HIGIENOL 50M X 4 UNI,9359.0,,,,,,,
2026-08-06,sepa,Market,yerba-mananita,7790387015317,YERBA MATE BAJO POLVO MANANITA 4FLEX X 1 KG,4789.0,,,,,,,
2026-08-06,sepa,Market,yerba-mananita,7790387015324,YERBA MATE BAJO POLVO MANANITA 4FLEX X 500 GRS,2560.0,2570.0,,,,,Promo A valida desde el 04/08/2026 hasta 10/08/2026,
2026-08-06,sepa,Market,cafe-instantaneo,7790550029431,CAFE INSTANTANEO CLASICO LA PLANTA FRASCO X 170 GR,13709.0,,,,,,,
2026-08-06,sepa,Market,atun-lomitos-natural,7790580131364,ATUN AL NATURAL LOMITOS LA CAMPAGNOLA X 170 GRS,5745.0,,,,,,,
2026-08-06,sepa,Market,ricotta,7790742102805,RICOTTA ENTERA B SODIO GARCIA SACHET X 500 GRS,4509.0,,,,,,,
2026-08-06,sepa,Market,ricotta,7790742114204,RICOTTA SEMIGRASA BAJO SODIO GARCIA X 500 GRS,4755.0,,,,,,,
2026-08-06,sepa,Market,leche-protein,7790742358608,LECHE UAT DESC S LACT PROTEIN LA SERENISIMA BOTX1L,2999.0,,,,,,,
2026-08-06,sepa,Market,queso-crema-light,7790742373304,QUESO FUNDIDO FINLANDIA LIGHT POTE 290 GRS,5475.0,,,,,,,
2026-08-06,sepa,Market,yogur-natural-sin-azucar,7790787960934,YOGUR CREMOSO SAB NATURAL ILOLAY POTE X 350 G,3695.0,,,,,,,
2026-08-06,sepa,Market,gaseosa-cola-zero,7790895067532,GASEOSA COLA ZERO COCA COLA PET X 500 CC,1900.0,,,,,,,
2026-08-06,sepa,Market,gaseosa-cola-zero,7790895067556,GASEOSA COLA SIN AZUCAR COCA COLA PET X 1.5LT,3799.0,,,,,,,
2026-08-06,sepa,Market,gaseosa-cola-zero,7790895067570,GASEOSA COLA ZERO COCA COLA PET X 2.25 LT,5300.0,,,,,,,
2026-08-06,sepa,Market,gaseosa-cola-zero,7790895067587,GASEOSA COLA SIN AZUCAR COCA COLA LATA X 354 CC,2359.0,,,,,,,
2026-08-06,sepa,Market,gaseosa-cola-zero,7790895640438,GASEOSA COLA SIN AZUCAR COCA COLA PET X 3 LT,6650.0,,,,,,,
2026-08-06,sepa,Market,detergente,7790990003022,DETERGENTE ULTRA LIMON MAGISTRAL BOT X 300 CC,2595.0,,,,,,,
2026-08-06,sepa,Market,detergente,7790990003039,DETERGENTE ULTRA LIMON MAGISTRAL BOT X 500 CC,4189.0,,,,,,,
2026-08-06,sepa,Market,detergente,7790990003046,DETERGENTE ULTRA LIMON MAGISTRAL BOT X 750 CC,7550.0,,,,,,,
2026-08-06,sepa,Market,detergente,7790990003053,DETERGENTE ULTRA LIMON MAGISTRAL BOT 1400ML,13990.0,,,,,,,
2026-08-06,sepa,Market,detergente,7790990003121,DETERGENTE ULTRA MARINA MAGISTRAL BOT X 300 CC,3129.0,,,,,,,
2026-08-06,sepa,Market,detergente,7790990003138,DETERGENTE ULTRA MARINA MAGISTRAL BOT X 500 CC,4559.0,,,,,,,
2026-08-06,sepa,Market,detergente,7790990003145,DETERGENTE ULTRA MARINA MAGISTRAL BOT X 750 CC,7560.0,,,,,,,
2026-08-06,sepa,Market,detergente,7790990003381,DETERGENTE LIMON MAGISTRAL PLATINUM X 500 CC,6159.0,,,,,,,
2026-08-06,sepa,Market,detergente,7790990003404,DETERGENTE CREMOSO ULTRA LIMON BOT X 300 CC,3450.0,,,,,,,
2026-08-06,sepa,Market,detergente,7790990003411,DETERGENTE CREM ULTRA LIMON MAGISTRAL BOT X 500CC,4559.0,,,,,,,
2026-08-06,sepa,Market,detergente,7790990003787,DETERGENTE ULTRA LIMON MAGISTRAL DP X 450 CC,4315.0,,,,,,,
2026-08-06,sepa,Market,rollo-cocina,7791070005806,ROLLO DE COCINA CELESTIAL 3 X 50 PANOS,3189.0,,,,,,,
2026-08-06,sepa,Market,lavandina,7791290793804,LIMPIADOR EN GEL C LAVANDINA CIF X 513G,3669.0,,,,,,,
2026-08-06,sepa,Market,detergente,7791290794054,DETERGENTE BIOACTIVE LIMON CIF X 300 CC,2710.0,,,,,,,
2026-08-06,sepa,Market,detergente,7791290794061,DETERGENTE BIOACTIVE LIMON CIF X 500 CC,3889.0,,,,,,,
2026-08-06,sepa,Market,detergente,7791290794078,DETERGENTE BIOACTIVE LIMON CIF X 750 CC,6590.0,,,,,,,
2026-08-06,sepa,Market,detergente,7791290794085,DETERGENTE BIOACTIVE LIMON CIF REPUESTO X 450 CC,2855.0,,,,,,,
2026-08-06,sepa,Market,detergente,7791290794092,DETERGENTE BIOACTIVE LIMA CIF RESPUESTO X 450 CC,2855.0,,,,,,,
2026-08-06,sepa,Market,detergente,7791290794108,DETERGENTE BIOACTIVE LIMA CIF X 300 CC,2710.0,,,,,,,
2026-08-06,sepa,Market,detergente,7791290794115,DETERGENTE BIOACTIVE LIMA CIF X 500 CC,3889.0,,,,,,,
2026-08-06,sepa,Market,lavandina,7791290794955,LAVANDINA EN GEL ORIGINAL VIM X 700 CC,3500.0,,,,,,,
2026-08-06,sepa,Market,detergente,7791290796706,DETERGENTE ACTIVE GEL ORIG CIF BOT X 500 CC,5485.0,,,,,,,
2026-08-06,sepa,Market,detergente,7791290796713,DETERGENTE ACTIVE GEL ORIG CIF BOT X 750 CC,8229.0,,,,,,,
2026-08-06,sepa,Market,detergente,7791290796720,DETERGENTE ACTIVE GEL ORIG CIF DP X 400 CC,4289.0,,,,,,,
2026-08-06,sepa,Market,detergente,7791290796737,DETERGENTE ACTIVE GEL LIMON CIF BOT X 500 CC,5485.0,,,,,,,
2026-08-06,sepa,Market,detergente,7791290796751,DETERGENTE ACTIVE GEL LIMON CIF DP X 400 CC,4289.0,,,,,,,
2026-08-06,sepa,Market,yogur-natural-sin-azucar,7791337007208,YOGUR NATURAL S LACTOSA SER POTE X 300 GR,4915.0,,,,,,,
2026-08-06,sepa,Market,queso-crema-light,7791337009851,QUESO CREMA LIGHT LA SERENISIMA POTE X 460 GRS,6045.0,,,,,,,
2026-08-06,sepa,Market,yogur-natural-sin-azucar,7791337010932,YOGUR GRIEGO FIR NATURAL YOGURISIMO POTE X 180 GR,2950.0,,,,,,,
2026-08-06,sepa,Market,rollo-cocina,7791720002605,ROLLO DE COCINA CARREFOUR ESSENTIAL 3 X 40 PANOS,2350.0,,,,,,,
2026-08-06,sepa,Market,rollo-cocina,7791720025543,ROLLO DE COCINA MAXI BLANCO CARREFOUR X 200 PANOS,2490.0,2850.0,,,,,Promo A valida desde el 04/08/2026 hasta 10/08/2026,
2026-08-06,sepa,Market,queso-crema-light,7791720028506,QUESO CREMA LIGHT CARREFOUR CLASSIC X 290 GRS,3190.0,,,,,,,
2026-08-06,sepa,Market,rollo-cocina,7791720045541,ROLLOS DE COCINA CARREFOUR ESSENTIAL 3 X 100 PANOS,4650.0,,,,,,,
2026-08-06,sepa,Market,papel-higienico-doble-hoja,7791720045558,PAPEL HIG DOBLE HOJA CARREFOUR ESSENTIAL 4 X50MTS,5550.0,,,,,,,
2026-08-06,sepa,Market,ricotta,7791720046951,RICOTTA ENTERA BULNEZ X 500 GRM,3490.0,,,,,,,
2026-08-06,sepa,Market,rollo-cocina,7791720047446,ROLLO DE COCINA DOBLE HOJA BULNEZ X 200 PANOS,2350.0,,,,,,,
2026-08-06,sepa,Market,yogur-natural-sin-azucar,7791720048122,YOGUR NATURAL CARREFOUR EXTRA FRASCO X 200 GR,2750.0,,,,,,,
2026-08-06,sepa,Market,yogur-natural-sin-azucar,7791720048139,YOGUR NATURAL CARREFOUR CLASSIC POTE 300 X GR,3090.0,,,,,,,
2026-08-06,sepa,Market,gaseosa-cola-zero,7791813828365,GASEOSA COLA BLACK PEPSI N PET X 500 CC.,2200.0,,,,,,,
2026-08-06,sepa,Market,gaseosa-cola-zero,7791813828419,GASEOSA COLA BLACK PEPSI NF PET X 1.5 LT,3950.0,,,,,,,
2026-08-06,sepa,Market,gaseosa-cola-zero,7791813828464,GASEOSA COLA BLACK PEPSI N PET X 2 LT,4400.0,,,,,,,
2026-08-06,sepa,Market,rollo-cocina,7791828000121,ROLLO COCINA PARA CADA DIA FELPITA 3 X 40 PANOS,2499.0,,,,,,,
2026-08-06,sepa,Market,papel-higienico-doble-hoja,7791828900049,PAPEL HIGIENICO INFINITY FELPITA 4X30 MTS,4449.0,,,,,,,
2026-08-06,sepa,Market,rollo-cocina,7791828900056,ROLLO DE COCINA BLANCO INFINITY FELPITA 3X100 MTS,5109.0,,,,,,,
2026-08-06,sepa,Market,papel-higienico-doble-hoja,7791828900186,PAPEL HIGIENICO DH FELPITA PREMIUM 4X20 MTS,2940.0,,,,,,,
2026-08-06,sepa,Market,papel-higienico-doble-hoja,7791828900278,PAPEL HIGIENICO D HOJA SUPER SUAVE FELPITA 6X30MTS,6405.0,,,,,,,
2026-08-06,sepa,Market,papel-higienico-doble-hoja,7791828900285,PAPEL HIGIENICO DH INFINITY FELPITA 4 X 50 M,6860.0,,,,,,,
2026-08-06,sepa,Market,rollo-cocina,7791828900377,ROLLO DE COCINA MAXIROLLO FELPITA X 200 PANOS,3069.0,,,,,,,
2026-08-06,sepa,Market,rollo-cocina,7791828900537,ROLLO DE COCINA PANO BLANCO FELPITA 3 X 60 UNI,2649.0,,,,,,,
2026-08-06,sepa,Market,lavandina,7791905000020,LAVANDINA CONCENTRADA QUERUBIN X 1 LT,1609.0,,,,,,,
2026-08-06,sepa,Market,lavandina,7791905000037,LAVANDINA CONCENTRADA QUERUBIN X 2 LT,3129.0,,,,,,,
2026-08-06,sepa,Market,lavandina,7791905003663,LAVANDINA ROPA BLANCA ADITIVADA QUERUBIN BOT X 1 L,2020.0,,,,,,,
2026-08-06,sepa,Market,lavandina,7791905023203,LAVANDINA ORIGINAL ODEX X 1 LT,1295.0,,,,,,,
2026-08-06,sepa,Market,lavandina,7791905023210,LAVANDINA ORIGINAL ODEX X 2 LT,2459.0,,,,,,,
2026-08-06,sepa,Market,lavandina,7791905023227,LAVANDINA ORIGINAL ODEX X 4 LT,4809.0,,,,,,,
2026-08-06,sepa,Market,lavandina,7791905024248,LAVANDINA ADITIVADA EN GEL ORIGINAL ODEX X 700 CC,3000.0,,,,,,,
2026-08-06,sepa,Market,lavandina,7793253003715,LAVANDINA MULTISUP LAVANDA TRIPLE PODER AYUDIN X1L,1909.0,,,,,,,
2026-08-06,sepa,Market,lavandina,7793253003722,LAVANDINA MULTISUP LAVANDA TRIPLE PODER AYUDIN X2L,3609.0,,,,,,,
2026-08-06,sepa,Market,lavandina,7793253003739,LAVANDINA MULTISUP LAVANDA TRIPLE PODER AYUDIN X4L,7179.0,,,,,,,
2026-08-06,sepa,Market,lavandina,7793253003746,LAVANDINA MULTI PU GLACIAR TRIPLE PODER AYUDIN X1L,1909.0,,,,,,,
2026-08-06,sepa,Market,lavandina,7793253003753,LAVANDINA MULTI PU GLACIAR TRIPLE PODER AYUDIN X2L,3609.0,,,,,,,
2026-08-06,sepa,Market,lavandina,7793253003760,LAVANDINA MULTI PU GLACIAR TRIPLE PODER AYUDIN X4L,7179.0,,,,,,,
2026-08-06,sepa,Market,lavandina,7793253003777,LAVANDINA ANTISPLASH TRADICIONAL AYUDIN X 1 LT,2225.0,,,,,,,
2026-08-06,sepa,Market,lavandina,7793253003784,LAVANDINA ANTISPLASH TRADICIONAL AYUDIN X 2 LT,4309.0,,,,,,,
2026-08-06,sepa,Market,lavandina,7793253003791,LAVANDINA EN GEL ORIGINAL AYUDIN BOTELLA X 700 CC,3519.0,,,,,,,
2026-08-06,sepa,Market,lavandina,7793253003807,LAVANDINA EN GEL CITRUS AYUDIN BOTELLA X 700 CC,3519.0,,,,,,,
2026-08-06,sepa,Market,lavandina,7793253003821,LAVANDINA EN GEL MENTA AYUDIN BOTELLA X 700 CC,3519.0,,,,,,,
2026-08-06,sepa,Market,lavandina,7793253003838,LAVANDINA EN GEL LAVANDA AYUDIN X 700 CC,3519.0,,,,,,,
2026-08-06,sepa,Market,lavandina,7793253005856,LAVANDINA EN GEL ORIGINAL AYUDIN BOTELLA X 500 CC,2989.0,,,,,,,
2026-08-06,sepa,Market,lavandina,7793253005863,LAVANDINA EN GEL CITRICA AYUDIN X 500 CC,2985.0,,,,,,,
2026-08-06,sepa,Market,lavandina,7793253006709,LAVANDINA ORIGINAL DESINFECTANTE AYUDIN X 2 LT,2486.25,2925.0,,,,,Promo A valida desde el 01/08/2026 hasta 07/08/2026,
2026-08-06,sepa,Market,lavandina,7793253006716,LAVANDINA ORIGINAL DESINFECTANTE AYUDIN X 4 LT,5789.0,,,,,,,
2026-08-06,sepa,Market,papel-higienico-doble-hoja,7793344000517,PAPEL HIGIENICO D HOJA ELEGANTE 4 X 30 MT,3900.0,,,,,,,
2026-08-06,sepa,Market,rollo-cocina,7793344009206,ROLLO DE COCINA GIGANTE ELEGANTE X 200 PANOS,2839.0,,,,,,,
2026-08-06,sepa,Market,rollo-cocina,7793344009305,ROLLOS DE COCINA ELEGANTE GIRAMAS 3 X 100 PAN,5319.0,,,,,,,
2026-08-06,sepa,Market,rollo-cocina,7793344904013,ROLLO DE COCINA ELEGANTE 3 X 50 PANOS,2839.0,,,,,,,
2026-08-06,sepa,Market,rollo-cocina,7793344904853,ROLLO DE COCINA PREMIUM ELEGANTE 3 X 60 PAN,3429.0,,,,,,,
2026-08-06,sepa,Market,queso-crema-light,7793913013214,QUESO CREMA LIGHT TREGAR X 190 GRS,3190.0,,,,,,,
2026-08-06,sepa,Market,queso-crema-light,7793913013641,QUESO NEUFCHATEL LIGHT TREGAR POTE X 180 GRS,3089.0,,,,,,,
2026-08-06,sepa,Market,ricotta,7793913013665,RICOTTA ENTERA BAJO SODIO TREGAR POTE X 290 GRS,3790.0,,,,,,,
2026-08-06,sepa,Market,ricotta,7793913013672,RICOTTA MAGRA BAJO SODIO TREGAR POTE X 290 GRS,3790.0,,,,,,,
2026-08-06,sepa,Market,queso-crema-light,7794820015018,QUESO FUNDIDO LIGHT TRAD MILKAUT POTE X 190 GRS,3379.0,,,,,,,
2026-08-06,sepa,Market,queso-crema-light,7794820903094,QUESO UNTABLE LIGHT CREMATTO POTE MILKAUT X 285GRS,5069.0,,,,,,,
2026-08-06,sepa,Market,yogur-natural-sin-azucar,7794820903612,YOGUR ENT NATURAL CREMOSO MILKAUT POTE X 300 G,3879.0,,,,,,,
2026-08-06,sepa,Market,yogur-natural-sin-azucar,7794820903711,YOGUR DESC NATURAL CREMOSO MILKAUT POTE X 300G,3879.0,,,,,,,
2026-08-06,sepa,Market,queso-crema-light,7794990879663,QUESO CREMA LIGHT LA PAULINA POTE X 290 GRS,3429.0,,,,,,,
2026-08-06,sepa,Market,vinagre-alcohol,7798033332610,VINAGRE DE ALCOHOL CARREFOUR PET X 500 CC,1190.0,,,,,,,
2026-08-06,sepa,Market,vinagre-alcohol,7798033332641,VINAGRE DE ALCOHOL CARREFOUR PET X 1 LT,1550.0,,,,,,,
2026-08-06,sepa,Market,atun-lomitos-natural,7798033333907,ATUN AL NATURAL LOMITOS CARREFOUR LATA X 170 GRS.,3490.0,,,,,,,
2026-08-06,sepa,Market,atun-lomitos-natural,7798108349161,ATUN AL NATURAL LOMITOS CARREFOUR LATA X 354 GRS,6450.0,,,,,,,
2026-08-06,sepa,Market,rollo-cocina,7798141718221,ROLLO DE COCINA CARREFOUR 3 X 50 PANOS,2390.0,,,,,,,
2026-08-06,sepa,Market,atun-lomitos-natural,7798152222151,ATUN AL NATURAL LOMITOS CARREFOUR 3 X 80 GRS,6150.0,,,,,,,
2026-08-06,sepa,Market,papel-higienico-doble-hoja,7798159717520,PAPEL HIGIENICO D HOJA DECO CARREFOUR 4 X 50 MTS,6090.0,,,,,,,
2026-08-06,sepa,Market,rollo-cocina,7798159717537,ROLLO DE COCINA DECORADO CARREFOUR 3 X 50 PANOS,2750.0,,,,,,,
2026-08-06,sepa,Market,papel-higienico-doble-hoja,7798159718961,PAPEL HIGIENICO D HOJA CARREFOUR 4 X 30 MTS,2990.0,3450.0,,,,,Promo A valida desde el 04/08/2026 hasta 10/08/2026,
2026-08-06,sepa,Market,ricotta,7798179070018,RICOTA G SILVIA X 500 GRS,3285.0,,,,,,,
2026-08-06,sepa,Market,cafe-instantaneo,7798196990016,CAFE SOLUBLE SEGAFREDO FRASCO X 100 GRS,19500.0,,,,,,,
2026-08-06,sepa,Market,queso-crema-light,7798312320567,QUESO UNTABLE LIGHT SANTA CLARA POTE X 300 GRS,3099.0,,,,,,,
2026-08-06,sepa,Market,leche-protein,7798338291803,LECHE C PROTEINA VIDA ACTIVA LAS TRES NINAS X 1LT,2865.0,,,,,,,
2026-08-06,sepa,Market,capsulas-nespresso-starbucks,8445290154125,CAPSULA CAFE NESPRESSO STARBUCKS CARAMEL X 51 GRS,16599.0,,,,,,,
2026-08-06,sepa,Market,capsulas-nespresso-starbucks,8445290814425,CAPSULA CAFE NESPRESSO STARBUCKS DECAF X 55 GRS,16599.0,,,,,,,
2026-08-06,sepa,Market,cafe-instantaneo,8445291311510,CAFE INSTANTANEO TRADICION NESCAFE X 100 GRS,8949.0,,,,,,,
2026-08-06,sepa,Market,cafe-instantaneo,8445291311558,CAFE INSTANTANEO SUAVE DOLCA DP X 100 GRS,6149.0,,,,,,,
2026-08-06,sepa,Market,capsulas-nespresso-starbucks,8445291363656,CAPSULAS CAFE HOUSE BLEND STARBUCKS X 10 UNI,15995.0,,,,,,,
2026-08-06,sepa,Market,capsulas-nespresso-starbucks,8445291367272,CAPSULAS CAFE ESPRESSO ROAST STARBUCKS X 10 UNI,16599.0,,,,,,,
2026-08-06,sepa,Market,cafe-instantaneo,8445291738775,CAFE INSTANTANEO GOLD NESCAFE FRASCO X 95 GRS,20729.0,,,,,,,
2026-08-06,sepa,Market,capsulas-nespresso-starbucks,8445291786721,CAPSULAS CAFE CHOCO HAZELNUT STARBUCKS X 10 UNI,15809.0,,,,,,,
2026-08-06,sepa,Supermercados DIA,desodorante-barra-hombre,75083694,DEO BLUE LAVEN BARRA,8699.0,,,,,,,
2026-08-06,sepa,Supermercados DIA,desodorante-barra-hombre,75083700,DEO AQUA CITRUS BARR,8699.0,,,,,,,
2026-08-06,sepa,Supermercados DIA,suprema-pollo,7790070036063,SUPR DE POLL CROCANT,10665.0,,,,,,,
2026-08-06,sepa,Supermercados DIA,vinagre-alcohol,7790130000034,VINAGRE DE ALCOHOL,1400.0,,,,,,,
2026-08-06,sepa,Supermercados DIA,vinagre-alcohol,7790130000058,VINAGRE DE ALCOHOL,1965.0,,,,,,,
2026-08-06,sepa,Supermercados DIA,lavandina,7790132098459,LAVANDINA ORIG MULTI,1279.0,,,,,,,
2026-08-06,sepa,Supermercados DIA,cafe-instantaneo,7790150100462,CAFE INSTANT CLASICO,8050.0,,,,,,,
2026-08-06,sepa,Supermercados DIA,cafe-instantaneo,7790150100806,CAFE INST CLAS DOYPA,5145.0,,,,,,,
2026-08-06,sepa,Supermercados DIA,cafe-instantaneo,7790150101476,CAFE INSTANTA SUAVE,8050.0,,,,,,,
2026-08-06,sepa,Supermercados DIA,cafe-instantaneo,7790150101780,CAFE INSTANT SUAV DP,5145.0,,,,,,,
2026-08-06,sepa,Supermercados DIA,papel-higienico-doble-hoja,7790250015536,P HIG DOBLE FUSION,3619.0,,,,,,,
2026-08-06,sepa,Supermercados DIA,papel-higienico-doble-hoja,7790250026075,P HIG DOBL HOJA 30MT,5615.0,,,,,,,
2026-08-06,sepa,Supermercados DIA,rollo-cocina,7790250056881,ROLLO COCINA CLASICO,2840.0,,,,,,,
2026-08-06,sepa,Supermercados DIA,rollo-cocina,7790250057086,RC CLASICO MEGARROLL,3249.0,,,,,,,
2026-08-06,sepa,Supermercados DIA,yerba-mananita,7790387015317,YERBA MATE 4FLEX,3790.0,,,,,,,
2026-08-06,sepa,Supermercados DIA,yerba-mananita,7790387015324,YERBA MATE 4 FLEX,2850.0,,,,,,,
2026-08-06,sepa,Supermercados DIA,atun-lomitos-natural,7790580131364,ATUN LOMITO NATURAL,6280.0,,,,,,,
2026-08-06,sepa,Supermercados DIA,ricotta,7790742102805,RICOTTA ENTERA,4699.0,,,,,,,
2026-08-06,sepa,Supermercados DIA,leche-protein,7790742358608,LECHE PROTEIN DES 0%,2999.0,,,,,,,
2026-08-06,sepa,Supermercados DIA,queso-crema-light,7790742373304,QUESO UNT LIGHT,5345.0,,,,,,,
2026-08-06,sepa,Supermercados DIA,gaseosa-cola-zero,7790895067532,GASEO COLA ZERO,2450.0,,,,,,,
2026-08-06,sepa,Supermercados DIA,gaseosa-cola-zero,7790895067556,GASEO COLA S/AZUCAR,4150.0,,,,,,,
2026-08-06,sepa,Supermercados DIA,gaseosa-cola-zero,7790895067570,GASEO COLA ZERO,5500.0,,,,,,,
2026-08-06,sepa,Supermercados DIA,detergente,7790990003022,DETERGEN ULTRA LIMON,2595.0,,,,,,,
2026-08-06,sepa,Supermercados DIA,detergente,7790990003039,DETER ULTRA LIMON,4189.0,,,,,,,
2026-08-06,sepa,Supermercados DIA,detergente,7790990003046,LAVAVAJ ULTRA LIMON,7550.0,,,,,,,
2026-08-06,sepa,Supermercados DIA,detergente,7790990003138,DETERG ULTRA MARINA,5040.0,,,,,,,
2026-08-06,sepa,Supermercados DIA,detergente,7790990003787,LAVAVAJI ULTRA LIMON,3200.0,,,,,,,
2026-08-06,sepa,Supermercados DIA,lavandina,7791290793781,LIMPIADOR CREMOSO,3400.0,4650.0,,,,,27% de descuento. Precio Promocional Exclusivo DIA en Sucursales Indicadas Hasta Agotar Stock o Finalice Vigencia.,
2026-08-06,sepa,Supermercados DIA,lavandina,7791290793804,LIMPIADOR GEL LAV/CL,3650.0,,,,,,,
2026-08-06,sepa,Supermercados DIA,detergente,7791290794054,LAVAVAJILL BIOACT LI,2700.0,,,,,,,
2026-08-06,sepa,Supermercados DIA,detergente,7791290794061,LAVAVAJ BIOACT LIMON,3772.0,,,,,,,
2026-08-06,sepa,Supermercados DIA,detergente,7791290794078,LAVAVAJ BIOACT LIMON,6550.0,,,,,,,
2026-08-06,sepa,Supermercados DIA,detergente,7791290794085,LAVAVAJ BIO LIMON DP,3850.0,,,,,,,
2026-08-06,sepa,Supermercados DIA,detergente,7791290794092,LAVAVAJ BIOAC LIMA D,3850.0,,,,,,,
2026-08-06,sepa,Supermercados DIA,detergente,7791290794108,LAVAVAJI BIOACT LIMA,2700.0,,,,,,,
2026-08-06,sepa,Supermercados DIA,detergente,7791290794115,LAVAVAJI BIOACT LIMA,3889.0,,,,,,,
2026-08-06,sepa,Supermercados DIA,lavandina,7791290794955,LAVANDINA GEL ORIGIN,3500.0,,,,,,,
2026-08-06,sepa,Supermercados DIA,detergente,7791290796706,LAVAVAJ ACT GEL ORIG,5450.0,,,,,,,
2026-08-06,sepa,Supermercados DIA,detergente,7791290796720,DET ACTIVEGEL ORIGIN,4280.0,,,,,,,
2026-08-06,sepa,Supermercados DIA,detergente,7791290796737,DET ACTIVEGEL LIMON,5450.0,,,,,,,
2026-08-06,sepa,Supermercados DIA,detergente,7791290796751,LAVAVAJ ACTIV LIM DP,4280.0,,,,,,,
2026-08-06,sepa,Supermercados DIA,yogur-natural-sin-azucar,7791337007208,YOGUR NATURAL BIGPOT,4915.0,,,,,,,
2026-08-06,sepa,Supermercados DIA,queso-crema-light,7791337009851,QUESO BLANCO LIGHT,6045.0,,,,,,,
2026-08-06,sepa,Supermercados DIA,gaseosa-cola-zero,7791813828365,GASEO PEPSI BLACK,2200.0,,,,,,,
2026-08-06,sepa,Supermercados DIA,gaseosa-cola-zero,7791813828419,GASEO COLA BLACK,3900.0,,,,,,,
2026-08-06,sepa,Supermercados DIA,gaseosa-cola-zero,7791813828464,GASEO COLA BLACK,4300.0,,,,,,,
2026-08-06,sepa,Supermercados DIA,lavandina,7793253003715,LAVAN LAV TRI PODER,1890.0,,,,,,,
2026-08-06,sepa,Supermercados DIA,lavandina,7793253003722,LAVANDINA LAVA TR PO,3640.0,,,,,,,
2026-08-06,sepa,Supermercados DIA,lavandina,7793253003753,LAVA PUR GLA TRI POD,3640.0,,,,,,,
2026-08-06,sepa,Supermercados DIA,lavandina,7793253003777,LAVANDINA ANTISPLASH,2240.0,,,,,,,
2026-08-06,sepa,Supermercados DIA,lavandina,7793253003791,LAVANDINA EN GEL,3590.0,,,,,,,
2026-08-06,sepa,Supermercados DIA,lavandina,7793253003807,LAVANDINA EN GEL CIT,3590.0,,,,,,,
2026-08-06,sepa,Supermercados DIA,lavandina,7793253003838,LAVANDINA EN GEL LAV,3590.0,,,,,,,
2026-08-06,sepa,Supermercados DIA,lavandina,7793253006709,LAVANDINA ORIGINAL,2950.0,,,,,,,
2026-08-06,sepa,Supermercados DIA,lavandina,7793253006716,LAVANDINA ORIGINAL,5890.0,,,,,,,
2026-08-06,sepa,Supermercados DIA,queso-crema-light,7794820903094,QUESO CREMATTO LIGHT,5069.0,,,,,,,
2026-08-06,sepa,Supermercados DIA,yogur-natural-sin-azucar,7794820903612,YOG NATURAL CREMOSO,3879.0,,,,,,,
2026-08-06,sepa,Supermercados DIA,queso-crema-light,7794990879663,QUESO CREMA LIGHT,3245.0,,,,,,,
2026-08-06,sepa,Supermercados DIA,lavandina,7798131250380,LAVANDINA CLÁSICA,1100.0,,,,,,,
2026-08-06,sepa,Supermercados DIA,lavandina,7798131250397,LAVANDINA CLÁSICA,2170.0,,,,,,,
2026-08-06,sepa,Supermercados DIA,yogur-natural-sin-azucar,7798136870545,YOG FIRME NAT S/AZUC,2720.0,,,,,,,
2026-08-06,sepa,Supermercados DIA,yogur-natural-sin-azucar,7798136870743,YOG NAT DESLAC C/PRO,3290.0,,,,,,,
2026-08-06,sepa,Supermercados DIA,yogur-natural-sin-azucar,7798136870859,YOG EST GRIEGO NATUR,3290.0,,,,,,,
2026-08-06,sepa,Supermercados DIA,leche-protein,7798338291803,LECH PROTEIN,2100.0,2865.0,,,,,27% de descuento. Precio Promocional Exclusivo DIA en Sucursales Indicadas Hasta Agotar Stock o Finalice Vigencia.,
2026-08-06,sepa,Supermercados DIA,capsulas-nespresso-starbucks,8445291363656,LUNGO CAPS COFFEE,16605.0,,,,,,,
2026-08-06,sepa,Supermercados DIA,cafe-instantaneo,8445291738775,CAFE GOLD,15545.0,20729.0,,,,,25% de descuento. Precio Promocional Exclusivo DIA en Sucursales Indicadas Hasta Agotar Stock o Finalice Vigencia.,
2026-08-06,sepa,Vea,cafe-instantaneo,7613035379213,Cafe Descafeinado NESCAFE MasAroma 100g FCO-100-gr.,15499.0,,,,,,,
2026-08-06,sepa,Vea,cafe-instantaneo,7613036312752,Nescafe GOLD espresso 100g FCO-100-gr.,21299.0,,,,,,,
2026-08-06,sepa,Vea,capsulas-nespresso-starbucks,7613036961004,Capsulas STARBUCKS Blonde Espresso Roast CJA-53-gr.,15699.0,,,,,,,
2026-08-06,sepa,Vea,capsulas-nespresso-starbucks,7613036961448,Capsulas Café STARBUCKS Colombia x57g CJA-57-gr.,15699.0,,,,,,,
2026-08-06,sepa,Vea,suprema-pollo,7790070036063,Suprema de pollo GRANJA DEL SOL 360g PAQ-360-gr.,10990.0,,,,,,,
2026-08-06,sepa,Vea,vinagre-alcohol,7790130000034,Vinagre MENOYO de alcohol PVC-500-cc.,1350.0,,,,,,,
2026-08-06,sepa,Vea,vinagre-alcohol,7790130000058,Vinagre MENOYO de alcohol PVC-1-lt.,1850.0,,,,,,,
2026-08-06,sepa,Vea,vinagre-alcohol,7790130000263,Vinagre alcazar de alcohol PVC-500-cc.,1150.0,,,,,,,
2026-08-06,sepa,Vea,lavandina,7790132098459,lavandina AYUDIN original 1L       PVC-1000-ml.,1290.0,,,,,,,
2026-08-06,sepa,Vea,vinagre-alcohol,7790139101138,Vinagre de Alcohol Favinco S/T x 1lt BOT-1000-ml.,1290.0,,,,,,,
2026-08-06,sepa,Vea,cafe-instantaneo,7790150100462,café LA VIRGINIA Clásico Espuma DPx170g DOY-170-gr.,7590.0,,,,,,,
2026-08-06,sepa,Vea,cafe-instantaneo,7790150100486,café LA VIRGINIA Clasico Espuma x170G FCO-170-gr.,6799.0,,,,,,,
2026-08-06,sepa,Vea,cafe-instantaneo,7790150100783,café LA VIRGINIA Clasico Espuma x100G FCO-100-gr.,5399.0,,,,,,,
2026-08-06,sepa,Vea,cafe-instantaneo,7790150101476,café LA VIRGINIA Suave Espuma DP x170g DOY-170-gr.,7590.0,,,,,,,
2026-08-06,sepa,Vea,cafe-instantaneo,7790150101780,Café LA VIRGINIA Suave Espuma DPx100g DOY-100-gr.,5199.0,,,,,,,
2026-08-06,sepa,Vea,cafe-instantaneo,7790170904798,café LA MORENITA Intenso x100g FCO-100-gr.,5899.0,,,,,,,
2026-08-06,sepa,Vea,queso-crema-light,7790244941605,Q.Blancrem Light S.Ignacio 290g POT-290-gr.,3599.0,,,,,,,
2026-08-06,sepa,Vea,queso-crema-light,7790244941612,Q.Blancrem Light S.Ignacio 480g POT-480-gr.,5199.0,,,,,,,
2026-08-06,sepa,Vea,papel-higienico-doble-hoja,7790250015536,papel higieni HIGIENOL dob h fus 4x30m BSA-4-m2,3290.0,,,,,,,
2026-08-06,sepa,Vea,rollo-cocina,7790250056881,rollo cocina SUSSEX clasic 3x50paños PAQ-15-m2,2890.0,,,,,,,
2026-08-06,sepa,Vea,rollo-cocina,7790250056980,rollo cocina SUSSEX ultra 3x100p PAQ-300-un.,6790.0,,,,,,,
2026-08-06,sepa,Vea,yerba-mananita,7790387015317,Yerba Mate MAÑANITA 4FLEX 1kg PAQ-1000-gr.,4990.0,,,,,,,
2026-08-06,sepa,Vea,yerba-mananita,7790387015324,Yerba Mate MAÑANITA 4FLEX 1/2kg PAQ-500-gr.,2690.0,,,,,,,
2026-08-06,sepa,Vea,atun-lomitos-natural,7790580131364,Atun LA CAMPAGNOLA al natural x170g LAT-170-gr.,4990.0,,,,,,,
2026-08-06,sepa,Vea,ricotta,7790742102805,ricota entera GARCIA baja en sodio SCH-500-gr.,5050.0,,,,,,,
2026-08-06,sepa,Vea,ricotta,7790742114204,Ricotta Garcia Semigrasa Sachet 500GR SCH-500-gr.,4950.0,,,,,,,
2026-08-06,sepa,Vea,leche-protein,7790742358608,Leche Uat Proteina La serenisima 1l BOT-1000-ml.,2890.0,,,,,,,
2026-08-06,sepa,Vea,queso-crema-light,7790742373304,Q.Procesado Finlandia Light 290g POT-290-gr.,5199.0,,,,,,,
2026-08-06,sepa,Vea,gaseosa-cola-zero,7790895067532,gaseosa COCA COLA Zero 500cc PET-500-ml.,2199.0,,,,,,,
2026-08-06,sepa,Vea,gaseosa-cola-zero,7790895067556,gaseosa COCA COLA Zero 1.5lt PET-1500-ml.,4150.0,,,,,,,
2026-08-06,sepa,Vea,gaseosa-cola-zero,7790895067570,gaseosa COCA COLA Zero 2.25lt PET-2250-ml.,5500.0,,,,,,,
2026-08-06,sepa,Vea,gaseosa-cola-zero,7790895067587,gaseosa COCA COLA Zero 354cc LAT-354-ml.,2790.0,,,,,,,
2026-08-06,sepa,Vea,gaseosa-cola-zero,7790895640438,gaseosa COCA COLA Zero  3lt PET-3000-ml.,6490.0,,,,,,,
2026-08-06,sepa,Vea,detergente,7790990003022,detergente MAGISTRAL ult lim bot 300ml BOT-300-ml.,2390.0,,,,,,,
2026-08-06,sepa,Vea,detergente,7790990003039,detergente MAGISTRAL ult lim bot 500ml BOT-500-ml.,4290.0,,,,,,,
2026-08-06,sepa,Vea,detergente,7790990003046,detergente MAGISTRAL ult lim bot 750ml BOT-750-ml.,6290.0,,,,,,,
2026-08-06,sepa,Vea,detergente,7790990003121,detergente MAGISTRAL ult mar bot 300ml BOT-300-ml.,2990.0,,,,,,,
2026-08-06,sepa,Vea,detergente,7790990003138,detergente MAGISTRAL ult mar bot 500ml BOT-500-ml.,4290.0,,,,,,,
2026-08-06,sepa,Vea,detergente,7790990003145,detergente MAGISTRAL ult mar bot 750ml BOT-750-ml.,6290.0,,,,,,,
2026-08-06,sepa,Vea,lavandina,7791290793781,limpiador CIF crema lavand cloro 750gr BOT-750-gr.,4850.0,,,,,,,
2026-08-06,sepa,Vea,lavandina,7791290793804,limpiador CIF  gel lavandina cloro 513gr BOT-513-ml.,3800.0,,,,,,,
2026-08-06,sepa,Vea,detergente,7791290794054,lavavajilla CIF bioactive limon 300ml. BOT-300-ml.,2390.0,,,,,,,
2026-08-06,sepa,Vea,detergente,7791290794061,lavavajilla CIF bioactive limon 500ml BOT-500-ml.,3790.0,,,,,,,
2026-08-06,sepa,Vea,detergente,7791290794078,lavavajilla CIF bioactive limon 750ml BOT-750-ml.,5890.0,,,,,,,
2026-08-06,sepa,Vea,detergente,7791290794085,lavavajilla CIF limon bioactiv DP 450ml DOY-450-ml.,3290.0,,,,,,,
2026-08-06,sepa,Vea,detergente,7791290794092,lavavajilla CIF lima bioactive DP 450ml DOY-450-ml.,3290.0,,,,,,,
2026-08-06,sepa,Vea,detergente,7791290794108,lavavajilla CIF bioactive lima 300ml BOT-300-ml.,2390.0,,,,,,,
2026-08-06,sepa,Vea,detergente,7791290794115,lavavajilla CIF bioactive lima 500ml BOT-500-ml.,3790.0,,,,,,,
2026-08-06,sepa,Vea,yogur-natural-sin-azucar,7791337007208,Yog SER Natural 300g POT-300-gr.,4990.0,,,,,,,
2026-08-06,sepa,Vea,gaseosa-cola-zero,7791813828365,gaseosa PEPSI Black 500cc BOT-500-ml.,2100.0,,,,,,,
2026-08-06,sepa,Vea,gaseosa-cola-zero,7791813828419,gaseosa PEPSI Black 1.5lt BOT-1500-ml.,3899.0,,,,,,,
2026-08-06,sepa,Vea,gaseosa-cola-zero,7791813828464,gaseosa PEPSI Black 2lt BOT-2000-ml.,4300.0,,,,,,,
2026-08-06,sepa,Vea,lavandina,7793253003715,Lavandina Ayudin Triple Poder 1L BOT-1000-ml.,1690.0,,,,,,,
2026-08-06,sepa,Vea,lavandina,7793253003722,lavandina AYUDIN Glaciar Triple Poder La BOT-2000-ml.,3190.0,,,,,,,
2026-08-06,sepa,Vea,lavandina,7793253003739,Lavandina Ayudin Triple Poder 4L BOT-4000-ml.,6590.0,,,,,,,
2026-08-06,sepa,Vea,lavandina,7793253003746,Ayudin Pureza Glaciar Triple Poder 1L BOT-1000-ml.,1690.0,,,,,,,
2026-08-06,sepa,Vea,lavandina,7793253003753,lavandina AYUDIN Glaciar Triple Poder 2l BOT-2000-ml.,3190.0,,,,,,,
2026-08-06,sepa,Vea,lavandina,7793253003777,Lavandina Ayudin Anti-Splash Tradi 1L BOT-1000-ml.,1990.0,,,,,,,
2026-08-06,sepa,Vea,lavandina,7793253003784,lavandina AYUDIN Anti Splash 2lt BOT-2000-ml.,3990.0,,,,,,,
2026-08-06,sepa,Vea,lavandina,7793253003791,Ayudín Lavandina en Gel Original 700ml BOT-700-ml.,3190.0,,,,,,,
2026-08-06,sepa,Vea,lavandina,7793253003807,Ayudín Lavandina en Gel Citrica 700ml BOT-700-ml.,3190.0,,,,,,,
2026-08-06,sepa,Vea,lavandina,7793253003814,Ayudín Lavandina en Gel Floral 700ml BOT-700-ml.,3190.0,,,,,,,
2026-08-06,sepa,Vea,lavandina,7793253003821,Ayudín Lavandina en Gel Menta 700ml BOT-700-ml.,3190.0,,,,,,,
2026-08-06,sepa,Vea,lavandina,7793253003838,Ayudín Lavandina en Gel Lavanda 700ml BOT-700-ml.,3190.0,,,,,,,
2026-08-06,sepa,Vea,papel-higienico-doble-hoja,7793344000517,Papel hig New ELEGANTE Extra bl 30m x 4u PAQ-12-m2,3390.0,,,,,,,
2026-08-06,sepa,Vea,rollo-cocina,7793344009206,rollo cocina ELEGANTE dobl h 1x200 paños PCK-1-un.,2690.0,,,,,,,
2026-08-06,sepa,Vea,rollo-cocina,7793344904013,rollo cocina ELEGANTE dobl h 3x50 paños BSA-3-un.,2490.0,,,,,,,
2026-08-06,sepa,Vea,queso-crema-light,7793913013412,Queso Crema Light Tregar 280g POT-280-gr.,3799.0,,,,,,,
2026-08-06,sepa,Vea,ricotta,7793913013665,RICOTTA ENTERA TREGAR X 290 GRS POT-290-gr.,3290.0,,,,,,,
2026-08-06,sepa,Vea,ricotta,7793913013672,RICOTTA LIGHT TREGAR X 290 GRS POT-290-gr.,3550.0,,,,,,,
2026-08-06,sepa,Vea,queso-crema-light,7794820903094,Queso Crematto Balance MILKAUT x 285 grs POT-285-gr.,4399.0,,,,,,,
2026-08-06,sepa,Vea,queso-crema-light,7794990879663,queso crema LA PAULINA light. POT-290-gr.,2999.0,,,,,,,
2026-08-06,sepa,Vea,lavandina,7798131250397,lavandina clasica HEROE 2lt BOT-2000-ml.,2090.0,,,,,,,
2026-08-06,sepa,Vea,yogur-natural-sin-azucar,7798136870545,Yog. Ent. Natural s/az DAHÍ 190g FCO-190-gr.,2799.0,,,,,,,
2026-08-06,sepa,Vea,yogur-natural-sin-azucar,7798136870743,Yog. Desc. Deslac Nat DAHÍ 190g FCO-200-gr.,3399.0,,,,,,,
2026-08-06,sepa,Vea,capsulas-nespresso-starbucks,8445291363656,Capsulas STARBUCKS House Blend 12u CJA-52-gr.,16699.0,,,,,,,
2026-08-06,sepa,Vea,capsulas-nespresso-starbucks,8445291367272,Capsulas STARBUCKS Espresso Roast 12u CJA-78-gr.,16699.0,,,,,,,
2026-08-07,sepa,Axion Energy,gaseosa-cola-zero,7790895067532,COCA COLA ZERO 500 ML,3400.0,,,,,,,
2026-08-07,sepa,Axion Energy,gaseosa-cola-zero,7790895067556,COCA COLA ZERO 1.5 L,7300.0,,,,,,,
2026-08-07,sepa,Axion Energy,gaseosa-cola-zero,7790895067570,DISC:DISC COCA COLA ZERO 2.25L,7200.0,,,,,,,
2026-08-07,sepa,Axion Energy,gaseosa-cola-zero,7790895067587,COCA COLA ZERO LATA 354ML,3200.0,,,,,,,
2026-08-07,sepa,Axion Energy,gaseosa-cola-zero,7791813828365,PEPSI BLACK 500ML,3000.0,,,,,,,
2026-08-07,sepa,Axion Energy,gaseosa-cola-zero,7791813828419,PEPSI BLACK 1.5L,6600.0,,,,,,,
2026-08-07,sepa,COTO CICSA,desodorante-barra-hombre,75083694,DESODORANTE BARRA BLUE LAVEN. AXE BAR 58 GRM,8711.99,,,,,,,
2026-08-07,sepa,COTO CICSA,desodorante-barra-hombre,75083700,DESODORANTE BARRA AQUA CITRUS AXE BAR 58 GRM,8711.99,,,,,,,
2026-08-07,sepa,COTO CICSA,cafe-instantaneo,7613035379213,CAFE INSTANTANEO NESCAFE DESCAFEINADO FRA 95 GRM,16650.0,,,,,,,
2026-08-07,sepa,COTO CICSA,capsulas-nespresso-starbucks,7613036961004,CAPSULA CAFÉ STARBUCKS BLONDE ESPRESSO CJA 53 GRM,17766.0,,,,,,,
2026-08-07,sepa,COTO CICSA,suprema-pollo,7790070036063,SUPREMAS DE POLLO GRANJA DEL SOL PAQ 360 GRM,10665.0,,,,,,,
2026-08-07,sepa,COTO CICSA,vinagre-alcohol,7790130000034,VINAGRE DE ALCOHOL MENOYO BOT 500 CC,1399.0,,,,,,,
2026-08-07,sepa,COTO CICSA,vinagre-alcohol,7790130000058,VINAGRE DE ALCOHOL MENOYO BOT 1 LTR,1765.0,,,,,,,
2026-08-07,sepa,COTO CICSA,vinagre-alcohol,7790130000263,VINAGRE DE ALCOHOL ALCAZAR PET 500 CMQ,1119.0,,,,,,,
2026-08-07,sepa,COTO CICSA,lavandina,7790132098459,LAVANDINA AYUDIN BOT 1 LTR,1453.99,,,,,,,
2026-08-07,sepa,COTO CICSA,vinagre-alcohol,7790139003166,VINAGRE DE ALCOHOL CASALTA CLASICO BOT 500 CC,1205.0,,,,,,,
2026-08-07,sepa,COTO CICSA,vinagre-alcohol,7790139101138,VINAGRE DE ALCOHOL  FAVINCO PET 1000 CC,1587.0,,,,,,,
2026-08-07,sepa,COTO CICSA,vinagre-alcohol,7790139101145,VINAGRE DE ALCOHOL FAVINCO BOT 500 ML,1162.0,,,,,,,
2026-08-07,sepa,COTO CICSA,cafe-instantaneo,7790150100486,CAFÉ INSTANTÁNEO CLÁSICO LA VIRGINIA FRA 170 GRM,9215.0,,,,,,,
2026-08-07,sepa,COTO CICSA,cafe-instantaneo,7790170904798,CAFÉ INSTANTÁNEO INTENSO MORENITA FRA 100 GRM,6350.0,,,,,,,
2026-08-07,sepa,COTO CICSA,queso-crema-light,7790244941605,QUESO D/CREMA DIETETICO SAN IGNACIO POT 290 GRM,3769.0,,,,,,,
2026-08-07,sepa,COTO CICSA,queso-crema-light,7790244941612,QUESO D/CREMA DIETETICO SAN IGNACIO POT 480 GRM,5669.0,,,,,,,
2026-08-07,sepa,COTO CICSA,papel-higienico-doble-hoja,7790250015536,P.HIGIÉNICO DOBLE HOJA PLUS HIGIENOL PAQ X4 UNI 30M,4593.99,,,,,,,
2026-08-07,sepa,COTO CICSA,papel-higienico-doble-hoja,7790250015567,PAPEL HIGIÉNICO DH PLUS HIGIENOL PAQ 4 UNI 20 M2,3545.99,,,,,,,
2026-08-07,sepa,COTO CICSA,papel-higienico-doble-hoja,7790250026075,PAPEL HIGIENICO ULTRA SUAVE 4 X 30M ELITE PAQ 12 M2,5617.99,,,,,,,
2026-08-07,sepa,COTO CICSA,papel-higienico-doble-hoja,7790250026082,PAPEL HIG.ULTR.SUAV. ELITE PAQ 20 M2,10352.99,,,,,,,
2026-08-07,sepa,COTO CICSA,rollo-cocina,7790250056881,"ROLLO D/COCINA CLÁSICO 3X 50 PAÑOS SUSSEX PAQ 6,33 MT2",2957.99,,,,,,,
2026-08-07,sepa,COTO CICSA,rollo-cocina,7790250056898,ROLLO D/COCINA ULTRA 180 PAÑOS SUSSEX PAQ 7.59 M2,4979.99,,,,,,,
2026-08-07,sepa,COTO CICSA,yerba-mananita,7790387015317,YERBA MATE 4 FLEX MAÑANITA PAQ 1 KGM,5370.0,,,,,,,
2026-08-07,sepa,COTO CICSA,yerba-mananita,7790387015324,YERBA MATE 4 FLEX MAÑANITA PAQ 500 GRM,2750.0,,,,,,,
2026-08-07,sepa,COTO CICSA,atun-lomitos-natural,7790580131364,LOMO D/ATÚN AL NATURAL LA CAMPAGNOLA LAT 170 GRM,5813.0,,,,,,,
2026-08-07,sepa,COTO CICSA,ricotta,7790742102805,RICOTTA ENTERA GARCIA BAJA EN SODIO SHC 500 GRM,4755.0,,,,,,,
2026-08-07,sepa,COTO CICSA,ricotta,7790742114204,RICOTTA GARCIA SCH 500 GRM,4755.0,,,,,,,
2026-08-07,sepa,COTO CICSA,leche-protein,7790742358608,LECHE DESC. LA SERENISIMA PROTEIN BOT 1 LTR,2999.0,,,,,,,
2026-08-07,sepa,COTO CICSA,queso-crema-light,7790742373304,QUESO PROCESADO LIGHT FINLANDIA POT 290 GRM,5479.0,,,,,,,
2026-08-07,sepa,COTO CICSA,yogur-natural-sin-azucar,7790787960934,YOGURT DESC.SAB.NATURAL ILOLAY POT 350 GRM,3699.0,,,,,,,
2026-08-07,sepa,COTO CICSA,gaseosa-cola-zero,7790895067532,GASEOSA COCA COLA SIN AZUCAR  BOT 500 CC,2450.0,,,,,,,
2026-08-07,sepa,COTO CICSA,gaseosa-cola-zero,7790895067556,"GASEOSA COCA COLA  SIN AZUCAR BOT 1,5 LTR",4150.0,,,,,,,
2026-08-07,sepa,COTO CICSA,gaseosa-cola-zero,7790895067570,"GASEOSA COCA COLA SIN AZUCAR  BOT 2,25 LTR",5500.0,,,,,,,
2026-08-07,sepa,COTO CICSA,gaseosa-cola-zero,7790895067587,GASEOSA COCA COLA SIN AZUCAR  LAT 354 CC,2450.0,,,,,,,
2026-08-07,sepa,COTO CICSA,gaseosa-cola-zero,7790895640438,GASEOSA COCA COLA SIN AZUCAR  BOT 3 LTR,6650.0,,,,,,,
2026-08-07,sepa,COTO CICSA,detergente,7790990003022,DETERGENTE LAVAV.ULTRA LIMÓN MAGISTRAL BOT 300 ML,3129.99,,,,,,,
2026-08-07,sepa,COTO CICSA,detergente,7790990003039,DETERGENTE LAVAV.ULTRA LIMÓN MAGISTRAL BOT 500 ML,5049.99,,,,,,,
2026-08-07,sepa,COTO CICSA,detergente,7790990003046,DETERGENTE LAVAV.ULTRA LIMÓN MAGISTRAL BOT 750 ML,7559.99,,,,,,,
2026-08-07,sepa,COTO CICSA,detergente,7790990003053,DETERGENTE LIMÓN MAGISTRAL BOT 1.4 LTR,13989.99,,,,,,,
2026-08-07,sepa,COTO CICSA,detergente,7790990003121,DETERGENTE LAVAV.ULTRA MARINA MAGISTRAL BOT 300 ML,3129.99,,,,,,,
2026-08-07,sepa,COTO CICSA,detergente,7790990003138,DETERGENTE LAVAV.ULTRA MARINA MAGISTRAL BOT 500 ML,5049.99,,,,,,,
2026-08-07,sepa,COTO CICSA,detergente,7790990003381,DETER.LAVAV.ULTRA LIMÓN MAGISTRAL PLATINUM+ BOT 500 ML,6219.99,,,,,,,
2026-08-07,sepa,COTO CICSA,detergente,7790990003404,DETERGENTE ULTRA DESENG.LIMÓN MAGISTRAL BOT 300 ML,3489.99,,,,,,,
2026-08-07,sepa,COTO CICSA,detergente,7790990003411,DETERGENTE ULTRA DESENG.LIMÓN MAGISTRAL BOT 500 ML,5049.99,,,,,,,
2026-08-07,sepa,COTO CICSA,detergente,7790990003787,REPUESTO DETERG.ULTRA DESENG. LIMÓN MAGISTRAL DOY 450 ML,4319.99,,,,,,,
2026-08-07,sepa,COTO CICSA,rollo-cocina,7791070005806,"ROLLOS D/COCINA 50 PAÑOS 3 UNI CELESTIAL PAQ 5,32 MT2",3188.99,,,,,,,
2026-08-07,sepa,COTO CICSA,lavandina,7791290793781,LIMP.CREMOSO C/LAVANDINA CLORO CLORO CIF BOT 750 GRM,4665.99,,,,,,,
2026-08-07,sepa,COTO CICSA,lavandina,7791290793804,LIMP.DESINF.E/GEL C/LAVANDINA CLORO CIF BOT 513 GRM,3671.99,,,,,,,
2026-08-07,sepa,COTO CICSA,detergente,7791290794054,DETERGENTE BIO ACTIVE LIMON CIF BOT 300 ML,2710.99,,,,,,,
2026-08-07,sepa,COTO CICSA,detergente,7791290794061,DETERGENTE BIO ACT.LIMON CIF BOT 500 ML,4390.99,,,,,,,
2026-08-07,sepa,COTO CICSA,detergente,7791290794078,DETERGENTE BIO ACTIV.LIMON CIF BOT 750 ML,6590.99,,,,,,,
2026-08-07,sepa,COTO CICSA,detergente,7791290794085,DETERGENTE BIOACTIVE LIMÓN CIF DOY 450 ML,3864.99,,,,,,,
2026-08-07,sepa,COTO CICSA,detergente,7791290794092,DETERGENTE BIOACTIVE LIMA CIF DOY 450 ML,3864.99,,,,,,,
2026-08-07,sepa,COTO CICSA,detergente,7791290794108,DETERGENTE BIO ACTIVE LIMA CIF BOT 300 ML,2710.99,,,,,,,
2026-08-07,sepa,COTO CICSA,detergente,7791290794115,DETERGENTE BIO ACT.LIMA CIF BOT 500 ML,4390.99,,,,,,,
2026-08-07,sepa,COTO CICSA,lavandina,7791290794955,LAVANDINA EN GEL ORIGINAL VIM BOT 700 ML,3519.99,,,,,,,
2026-08-07,sepa,COTO CICSA,lavandina,7791290794962,LAVANDINA EN GEL LAVANDA VIM BOT 700 ML,3519.99,,,,,,,
2026-08-07,sepa,COTO CICSA,lavandina,7791290794979,LAVANDINA EN GEL CITRUS VIM BOT 700 ML,3519.99,,,,,,,
2026-08-07,sepa,COTO CICSA,detergente,7791290796706,DETERGENTE ORIGINAL CIF BOT 500 ML,5484.99,,,,,,,
2026-08-07,sepa,COTO CICSA,detergente,7791290796713,DETERGENTE ORIGINAL CIF BOT 750 ML,8232.99,,,,,,,
2026-08-07,sepa,COTO CICSA,detergente,7791290796720,DETERGENTE ORIGINAL CIF DOY 400 ML,4289.99,,,,,,,
2026-08-07,sepa,COTO CICSA,detergente,7791290796737,DETERGENTE LIMON CIF BOT 500 ML,5484.99,,,,,,,
2026-08-07,sepa,COTO CICSA,detergente,7791290796744,DETERGENTE LIMON CIF BOT 750 ML,8232.99,,,,,,,
2026-08-07,sepa,COTO CICSA,detergente,7791290796751,DETERGENTE LIMON CIF DOY 400 ML,4289.99,,,,,,,
2026-08-07,sepa,COTO CICSA,queso-crema-light,7791337009851,QUESO BLANCO CLÁSICO SUAVE LA SERENISIMA POT 460 GRM,6045.0,,,,,,,
2026-08-07,sepa,COTO CICSA,gaseosa-cola-zero,7791813828365,GASEOSA COLA BLACK PEPSI BOT 500 ML,2200.0,,,,,,,
2026-08-07,sepa,COTO CICSA,gaseosa-cola-zero,7791813828419,GASEOSA COLA PEPSI BLACK  BOT. 1500 CMQ,3950.0,,,,,,,
2026-08-07,sepa,COTO CICSA,gaseosa-cola-zero,7791813828464,GASEOSA COLA PEPSI BLACK BOT 2000 CMQ,4400.0,,,,,,,
2026-08-07,sepa,COTO CICSA,rollo-cocina,7791828000121,ROLLO COCINA FELPITA DOBLE HOJA PAQ 3 UNI,2855.99,,,,,,,
2026-08-07,sepa,COTO CICSA,rollo-cocina,7791828900025,ROLLOS DE COCINA FELPITA  DISNEY BSA 3 UNI 4.968MT2,3267.99,,,,,,,
2026-08-07,sepa,COTO CICSA,papel-higienico-doble-hoja,7791828900049,P. HIGIENICO D/H FELPITA  INFIN 12MT2 4ROLL 30MT,4449.99,,,,,,,
2026-08-07,sepa,COTO CICSA,rollo-cocina,7791828900056,ROLL. COC INFIN X3 - 300 PAÑ,5106.99,,,,,,,
2026-08-07,sepa,COTO CICSA,papel-higienico-doble-hoja,7791828900186,P. HIGIENICO D/H FELPITA   PAQ 8 MT2 4ROLL 20MT,2939.99,,,,,,,
2026-08-07,sepa,COTO CICSA,papel-higienico-doble-hoja,7791828900278,PAPEL HIGIÉNICO PURA CARICIA  FELPITA PAQ X6 UNI 30 MTR,6405.99,,,,,,,
2026-08-07,sepa,COTO CICSA,papel-higienico-doble-hoja,7791828900285,PAPEL HIGIÉNICO INFINITY FELPITA PAQ X4 UNI 5 M2,6859.99,,,,,,,
2026-08-07,sepa,COTO CICSA,rollo-cocina,7791828900377,"ROLLO D/COCINA MAXIROLLO FELPITA ROL 2,8 MTR",3070.99,,,,,,,
2026-08-07,sepa,COTO CICSA,rollo-cocina,7791828900537,ROLLO DE COCI.180 PAÑOS D.HOJ. FELPITA BSA 7.59 M2,2799.99,,,,,,,
2026-08-07,sepa,COTO CICSA,rollo-cocina,7791828900599,"ROLL.D/COCIN.ALTO 150 PAÑOS FELPITA ROL 5,67 M2",3075.99,,,,,,,
2026-08-07,sepa,COTO CICSA,lavandina,7791905000020,LAVANDINA QUERUBIN BOT 1 LTR,1620.99,,,,,,,
2026-08-07,sepa,COTO CICSA,lavandina,7791905000037,LAVANDINA QUERUBIN BOT 2 LTR,3130.99,,,,,,,
2026-08-07,sepa,COTO CICSA,lavandina,7791905000372,LAVANDINA QUERUBIN BID 4 LTR,6030.99,,,,,,,
2026-08-07,sepa,COTO CICSA,lavandina,7793253003715,LAVANDINA TRIPLE PODER LAVANDA AYUDIN BOT 1 LTR,1886.99,,,,,,,
2026-08-07,sepa,COTO CICSA,lavandina,7793253003722,LAVANDINA TRIPLE PODER LAVANDA AYUDIN BOT 2 LTR,3606.99,,,,,,,
2026-08-07,sepa,COTO CICSA,lavandina,7793253003739,LAVANDINA TRIPLE PODER LAVANDA AYUDIN BID 4 LTR,7204.99,,,,,,,
2026-08-07,sepa,COTO CICSA,lavandina,7793253003746,LAVANDINA TRIPLE PODER PUREZA GLAC AYUDIN BOT 1 LTR,1886.99,,,,,,,
2026-08-07,sepa,COTO CICSA,lavandina,7793253003760,LAVANDINA TRIPLE PODER PUREZA GLAC AYUDIN BID 4 LTR,7204.99,,,,,,,
2026-08-07,sepa,COTO CICSA,lavandina,7793253003777,LAVANDINA ANTI SPLASH AYUDIN BOT 1 LTR,2225.99,,,,,,,
2026-08-07,sepa,COTO CICSA,lavandina,7793253003784,LAVANDINA ANTI SPLASH AYUDIN BOT 2 LTR,4311.99,,,,,,,
2026-08-07,sepa,COTO CICSA,lavandina,7793253003791,LAVANDINA EN GEL ORIGINAL AYUDIN BOT 700 ML,3558.99,,,,,,,
2026-08-07,sepa,COTO CICSA,lavandina,7793253003807,LAVANDINA EN GEL CÍTRICA AYUDIN BOT 700 ML,3558.99,,,,,,,
2026-08-07,sepa,COTO CICSA,lavandina,7793253003814,LAVANDINA EN GEL FLORAL AYUDIN BOT 700 ML,3558.99,,,,,,,
2026-08-07,sepa,COTO CICSA,lavandina,7793253003821,LAVANDINA EN GEL MENTA AYUDIN BOT 700 ML,3558.99,,,,,,,
2026-08-07,sepa,COTO CICSA,lavandina,7793253003838,LAVANDINA EN GEL LAVANDA AYUDIN BOT 700 ML,3558.99,,,,,,,
2026-08-07,sepa,COTO CICSA,lavandina,7793253005856,LAVANDINA EN GEL ORIGINAL AYUDIN BOT 500 ML,3011.99,,,,,,,
2026-08-07,sepa,COTO CICSA,lavandina,7793253006709,LAVANDINA ORIGINAL AYUDIN BOT 2 LTR,2925.99,,,,,,,
2026-08-07,sepa,COTO CICSA,lavandina,7793253006716,LAVANDINA ORIGINAL AYUDIN BID 4 LTR,5842.99,,,,,,,
2026-08-07,sepa,COTO CICSA,lavandina,7793253007263,LAVANDINA ANTISPLASH AYUDIN BID 4 LTR,8280.99,,,,,,,
2026-08-07,sepa,COTO CICSA,yogur-natural-sin-azucar,7793913002423,YOGUR ENTERO NATURAL TREGAR POTE X140 GRS.,2090.0,,,,,,,
2026-08-07,sepa,COTO CICSA,queso-crema-light,7793913013412,QUESO CREMA DESCREMADO TREGAR POT 280 GRM,4190.0,,,,,,,
2026-08-07,sepa,COTO CICSA,queso-crema-light,7793913013641,QUESO UNTABLE DESCREMADO TREGAR POT 180 GRM,3090.0,,,,,,,
2026-08-07,sepa,COTO CICSA,ricotta,7793913013665,RICOTTA ENTERA TREGAR POT 290 GRM,3790.0,,,,,,,
2026-08-07,sepa,COTO CICSA,ricotta,7793913013672,RICOTTA SEMIDESCREMADA S/SAL TREGAR POT 290 GRM,3790.0,,,,,,,
2026-08-07,sepa,COTO CICSA,yogur-natural-sin-azucar,7794820903612,YOG.CREMOSO SAB.NATURAL MILKAUT  POT 300 GRM,3879.0,,,,,,,
2026-08-07,sepa,COTO CICSA,yogur-natural-sin-azucar,7794820903711,YOG.CREM.DESC.SAB.NATURAL BALANCE MILKAUT  POT 300 GRM,3879.0,,,,,,,
2026-08-07,sepa,COTO CICSA,queso-crema-light,7794990879663,QUESO CREMA LA PAULINA LIGHT POT 290 GRM,3435.0,,,,,,,
2026-08-07,sepa,COTO CICSA,yogur-natural-sin-azucar,7798136870545,YOGUR FIRME ENT.NAT.S/AZUC DAHI FRA 190 GRM,2725.0,,,,,,,
2026-08-07,sepa,COTO CICSA,yogur-natural-sin-azucar,7798136870859,YOGUR ESTILO GRIEGO NATURAL DAHI FRA 190 GRM,3295.0,,,,,,,
2026-08-07,sepa,COTO CICSA,ricotta,7798179070018,RICOTA CON CREMA SILVIA SCH 500 GRM,3285.0,,,,,,,
2026-08-07,sepa,COTO CICSA,yogur-natural-sin-azucar,7798327950193,YOG.BATIDO NATURAL SIN AZÚCAR FLIA BEAUDROIT FRA 400 GRM,4859.0,,,,,,,
2026-08-07,sepa,COTO CICSA,leche-protein,7798338291803,LECHE C/PROTEINA TRES NIÑAS TTB 1 LTR,2865.0,,,,,,,
2026-08-07,sepa,COTO CICSA,capsulas-nespresso-starbucks,8445290154125,CAFÉ CAPS.SMOOTH CARAMEL STARBUCKS CJA 51 GRM,16605.0,,,,,,,
2026-08-07,sepa,COTO CICSA,cafe-instantaneo,8445291311510,CAFÉ INSTANTANEO TRADICIÓN NESCAFE DOY 100 GRM,8952.0,,,,,,,
2026-08-07,sepa,COTO CICSA,capsulas-nespresso-starbucks,8445291363656,CAFÉ CAPSULA HOUSE BLEND LUNGO STARBUCKS CJA 78 GRM,15995.0,,,,,,,
2026-08-07,sepa,COTO CICSA,capsulas-nespresso-starbucks,8445291367272,CAFÉ CAPSULA ESPRESO ROAST STARBUCKS CJA 78 GRM,16605.0,,,,,,,
2026-08-07,sepa,Cooperativa Obrera Limitada de Consumo y Vivienda,desodorante-barra-hombre,7501001163983,DEO BARRA OLD SPICE FRESH,8102.4,10128.0,,,,,Descuentazo 20% - Vigencia desde el 07/08/2026 al 28/08/2026 hasta agotar Stock de 47 unidades.,
2026-08-07,sepa,Cooperativa Obrera Limitada de Consumo y Vivienda,cafe-instantaneo,7613035379213,CAFE NESCAFE SOLUBLE DESC,14536.0,18170.0,,,,,Descuentazo 20% - Vigencia desde el 07/08/2026 al 28/08/2026 hasta agotar Stock de 11 unidades.,
2026-08-07,sepa,Cooperativa Obrera Limitada de Consumo y Vivienda,cafe-instantaneo,7613036312752,CAFE NESCAFE ESPRESSO FRA,18990.0,25860.0,,,,,Vigencia desde el 30/07/2026 al 12/08/2026 hasta agotar Stock de 1 unidades.,
2026-08-07,sepa,Cooperativa Obrera Limitada de Consumo y Vivienda,lavandina,7790132098459,LAVANDINA AYUDIN ORIGINAL,1080.0,1350.0,,,,,Descuentazo 20% - Vigencia desde el 07/08/2026 al 28/08/2026 hasta agotar Stock de 88 unidades.,
2026-08-07,sepa,Cooperativa Obrera Limitada de Consumo y Vivienda,vinagre-alcohol,7790139003166,VINAGRE CASALTA ALCOHOL,991.2,1239.0,,,,,Descuentazo 20% - Vigencia desde el 07/08/2026 al 28/08/2026 hasta agotar Stock de 32 unidades.,
2026-08-07,sepa,Cooperativa Obrera Limitada de Consumo y Vivienda,vinagre-alcohol,7790139101138,VINAGRE FAVINCO ALCOHOL,1268.0,1585.0,,,,,Descuentazo 20% - Vigencia desde el 07/08/2026 al 28/08/2026 hasta agotar Stock de 1 unidades.,
2026-08-07,sepa,Cooperativa Obrera Limitada de Consumo y Vivienda,vinagre-alcohol,7790139101145,VINAGRE FAVINCO ALC S/TAC,983.2,1229.0,,,,,Descuentazo 20% - Vigencia desde el 07/08/2026 al 28/08/2026 hasta agotar Stock de 23 unidades.,
2026-08-07,sepa,Cooperativa Obrera Limitada de Consumo y Vivienda,cafe-instantaneo,7790150100462,CAFE INST LV CLAS.DPACK,6990.0,8005.0,,,,,Vigencia desde el 30/07/2026 al 12/08/2026 hasta agotar Stock de 36 unidades.,
2026-08-07,sepa,Cooperativa Obrera Limitada de Consumo y Vivienda,cafe-instantaneo,7790150100486,CAFE INST LV FRAS CLASICO,6840.0,8550.0,,,,,Descuentazo 20% - Vigencia desde el 07/08/2026 al 28/08/2026 hasta agotar Stock de 9 unidades.,
2026-08-07,sepa,Cooperativa Obrera Limitada de Consumo y Vivienda,cafe-instantaneo,7790150100783,CAFE INST LV CLASICO ESP,4736.0,5920.0,,,,,Descuentazo 20% - Vigencia desde el 07/08/2026 al 28/08/2026 hasta agotar Stock de 7 unidades.,
2026-08-07,sepa,Cooperativa Obrera Limitada de Consumo y Vivienda,cafe-instantaneo,7790150100806,CAFE INST LA VIRGINIA DP,5423.2,6779.0,,,,,Descuentazo 20% - Vigencia desde el 07/08/2026 al 28/08/2026 hasta agotar Stock de 3 unidades.,
2026-08-07,sepa,Cooperativa Obrera Limitada de Consumo y Vivienda,cafe-instantaneo,7790150101476,CAFE INST LV SUAVE DP,6990.0,8005.0,,,,,Vigencia desde el 30/07/2026 al 12/08/2026 hasta agotar Stock de 72 unidades.,
2026-08-07,sepa,Cooperativa Obrera Limitada de Consumo y Vivienda,cafe-instantaneo,7790150101490,CAFE INST LV SUAVE FRASCO,6840.0,8550.0,,,,,Descuentazo 20% - Vigencia desde el 07/08/2026 al 28/08/2026 hasta agotar Stock de 16 unidades.,
2026-08-07,sepa,Cooperativa Obrera Limitada de Consumo y Vivienda,cafe-instantaneo,7790150101773,CAFE INST LV SUAVE FRASCO,4943.2,6179.0,,,,,Descuentazo 20% - Vigencia desde el 07/08/2026 al 28/08/2026,
2026-08-07,sepa,Cooperativa Obrera Limitada de Consumo y Vivienda,cafe-instantaneo,7790150101780,CAFE INST LV SUAVE DP,4110.4,5138.0,,,,,Descuentazo 20% - Vigencia desde el 07/08/2026 al 28/08/2026,
2026-08-07,sepa,Cooperativa Obrera Limitada de Consumo y Vivienda,rollo-cocina,7790250056881,ROLLO SUSSEX CLAS BLANCO,2392.0,2990.0,,,,,Descuentazo 20% - Vigencia desde el 07/08/2026 al 28/08/2026 hasta agotar Stock de 268 unidades.,
2026-08-07,sepa,Cooperativa Obrera Limitada de Consumo y Vivienda,rollo-cocina,7790250056898,ROLLO COCINA SUSSEX ULTRA,3512.0,4390.0,,,,,Descuentazo 20% - Vigencia desde el 07/08/2026 al 28/08/2026 hasta agotar Stock de 33 unidades.,
2026-08-07,sepa,Cooperativa Obrera Limitada de Consumo y Vivienda,rollo-cocina,7790250056980,ROLLO COC SUSSEX MAXI,5272.0,6590.0,,,,,Descuentazo 20% - Vigencia desde el 07/08/2026 al 28/08/2026 hasta agotar Stock de 27 unidades.,
2026-08-07,sepa,Cooperativa Obrera Limitada de Consumo y Vivienda,rollo-cocina,7790250057086,SUSSEX CLASICO MEGARROLLO,2490.0,3320.0,,,,,Vigencia desde el 30/07/2026 al 12/08/2026 hasta agotar Stock de 32 unidades.,
2026-08-07,sepa,Cooperativa Obrera Limitada de Consumo y Vivienda,yerba-mananita,7790387015317,YERBA MAÑANITA 4FLEX,3799.2,4749.0,,,,,Descuentazo 20% - Vigencia desde el 07/08/2026 al 28/08/2026,
2026-08-07,sepa,Cooperativa Obrera Limitada de Consumo y Vivienda,yerba-mananita,7790387015324,YERBA MAÑANITA 4FLEX 1/2,2200.0,2750.0,,,,,Descuentazo 20% - Vigencia desde el 07/08/2026 al 28/08/2026 hasta agotar Stock de 5 unidades.,
2026-08-07,sepa,Cooperativa Obrera Limitada de Consumo y Vivienda,cafe-instantaneo,7790550029431,CAFE LPC FRASCO CLASICO,8072.8,10091.0,,,,,Descuentazo 20% - Vigencia desde el 07/08/2026 al 28/08/2026 hasta agotar Stock de 1 unidades.,
2026-08-07,sepa,Cooperativa Obrera Limitada de Consumo y Vivienda,atun-lomitos-natural,7790580131364,ATUN LC LOMO NATURAL,4592.0,5740.0,,,,,Descuentazo 20% - Vigencia desde el 07/08/2026 al 28/08/2026 hasta agotar Stock de 51 unidades.,
2026-08-07,sepa,Cooperativa Obrera Limitada de Consumo y Vivienda,leche-protein,7790742358608,LECHE DESC LS PROTEIN BOT,2490.0,3149.0,,,,,Vigencia desde el 30/07/2026 al 12/08/2026 hasta agotar Stock de 62 unidades.,
2026-08-07,sepa,Cooperativa Obrera Limitada de Consumo y Vivienda,yogur-natural-sin-azucar,7790787960934,YOGUR NATURAL CREM ILOLAY,2879.2,3599.0,,,,,Descuentazo 20% - Vigencia desde el 07/08/2026 al 28/08/2026 hasta agotar Stock de 1 unidades.,
2026-08-07,sepa,Cooperativa Obrera Limitada de Consumo y Vivienda,gaseosa-cola-zero,7790895067532,COCA COLA SIN AZUCAR,1960.0,2450.0,,,,,Descuentazo 20% - Vigencia desde el 07/08/2026 al 28/08/2026 hasta agotar Stock de 32 unidades.,
2026-08-07,sepa,Cooperativa Obrera Limitada de Consumo y Vivienda,gaseosa-cola-zero,7790895067556,COCA COLA SIN AZUCAR,3320.0,4150.0,,,,,Descuentazo 20% - Vigencia desde el 07/08/2026 al 28/08/2026 hasta agotar Stock de 111 unidades.,
2026-08-07,sepa,Cooperativa Obrera Limitada de Consumo y Vivienda,gaseosa-cola-zero,7790895067570,COCA COLA SIN AZUCAR,4200.0,5500.0,,,,,Llevando 2 paga $4200.00 c/u - Vigencia desde el 30/07/2026 al 12/08/2026 o hasta agotar Stock de 160 unidades.,
2026-08-07,sepa,Cooperativa Obrera Limitada de Consumo y Vivienda,detergente,7790990003022,DET MAGISTRAL ULTRA LIMON,2720.0,3400.0,,,,,Descuentazo 20% - Vigencia desde el 07/08/2026 al 28/08/2026 hasta agotar Stock de 217 unidades.,
2026-08-07,sepa,Cooperativa Obrera Limitada de Consumo y Vivienda,detergente,7790990003039,DET MAGISTRAL ULTRA LIMON,3760.0,4700.0,,,,,Descuentazo 20% - Vigencia desde el 07/08/2026 al 28/08/2026 hasta agotar Stock de 17 unidades.,
2026-08-07,sepa,Cooperativa Obrera Limitada de Consumo y Vivienda,detergente,7790990003046,DET MAGISTRAL ULTRA LIMON,6392.0,7990.0,,,,,Descuentazo 20% - Vigencia desde el 07/08/2026 al 28/08/2026 hasta agotar Stock de 88 unidades.,
2026-08-07,sepa,Cooperativa Obrera Limitada de Consumo y Vivienda,detergente,7790990003121,DET MAGISTRAL ULTRA MARIN,2720.0,3400.0,,,,,Descuentazo 20% - Vigencia desde el 07/08/2026 al 28/08/2026 hasta agotar Stock de 44 unidades.,
2026-08-07,sepa,Cooperativa Obrera Limitada de Consumo y Vivienda,detergente,7790990003138,DET MAGISTRAL ULTRA MARIN,3760.0,4700.0,,,,,Descuentazo 20% - Vigencia desde el 07/08/2026 al 28/08/2026 hasta agotar Stock de 40 unidades.,
2026-08-07,sepa,Cooperativa Obrera Limitada de Consumo y Vivienda,detergente,7790990003145,DET MAGISTRAL ULTRA MARIN,6392.0,7990.0,,,,,Descuentazo 20% - Vigencia desde el 07/08/2026 al 28/08/2026 hasta agotar Stock de 59 unidades.,
2026-08-07,sepa,Cooperativa Obrera Limitada de Consumo y Vivienda,detergente,7790990003787,DET MAGISTRAL ULT LIM DP,3640.0,4550.0,,,,,Descuentazo 20% - Vigencia desde el 07/08/2026 al 28/08/2026 hasta agotar Stock de 81 unidades.,
2026-08-07,sepa,Cooperativa Obrera Limitada de Consumo y Vivienda,lavandina,7791290793781,CIF CREMA C/LAVAND Y CLOR,3490.0,4790.0,,,,,Vigencia desde el 30/07/2026 al 12/08/2026 hasta agotar Stock de 4 unidades.,
2026-08-07,sepa,Cooperativa Obrera Limitada de Consumo y Vivienda,lavandina,7791290793804,CIF GEL C/LAVAND Y CLORO,3032.0,3790.0,,,,,Descuentazo 20% - Vigencia desde el 07/08/2026 al 28/08/2026 hasta agotar Stock de 12 unidades.,
2026-08-07,sepa,Cooperativa Obrera Limitada de Consumo y Vivienda,detergente,7791290794054,DET CIF BIOACTIVE LIMON,2199.2,2749.0,,,,,Descuentazo 20% - Vigencia desde el 07/08/2026 al 28/08/2026 hasta agotar Stock de 56 unidades.,
2026-08-07,sepa,Cooperativa Obrera Limitada de Consumo y Vivienda,detergente,7791290794061,DET CIF BIOACTIVE LIMON,2990.0,4209.0,,,,,Vigencia desde el 30/07/2026 al 12/08/2026 hasta agotar Stock de 81 unidades.,
2026-08-07,sepa,Cooperativa Obrera Limitada de Consumo y Vivienda,detergente,7791290794078,DET CIF BIOACTIVE LIMON,5352.0,6690.0,,,,,Descuentazo 20% - Vigencia desde el 07/08/2026 al 28/08/2026 hasta agotar Stock de 66 unidades.,
2026-08-07,sepa,Cooperativa Obrera Limitada de Consumo y Vivienda,detergente,7791290794085,CIF BIOACTIVE LIMON DP,3096.0,3870.0,,,,,Descuentazo 20% - Vigencia desde el 07/08/2026 al 28/08/2026 hasta agotar Stock de 71 unidades.,
2026-08-07,sepa,Cooperativa Obrera Limitada de Consumo y Vivienda,detergente,7791290794092,CIF BIOACTIVE LIMA DP,3096.0,3870.0,,,,,Descuentazo 20% - Vigencia desde el 07/08/2026 al 28/08/2026 hasta agotar Stock de 125 unidades.,
2026-08-07,sepa,Cooperativa Obrera Limitada de Consumo y Vivienda,detergente,7791290794108,DET CIF BIOACTIVE LIMA,2232.0,2790.0,,,,,Descuentazo 20% - Vigencia desde el 07/08/2026 al 28/08/2026 hasta agotar Stock de 137 unidades.,
2026-08-07,sepa,Cooperativa Obrera Limitada de Consumo y Vivienda,detergente,7791290794115,DET CIF BIOACTIVE LIMA,2990.0,4209.0,,,,,Vigencia desde el 30/07/2026 al 12/08/2026 hasta agotar Stock de 21 unidades.,
2026-08-07,sepa,Cooperativa Obrera Limitada de Consumo y Vivienda,detergente,7791290796706,DET CIF ACTIVE GEL ORIGIN,4440.0,5550.0,,,,,Descuentazo 20% - Vigencia desde el 07/08/2026 al 28/08/2026 hasta agotar Stock de 106 unidades.,
2026-08-07,sepa,Cooperativa Obrera Limitada de Consumo y Vivienda,detergente,7791290796720,DET CIF ACTIV GEL ORIG DP,3512.0,4390.0,,,,,Descuentazo 20% - Vigencia desde el 07/08/2026 al 28/08/2026 hasta agotar Stock de 148 unidades.,
2026-08-07,sepa,Cooperativa Obrera Limitada de Consumo y Vivienda,detergente,7791290796737,DET CIF ACTIVE GEL LIMON,4440.0,5550.0,,,,,Descuentazo 20% - Vigencia desde el 07/08/2026 al 28/08/2026 hasta agotar Stock de 112 unidades.,
2026-08-07,sepa,Cooperativa Obrera Limitada de Consumo y Vivienda,detergente,7791290796751,DET CIF ACT GEL LIMON DP,3512.0,4390.0,,,,,Descuentazo 20% - Vigencia desde el 07/08/2026 al 28/08/2026 hasta agotar Stock de 74 unidades.,
2026-08-07,sepa,Cooperativa Obrera Limitada de Consumo y Vivienda,yogur-natural-sin-azucar,7791337007208,YOGUR SER DESC S/LACT NAT,3999.2,4999.0,,,,,Descuentazo 20% - Vigencia desde el 07/08/2026 al 28/08/2026 hasta agotar Stock de 12 unidades.,
2026-08-07,sepa,Cooperativa Obrera Limitada de Consumo y Vivienda,yogur-natural-sin-azucar,7791337010932,YOGURISIMO GRIEGO FIRME N,2600.0,3250.0,,,,,Descuentazo 20% - Vigencia desde el 07/08/2026 al 28/08/2026 hasta agotar Stock de 3 unidades.,
2026-08-07,sepa,Cooperativa Obrera Limitada de Consumo y Vivienda,gaseosa-cola-zero,7791813828365,PEPSI BLACK,1290.0,2500.0,,,,,Vigencia desde el 30/07/2026 al 12/08/2026 hasta agotar Stock de 49 unidades.,
2026-08-07,sepa,Cooperativa Obrera Limitada de Consumo y Vivienda,gaseosa-cola-zero,7791813828419,PEPSI BLACK,3440.0,4300.0,,,,,Descuentazo 20% - Vigencia desde el 07/08/2026 al 28/08/2026 hasta agotar Stock de 115 unidades.,
2026-08-07,sepa,Cooperativa Obrera Limitada de Consumo y Vivienda,gaseosa-cola-zero,7791813828464,PEPSI BLACK,2500.0,4750.0,,,,,Vigencia desde el 30/07/2026 al 12/08/2026 hasta agotar Stock de 92 unidades.,
2026-08-07,sepa,Cooperativa Obrera Limitada de Consumo y Vivienda,rollo-cocina,7791828000121,ROLLO COCI FELPITA BLANCO,2156.0,2695.0,,,,,Descuentazo 20% - Vigencia desde el 07/08/2026 al 28/08/2026 hasta agotar Stock de 101 unidades.,
2026-08-07,sepa,Cooperativa Obrera Limitada de Consumo y Vivienda,rollo-cocina,7791828900056,ROLLO FELPITA INFINITY BL,4199.2,5249.0,,,,,Descuentazo 20% - Vigencia desde el 07/08/2026 al 28/08/2026 hasta agotar Stock de 58 unidades.,
2026-08-07,sepa,Cooperativa Obrera Limitada de Consumo y Vivienda,rollo-cocina,7791828900377,ROLLO FELPITA BLANCO,2472.0,3090.0,,,,,Descuentazo 20% - Vigencia desde el 07/08/2026 al 28/08/2026 hasta agotar Stock de 128 unidades.,
2026-08-07,sepa,Cooperativa Obrera Limitada de Consumo y Vivienda,lavandina,7791905003663,LAVAN ADIT QUERUBIN RO BL,1880.0,2350.0,,,,,Descuentazo 20% - Vigencia desde el 07/08/2026 al 28/08/2026 hasta agotar Stock de 13 unidades.,
2026-08-07,sepa,Cooperativa Obrera Limitada de Consumo y Vivienda,lavandina,7791905023203,LAVANDINA ODEX,1240.0,1550.0,,,,,Descuentazo 20% - Vigencia desde el 07/08/2026 al 28/08/2026 hasta agotar Stock de 15 unidades.,
2026-08-07,sepa,Cooperativa Obrera Limitada de Consumo y Vivienda,lavandina,7791905023210,LAVANDINA ODEX,2280.0,2850.0,,,,,Descuentazo 20% - Vigencia desde el 07/08/2026 al 28/08/2026 hasta agotar Stock de 24 unidades.,
2026-08-07,sepa,Cooperativa Obrera Limitada de Consumo y Vivienda,lavandina,7791905023227,LAVANDINA ODEX,4472.0,5590.0,,,,,Descuentazo 20% - Vigencia desde el 07/08/2026 al 28/08/2026 hasta agotar Stock de 6 unidades.,
2026-08-07,sepa,Cooperativa Obrera Limitada de Consumo y Vivienda,lavandina,7793253003715,LAV AYUDIN LAVANDA TRIPLE,1508.0,1885.0,,,,,Descuentazo 20% - Vigencia desde el 07/08/2026 al 28/08/2026 hasta agotar Stock de 66 unidades.,
2026-08-07,sepa,Cooperativa Obrera Limitada de Consumo y Vivienda,lavandina,7793253003722,LAV AYUDIN LAVANDA TRIPLE,2880.0,3600.0,,,,,Descuentazo 20% - Vigencia desde el 07/08/2026 al 28/08/2026 hasta agotar Stock de 31 unidades.,
2026-08-07,sepa,Cooperativa Obrera Limitada de Consumo y Vivienda,lavandina,7793253003746,LAV AYUDIN GLACIAR TRIPLE,1508.0,1885.0,,,,,Descuentazo 20% - Vigencia desde el 07/08/2026 al 28/08/2026 hasta agotar Stock de 101 unidades.,
2026-08-07,sepa,Cooperativa Obrera Limitada de Consumo y Vivienda,lavandina,7793253003753,LAV AYUDIN GLACIAR TRIPLE,2880.0,3600.0,,,,,Descuentazo 20% - Vigencia desde el 07/08/2026 al 28/08/2026 hasta agotar Stock de 39 unidades.,
2026-08-07,sepa,Cooperativa Obrera Limitada de Consumo y Vivienda,lavandina,7793253003777,LAV AYUDIN ANTISPLASH,1855.2,2319.0,,,,,Descuentazo 20% - Vigencia desde el 07/08/2026 al 28/08/2026 hasta agotar Stock de 18 unidades.,
2026-08-07,sepa,Cooperativa Obrera Limitada de Consumo y Vivienda,lavandina,7793253003784,LAV AYUDIN ANTISPLASH X2,3720.0,4650.0,,,,,Descuentazo 20% - Vigencia desde el 07/08/2026 al 28/08/2026 hasta agotar Stock de 12 unidades.,
2026-08-07,sepa,Cooperativa Obrera Limitada de Consumo y Vivienda,lavandina,7793253006709,LAVANDINA AYUDIN ORIGINAL,2144.0,2680.0,,,,,Descuentazo 20% - Vigencia desde el 07/08/2026 al 28/08/2026 hasta agotar Stock de 33 unidades.,
2026-08-07,sepa,Cooperativa Obrera Limitada de Consumo y Vivienda,lavandina,7793253006716,LAVANDINA AYUDIN ORIGINAL,5592.0,6990.0,,,,,Descuentazo 20% - Vigencia desde el 07/08/2026 al 28/08/2026 hasta agotar Stock de 3 unidades.,
2026-08-07,sepa,Cooperativa Obrera Limitada de Consumo y Vivienda,rollo-cocina,7793344009206,ROLLO COC ELEGANTE,2552.0,3190.0,,,,,Descuentazo 20% - Vigencia desde el 07/08/2026 al 28/08/2026 hasta agotar Stock de 50 unidades.,
2026-08-07,sepa,Cooperativa Obrera Limitada de Consumo y Vivienda,rollo-cocina,7793344009305,ROLLO COC ELEGANTE PREM,3675.0,5390.0,,,,,Vigencia desde el 30/07/2026 al 12/08/2026 hasta agotar Stock de 5 unidades.,
2026-08-07,sepa,Cooperativa Obrera Limitada de Consumo y Vivienda,rollo-cocina,7793344904013,ROLLO COC ELEGANTE,2359.2,2949.0,,,,,Descuentazo 20% - Vigencia desde el 07/08/2026 al 28/08/2026 hasta agotar Stock de 144 unidades.,
2026-08-07,sepa,Cooperativa Obrera Limitada de Consumo y Vivienda,rollo-cocina,7793344904853,ROLLO COC ELEGANTE,2792.0,3490.0,,,,,Descuentazo 20% - Vigencia desde el 07/08/2026 al 28/08/2026 hasta agotar Stock de 82 unidades.,
2026-08-07,sepa,Cooperativa Obrera Limitada de Consumo y Vivienda,yogur-natural-sin-azucar,7794820903612,YOGUR NAT CREMOSO MILKAUT,2850.0,3790.0,,,,,Vigencia desde el 06/08/2026 al 12/08/2026 hasta agotar Stock de 1 unidades.,
2026-08-07,sepa,Cooperativa Obrera Limitada de Consumo y Vivienda,yogur-natural-sin-azucar,7794820903711,YOGUR NAT DESCR MILKAUT,2850.0,3790.0,,,,,Vigencia desde el 06/08/2026 al 12/08/2026 hasta agotar Stock de 2 unidades.,
2026-08-07,sepa,Cooperativa Obrera Limitada de Consumo y Vivienda,lavandina,7798131250380,LAVANDINA HEROE CLASIC,952.0,1190.0,,,,,Descuentazo 20% - Vigencia desde el 07/08/2026 al 28/08/2026 hasta agotar Stock de 79 unidades.,
2026-08-07,sepa,Cooperativa Obrera Limitada de Consumo y Vivienda,yogur-natural-sin-azucar,7798136870545,YOG DAHI FIRME NATUR S/AZ,2127.2,2659.0,,,,,Descuentazo 20% - Vigencia desde el 07/08/2026 al 28/08/2026,
2026-08-07,sepa,Cooperativa Obrera Limitada de Consumo y Vivienda,yogur-natural-sin-azucar,7798136870743,YOGUR NAT DESLACT DAHI,2552.0,3190.0,,,,,Descuentazo 20% - Vigencia desde el 07/08/2026 al 28/08/2026,
2026-08-07,sepa,Cooperativa Obrera Limitada de Consumo y Vivienda,yogur-natural-sin-azucar,7798136870859,YOGUR GRIEGO NAT DAHI,2552.0,3190.0,,,,,Descuentazo 20% - Vigencia desde el 07/08/2026 al 28/08/2026,
2026-08-07,sepa,Cooperativa Obrera Limitada de Consumo y Vivienda,leche-protein,7798338291803,LECHE LV LAS3 NIÑAS PROTE,2312.0,2890.0,,,,,Descuentazo 20% - Vigencia desde el 07/08/2026 al 28/08/2026 hasta agotar Stock de 385 unidades.,
2026-08-07,sepa,Cooperativa Obrera Limitada de Consumo y Vivienda,cafe-instantaneo,8445291311510,NESCAFE TRADICION DP,7432.0,9290.0,,,,,Descuentazo 20% - Vigencia desde el 07/08/2026 al 28/08/2026 hasta agotar Stock de 32 unidades.,
2026-08-07,sepa,DEHEZA S.A.I.C.F. e I.,yerba-mananita,7790387015324,MAÑANITA YERBA 4FLEX X 500 GR,4400.0,,,,,,,
2026-08-07,sepa,DEHEZA S.A.I.C.F. e I.,gaseosa-cola-zero,7791813828365,PEPSI BLACK PET X 500CC,2900.0,,,,,,,
2026-08-07,sepa,Disco,cafe-instantaneo,7613035379213,Cafe Descafeinado NESCAFE MasAroma 100g FCO-100-gr.,18000.0,,,,,,,
2026-08-07,sepa,Disco,cafe-instantaneo,7613036312752,Nescafe GOLD espresso 100g FCO-100-gr.,24000.0,,,,,,,
2026-08-07,sepa,Disco,capsulas-nespresso-starbucks,7613036961004,Capsulas STARBUCKS Blonde Espresso Roast CJA-53-gr.,19050.0,,,,,,,
2026-08-07,sepa,Disco,capsulas-nespresso-starbucks,7613036961448,Capsulas Café STARBUCKS Colombia x57g CJA-57-gr.,19050.0,,,,,,,
2026-08-07,sepa,Disco,suprema-pollo,7790070036063,Suprema de pollo GRANJA DEL SOL 360g PAQ-360-gr.,11350.0,,,,,,,
2026-08-07,sepa,Disco,vinagre-alcohol,7790130000034,Vinagre MENOYO de alcohol PVC-500-cc.,1350.0,,,,,,,
2026-08-07,sepa,Disco,vinagre-alcohol,7790130000058,Vinagre MENOYO de alcohol PVC-1-lt.,1850.0,,,,,,,
2026-08-07,sepa,Disco,vinagre-alcohol,7790130000263,Vinagre alcazar de alcohol PVC-500-cc.,1200.0,,,,,,,
2026-08-07,sepa,Disco,lavandina,7790132098459,lavandina AYUDIN original 1L       PVC-1000-ml.,1278.0,,,,,,,
2026-08-07,sepa,Disco,vinagre-alcohol,7790139003166,Vinagre de Alcohol CASALTA x 500cc. BOT-500-cc.,1300.0,,,,,,,
2026-08-07,sepa,Disco,vinagre-alcohol,7790139101138,Vinagre de Alcohol Favinco S/T x 1lt BOT-1000-ml.,1717.0,,,,,,,
2026-08-07,sepa,Disco,cafe-instantaneo,7790150100462,café LA VIRGINIA Clásico Espuma DPx170g DOY-170-gr.,8150.0,,,,,,,
2026-08-07,sepa,Disco,cafe-instantaneo,7790150100486,café LA VIRGINIA Clasico Espuma x170G FCO-170-gr.,9450.0,,,,,,,
2026-08-07,sepa,Disco,cafe-instantaneo,7790150101476,café LA VIRGINIA Suave Espuma DP x170g DOY-170-gr.,8600.0,,,,,,,
2026-08-07,sepa,Disco,cafe-instantaneo,7790150101490,café LA VIRGINIA Suave Espuma x170g FCO-170-gr.,10850.0,,,,,,,
2026-08-07,sepa,Disco,cafe-instantaneo,7790150101773,café LA VIRGINIA Suave Espuma x100g FCO-100-gr.,6600.0,,,,,,,
2026-08-07,sepa,Disco,cafe-instantaneo,7790150101780,Café LA VIRGINIA Suave Espuma DPx100g DOY-100-gr.,5550.0,,,,,,,
2026-08-07,sepa,Disco,cafe-instantaneo,7790170904798,café LA MORENITA Intenso x100g FCO-100-gr.,6550.0,,,,,,,
2026-08-07,sepa,Disco,queso-crema-light,7790244941605,Q.Blancrem Light S.Ignacio 290g POT-290-gr.,4000.0,,,,,,,
2026-08-07,sepa,Disco,queso-crema-light,7790244941612,Q.Blancrem Light S.Ignacio 480g POT-480-gr.,5800.0,,,,,,,
2026-08-07,sepa,Disco,papel-higienico-doble-hoja,7790250015536,papel higieni HIGIENOL dob h fus 4x30m BSA-4-m2,4300.0,,,,,,,
2026-08-07,sepa,Disco,papel-higienico-doble-hoja,7790250026075,papel higienic ELITE dobl h soft 4x30m PAQ-12-m2,5180.0,,,,,,,
2026-08-07,sepa,Disco,papel-higienico-doble-hoja,7790250026082,papel higienic ELITE ult dobl h 4x50m PAQ-20-m2,10550.0,,,,,,,
2026-08-07,sepa,Disco,rollo-cocina,7790250056881,rollo cocina SUSSEX clasic 3x50paños PAQ-15-m2,3100.0,,,,,,,
2026-08-07,sepa,Disco,rollo-cocina,7790250056980,rollo cocina SUSSEX ultra 3x100p PAQ-300-un.,8050.0,,,,,,,
2026-08-07,sepa,Disco,yerba-mananita,7790387015317,Yerba Mate MAÑANITA 4FLEX 1kg PAQ-1000-gr.,5350.0,,,,,,,
2026-08-07,sepa,Disco,yerba-mananita,7790387015324,Yerba Mate MAÑANITA 4FLEX 1/2kg PAQ-500-gr.,2800.0,,,,,,,
2026-08-07,sepa,Disco,atun-lomitos-natural,7790580131364,Atun LA CAMPAGNOLA al natural x170g LAT-170-gr.,5745.0,,,,,,,
2026-08-07,sepa,Disco,ricotta,7790742102805,ricota entera GARCIA baja en sodio SCH-500-gr.,5100.0,,,,,,,
2026-08-07,sepa,Disco,ricotta,7790742114204,Ricotta Garcia Semigrasa Sachet 500GR SCH-500-gr.,5100.0,,,,,,,
2026-08-07,sepa,Disco,leche-protein,7790742358608,Leche Uat Proteina La serenisima 1l BOT-1000-ml.,3100.0,,,,,,,
2026-08-07,sepa,Disco,queso-crema-light,7790742373304,Q.Procesado Finlandia Light 290g POT-290-gr.,5900.0,,,,,,,
2026-08-07,sepa,Disco,gaseosa-cola-zero,7790895067532,gaseosa COCA COLA Zero 500cc PET-500-ml.,2650.0,,,,,,,
2026-08-07,sepa,Disco,gaseosa-cola-zero,7790895067556,gaseosa COCA COLA Zero 1.5lt PET-1500-ml.,4150.0,,,,,,,
2026-08-07,sepa,Disco,gaseosa-cola-zero,7790895067570,gaseosa COCA COLA Zero 2.25lt PET-2250-ml.,5500.0,,,,,,,
2026-08-07,sepa,Disco,gaseosa-cola-zero,7790895067587,gaseosa COCA COLA Zero 354cc LAT-354-ml.,2750.0,,,,,,,
2026-08-07,sepa,Disco,gaseosa-cola-zero,7790895640438,gaseosa COCA COLA Zero  3lt PET-3000-ml.,6454.0,,,,,,,
2026-08-07,sepa,Disco,detergente,7790990003022,detergente MAGISTRAL ult lim bot 300ml BOT-300-ml.,3350.0,,,,,,,
2026-08-07,sepa,Disco,detergente,7790990003039,detergente MAGISTRAL ult lim bot 500ml BOT-500-ml.,4542.0,,,,,,,
2026-08-07,sepa,Disco,detergente,7790990003046,detergente MAGISTRAL ult lim bot 750ml BOT-750-ml.,7850.0,,,,,,,
2026-08-07,sepa,Disco,detergente,7790990003121,detergente MAGISTRAL ult mar bot 300ml BOT-300-ml.,3350.0,,,,,,,
2026-08-07,sepa,Disco,detergente,7790990003138,detergente MAGISTRAL ult mar bot 500ml BOT-500-ml.,4542.0,,,,,,,
2026-08-07,sepa,Disco,detergente,7790990003145,detergente MAGISTRAL ult mar bot 750ml BOT-750-ml.,7850.0,,,,,,,
2026-08-07,sepa,Disco,lavandina,7791290793781,limpiador CIF crema lavand cloro 750gr BOT-750-gr.,5000.0,,,,,,,
2026-08-07,sepa,Disco,lavandina,7791290793804,limpiador CIF  gel lavandina cloro 513gr BOT-513-ml.,3950.0,,,,,,,
2026-08-07,sepa,Disco,detergente,7791290794054,lavavajilla CIF bioactive limon 300ml. BOT-300-ml.,2700.0,,,,,,,
2026-08-07,sepa,Disco,detergente,7791290794061,lavavajilla CIF bioactive limon 500ml BOT-500-ml.,4400.0,,,,,,,
2026-08-07,sepa,Disco,detergente,7791290794078,lavavajilla CIF bioactive limon 750ml BOT-750-ml.,6850.0,,,,,,,
2026-08-07,sepa,Disco,detergente,7791290794085,lavavajilla CIF limon bioactiv DP 450ml DOY-450-ml.,3900.0,,,,,,,
2026-08-07,sepa,Disco,detergente,7791290794092,lavavajilla CIF lima bioactive DP 450ml DOY-450-ml.,3900.0,,,,,,,
2026-08-07,sepa,Disco,detergente,7791290794108,lavavajilla CIF bioactive lima 300ml BOT-300-ml.,2700.0,,,,,,,
2026-08-07,sepa,Disco,detergente,7791290794115,lavavajilla CIF bioactive lima 500ml BOT-500-ml.,4400.0,,,,,,,
2026-08-07,sepa,Disco,yogur-natural-sin-azucar,7791337007208,Yog SER Natural 300g POT-300-gr.,5250.0,,,,,,,
2026-08-07,sepa,Disco,gaseosa-cola-zero,7791813828365,gaseosa PEPSI Black 500cc BOT-500-ml.,2250.0,,,,,,,
2026-08-07,sepa,Disco,gaseosa-cola-zero,7791813828419,gaseosa PEPSI Black 1.5lt BOT-1500-ml.,3899.0,,,,,,,
2026-08-07,sepa,Disco,gaseosa-cola-zero,7791813828464,gaseosa PEPSI Black 2lt BOT-2000-ml.,4300.0,,,,,,,
2026-08-07,sepa,Disco,rollo-cocina,7791828900056,Rollo Cocina FELPITA DH Infinity 3x100 PCK-300-un.,5350.0,,,,,,,
2026-08-07,sepa,Disco,papel-higienico-doble-hoja,7791828900285,Papel Higienico FELPITA Doble Hoj 4x50 PAQ-50-hjs,7250.0,,,,,,,
2026-08-07,sepa,Disco,lavandina,7793253003715,Lavandina Ayudin Triple Poder 1L BOT-1000-ml.,2050.0,,,,,,,
2026-08-07,sepa,Disco,lavandina,7793253003722,lavandina AYUDIN Glaciar Triple Poder La BOT-2000-ml.,3850.0,,,,,,,
2026-08-07,sepa,Disco,lavandina,7793253003739,Lavandina Ayudin Triple Poder 4L BOT-4000-ml.,7700.0,,,,,,,
2026-08-07,sepa,Disco,lavandina,7793253003746,Ayudin Pureza Glaciar Triple Poder 1L BOT-1000-ml.,2050.0,,,,,,,
2026-08-07,sepa,Disco,lavandina,7793253003753,lavandina AYUDIN Glaciar Triple Poder 2l BOT-2000-ml.,3950.0,,,,,,,
2026-08-07,sepa,Disco,lavandina,7793253003760,Ayudin Pureza Glaciar Triple Poder 4L BOT-4000-ml.,7800.0,,,,,,,
2026-08-07,sepa,Disco,lavandina,7793253003777,Lavandina Ayudin Anti-Splash Tradi 1L BOT-1000-ml.,2400.0,,,,,,,
2026-08-07,sepa,Disco,lavandina,7793253003784,lavandina AYUDIN Anti Splash 2lt BOT-2000-ml.,4600.0,,,,,,,
2026-08-07,sepa,Disco,lavandina,7793253003791,Ayudín Lavandina en Gel Original 700ml BOT-700-ml.,3800.0,,,,,,,
2026-08-07,sepa,Disco,lavandina,7793253003807,Ayudín Lavandina en Gel Citrica 700ml BOT-700-ml.,3800.0,,,,,,,
2026-08-07,sepa,Disco,lavandina,7793253003814,Ayudín Lavandina en Gel Floral 700ml BOT-700-ml.,3800.0,,,,,,,
2026-08-07,sepa,Disco,lavandina,7793253003821,Ayudín Lavandina en Gel Menta 700ml BOT-700-ml.,3800.0,,,,,,,
2026-08-07,sepa,Disco,lavandina,7793253003838,Ayudín Lavandina en Gel Lavanda 700ml BOT-700-ml.,3800.0,,,,,,,
2026-08-07,sepa,Disco,lavandina,7793253003869,Ayudín Lavandina en Gel Original 1500ml BOT-1500-ml.,8300.0,,,,,,,
2026-08-07,sepa,Disco,lavandina,7793253003876,Ayudín Lavandina en Gel Citrica 1500ml BOT-1500-ml.,8300.0,,,,,,,
2026-08-07,sepa,Disco,papel-higienico-doble-hoja,7793344000517,Papel hig New ELEGANTE Extra bl 30m x 4u PAQ-12-m2,3650.0,,,,,,,
2026-08-07,sepa,Disco,rollo-cocina,7793344009206,rollo cocina ELEGANTE dobl h 1x200 paños PCK-1-un.,3050.0,,,,,,,
2026-08-07,sepa,Disco,rollo-cocina,7793344009305,Rollos de Cocina Elegante 3u x 100 paños LAM-300-un.,5700.0,,,,,,,
2026-08-07,sepa,Disco,rollo-cocina,7793344904013,rollo cocina ELEGANTE dobl h 3x50 paños BSA-3-un.,3000.0,,,,,,,
2026-08-07,sepa,Disco,queso-crema-light,7793913013412,Queso Crema Light Tregar 280g POT-280-gr.,4400.0,,,,,,,
2026-08-07,sepa,Disco,queso-crema-light,7793913013641,Queso Untable CHATEL Descremado x 180grs POT-180-gr.,3300.0,,,,,,,
2026-08-07,sepa,Disco,ricotta,7793913013665,RICOTTA ENTERA TREGAR X 290 GRS POT-290-gr.,3850.0,,,,,,,
2026-08-07,sepa,Disco,ricotta,7793913013672,RICOTTA LIGHT TREGAR X 290 GRS POT-290-gr.,3850.0,,,,,,,
2026-08-07,sepa,Disco,queso-crema-light,7794820015018,Qso Proces para untar Light Milkaut 190g POT-190-gr.,3550.0,,,,,,,
2026-08-07,sepa,Disco,queso-crema-light,7794820903094,Queso Crematto Balance MILKAUT x 285 grs POT-285-gr.,5200.0,,,,,,,
2026-08-07,sepa,Disco,queso-crema-light,7794990879663,queso crema LA PAULINA light. POT-290-gr.,3500.0,,,,,,,
2026-08-07,sepa,Disco,lavandina,7798131250380,lavandina clasica HEROE 1lt BOT-1000-ml.,1150.0,,,,,,,
2026-08-07,sepa,Disco,lavandina,7798131250397,lavandina clasica HEROE 2lt BOT-2000-ml.,2250.0,,,,,,,
2026-08-07,sepa,Disco,yogur-natural-sin-azucar,7798136870545,Yog. Ent. Natural s/az DAHÍ 190g FCO-190-gr.,2850.0,,,,,,,
2026-08-07,sepa,Disco,yogur-natural-sin-azucar,7798136870743,Yog. Desc. Deslac Nat DAHÍ 190g FCO-200-gr.,3450.0,,,,,,,
2026-08-07,sepa,Disco,yogur-natural-sin-azucar,7798327950193,Yog. Entero Natural Flia Beudroit 400g POT-400-gr.,4750.0,,,,,,,
2026-08-07,sepa,Disco,capsulas-nespresso-starbucks,8445291363656,Capsulas STARBUCKS House Blend 12u CJA-52-gr.,19050.0,,,,,,,
2026-08-07,sepa,Disco,capsulas-nespresso-starbucks,8445291367272,Capsulas STARBUCKS Espresso Roast 12u CJA-78-gr.,19050.0,,,,,,,
2026-08-07,sepa,Express,cafe-instantaneo,7613035379213,CAFE DESCAFEINADO INSTANTANEO NESCAFE X 100 GRS,17029.0,,,,,,,
2026-08-07,sepa,Express,cafe-instantaneo,7613036312752,CAFE INSTANTANEO EXPRESSO GOLD NESCAFE X 100 GRS,25209.0,,,,,,,
2026-08-07,sepa,Express,capsulas-nespresso-starbucks,7613036961004,CAPSULAS CAFE BLOND ESPRESSO STARBUCKS X 10 UNI,18299.0,,,,,,,
2026-08-07,sepa,Express,suprema-pollo,7790070036063,SUPREMAS DE POLLO GRANJA DEL SOL BOLSA X 360 GRS,10985.0,,,,,,,
2026-08-07,sepa,Express,vinagre-alcohol,7790130000034,VINAGRE DE ALCOHOL MENOYO PET X 500 CC,1599.0,,,,,,,
2026-08-07,sepa,Express,vinagre-alcohol,7790130000058,VINAGRE DE ALCOHOL MENOYO PET X 1 LT,2025.0,,,,,,,
2026-08-07,sepa,Express,lavandina,7790132098459,LAVANDINA ORIGINAL AYUDIN X 1 LT,1319.0,,,,,,,
2026-08-07,sepa,Express,cafe-instantaneo,7790170904798,CAFE INSTANTANEO LA MORENITA FRASCO X 100 GRS,6540.0,,,,,,,
2026-08-07,sepa,Express,papel-higienico-doble-hoja,7790250015536,PAPEL HIGIENICO D HOJA PLUS HIGIENOL 4 X 30 MTS,3729.0,,,,,,,
2026-08-07,sepa,Express,papel-higienico-doble-hoja,7790250026075,PAPEL HIGIENICO D H ULTRA SUAVE ELITE 4 X 30 MTS,5785.0,,,,,,,
2026-08-07,sepa,Express,rollo-cocina,7790250056881,ROLLO DE COCINA CLASICO SUSSEX 3 X 50 PAN,2546.67,2929.0,,,,,Promo A valida desde el 04/08/2026 hasta 10/08/2026,
2026-08-07,sepa,Express,rollo-cocina,7790250057086,ROLLO COCINA CLASICO MEGA SUSSEX X 200 PANOS,3450.0,,,,,,,
2026-08-07,sepa,Express,yerba-mananita,7790387015317,YERBA MATE BAJO POLVO MANANITA 4FLEX X 1 KG,4929.0,,,,,,,
2026-08-07,sepa,Express,yerba-mananita,7790387015324,YERBA MATE BAJO POLVO MANANITA 4FLEX X 500 GRS,2566.67,2570.0,,,,,Promo A valida desde el 04/08/2026 hasta 10/08/2026,
2026-08-07,sepa,Express,atun-lomitos-natural,7790580131364,ATUN AL NATURAL LOMITOS LA CAMPAGNOLA X 170 GRS,6469.0,,,,,,,
2026-08-07,sepa,Express,gaseosa-cola-zero,7790895067532,GASEOSA COLA ZERO COCA COLA PET X 500 CC,1959.0,,,,,,,
2026-08-07,sepa,Express,gaseosa-cola-zero,7790895067556,GASEOSA COLA SIN AZUCAR COCA COLA PET X 1.5LT,3799.0,,,,,,,
2026-08-07,sepa,Express,gaseosa-cola-zero,7790895067570,GASEOSA COLA ZERO COCA COLA PET X 2.25 LT,5300.0,,,,,,,
2026-08-07,sepa,Express,gaseosa-cola-zero,7790895067587,GASEOSA COLA SIN AZUCAR COCA COLA LATA X 354 CC,2525.0,,,,,,,
2026-08-07,sepa,Express,detergente,7790990003022,DETERGENTE ULTRA LIMON MAGISTRAL BOT X 300 CC,2669.0,,,,,,,
2026-08-07,sepa,Express,detergente,7790990003039,DETERGENTE ULTRA LIMON MAGISTRAL BOT X 500 CC,4315.0,,,,,,,
2026-08-07,sepa,Express,detergente,7790990003046,DETERGENTE ULTRA LIMON MAGISTRAL BOT X 750 CC,7779.0,,,,,,,
2026-08-07,sepa,Express,detergente,7790990003787,DETERGENTE ULTRA LIMON MAGISTRAL DP X 450 CC,4445.0,,,,,,,
2026-08-07,sepa,Express,lavandina,7791290793804,LIMPIADOR EN GEL C LAVANDINA CIF X 513G,3760.0,,,,,,,
2026-08-07,sepa,Express,detergente,7791290794054,DETERGENTE BIOACTIVE LIMON CIF X 300 CC,2710.0,,,,,,,
2026-08-07,sepa,Express,detergente,7791290794061,DETERGENTE BIOACTIVE LIMON CIF X 500 CC,4005.0,,,,,,,
2026-08-07,sepa,Express,detergente,7791290794085,DETERGENTE BIOACTIVE LIMON CIF REPUESTO X 450 CC,3965.0,,,,,,,
2026-08-07,sepa,Express,detergente,7791290794115,DETERGENTE BIOACTIVE LIMA CIF X 500 CC,4005.0,,,,,,,
2026-08-07,sepa,Express,detergente,7791290796706,DETERGENTE ACTIVE GEL ORIG CIF BOT X 500 CC,5615.0,,,,,,,
2026-08-07,sepa,Express,rollo-cocina,7791720002605,ROLLO DE COCINA CARREFOUR ESSENTIAL 3 X 40 PANOS,2350.0,,,,,,,
2026-08-07,sepa,Express,rollo-cocina,7791720025543,ROLLO DE COCINA MAXI BLANCO CARREFOUR X 200 PANOS,2850.0,,,,,,,
2026-08-07,sepa,Express,yogur-natural-sin-azucar,7791720048122,YOGUR NATURAL CARREFOUR EXTRA FRASCO X 200 GR,2750.0,,,,,,,
2026-08-07,sepa,Express,yogur-natural-sin-azucar,7791720048139,YOGUR NATURAL CARREFOUR CLASSIC POTE 300 X GR,3090.0,,,,,,,
2026-08-07,sepa,Express,gaseosa-cola-zero,7791813828365,GASEOSA COLA BLACK PEPSI N PET X 500 CC.,2159.0,,,,,,,
2026-08-07,sepa,Express,gaseosa-cola-zero,7791813828419,GASEOSA COLA BLACK PEPSI NF PET X 1.5 LT,4120.0,,,,,,,
2026-08-07,sepa,Express,gaseosa-cola-zero,7791813828464,GASEOSA COLA BLACK PEPSI N PET X 2 LT,4689.0,,,,,,,
2026-08-07,sepa,Express,rollo-cocina,7791828900377,ROLLO DE COCINA MAXIROLLO FELPITA X 200 PANOS,3165.0,,,,,,,
2026-08-07,sepa,Express,lavandina,7791905000020,LAVANDINA CONCENTRADA QUERUBIN X 1 LT,1670.0,,,,,,,
2026-08-07,sepa,Express,lavandina,7791905023203,LAVANDINA ORIGINAL ODEX X 1 LT,1335.0,,,,,,,
2026-08-07,sepa,Express,lavandina,7791905023210,LAVANDINA ORIGINAL ODEX X 2 LT,2535.0,,,,,,,
2026-08-07,sepa,Express,lavandina,7793253003715,LAVANDINA MULTISUP LAVANDA TRIPLE PODER AYUDIN X1L,1989.0,,,,,,,
2026-08-07,sepa,Express,lavandina,7793253003722,LAVANDINA MULTISUP LAVANDA TRIPLE PODER AYUDIN X2L,3750.0,,,,,,,
2026-08-07,sepa,Express,lavandina,7793253003746,LAVANDINA MULTI PU GLACIAR TRIPLE PODER AYUDIN X1L,1989.0,,,,,,,
2026-08-07,sepa,Express,lavandina,7793253003777,LAVANDINA ANTISPLASH TRADICIONAL AYUDIN X 1 LT,2309.0,,,,,,,
2026-08-07,sepa,Express,lavandina,7793253003791,LAVANDINA EN GEL ORIGINAL AYUDIN BOTELLA X 700 CC,3699.0,,,,,,,
2026-08-07,sepa,Express,lavandina,7793253003807,LAVANDINA EN GEL CITRUS AYUDIN BOTELLA X 700 CC,3699.0,,,,,,,
2026-08-07,sepa,Express,lavandina,7793253003838,LAVANDINA EN GEL LAVANDA AYUDIN X 700 CC,3699.0,,,,,,,
2026-08-07,sepa,Express,lavandina,7793253006709,LAVANDINA ORIGINAL DESINFECTANTE AYUDIN X 2 LT,3039.0,,,,,,,
2026-08-07,sepa,Express,rollo-cocina,7793344009206,ROLLO DE COCINA GIGANTE ELEGANTE X 200 PANOS,3189.0,,,,,,,
2026-08-07,sepa,Express,queso-crema-light,7794820903094,QUESO UNTABLE LIGHT CREMATTO POTE MILKAUT X 285GRS,5225.0,,,,,,,
2026-08-07,sepa,Express,vinagre-alcohol,7798033332641,VINAGRE DE ALCOHOL CARREFOUR PET X 1 LT,1550.0,,,,,,,
2026-08-07,sepa,Express,atun-lomitos-natural,7798033333907,ATUN AL NATURAL LOMITOS CARREFOUR LATA X 170 GRS.,3490.0,,,,,,,
2026-08-07,sepa,Express,atun-lomitos-natural,7798108349161,ATUN AL NATURAL LOMITOS CARREFOUR LATA X 354 GRS,6450.0,,,,,,,
2026-08-07,sepa,Express,yogur-natural-sin-azucar,7798136870859,YOGUR NATURAL ESTILO GRIEGO DAHI FRASCO X 190 GRM,3389.0,,,,,,,
2026-08-07,sepa,Express,atun-lomitos-natural,7798152222151,ATUN AL NATURAL LOMITOS CARREFOUR 3 X 80 GRS,6150.0,,,,,,,
2026-08-07,sepa,Express,papel-higienico-doble-hoja,7798159717520,PAPEL HIGIENICO D HOJA DECO CARREFOUR 4 X 50 MTS,6090.0,,,,,,,
2026-08-07,sepa,Express,papel-higienico-doble-hoja,7798159718961,PAPEL HIGIENICO D HOJA CARREFOUR 4 X 30 MTS,3450.0,,,,,,,
2026-08-07,sepa,Express,ricotta,7798179070018,RICOTA G SILVIA X 500 GRS,3479.0,,,,,,,
2026-08-07,sepa,Express,cafe-instantaneo,8445291311510,CAFE INSTANTANEO TRADICION NESCAFE X 100 GRS,9219.0,,,,,,,
2026-08-07,sepa,Express,cafe-instantaneo,8445291311558,CAFE INSTANTANEO SUAVE DOLCA DP X 100 GRS,6149.0,,,,,,,
2026-08-07,sepa,Express,capsulas-nespresso-starbucks,8445291363656,CAPSULAS CAFE HOUSE BLEND STARBUCKS X 10 UNI,17105.0,,,,,,,
2026-08-07,sepa,Express,cafe-instantaneo,8445291738775,CAFE INSTANTANEO GOLD NESCAFE FRASCO X 95 GRS,21350.0,,,,,,,
2026-08-07,sepa,HiperChangomas,desodorante-barra-hombre,33200197447,AYH DEO MASC ULTRAMX,14739.0,,,,,,,
2026-08-07,sepa,HiperChangomas,desodorante-barra-hombre,75083694,AXE STI BLUE LAVEND,8349.0,,,,,,,
2026-08-07,sepa,HiperChangomas,desodorante-barra-hombre,75083700,AXE STI AQUA CITRUS,8349.0,,,,,,,
2026-08-07,sepa,HiperChangomas,cafe-instantaneo,7613035379213,NESCAFE DESCAFEINADO,17239.0,,,,,,,
2026-08-07,sepa,HiperChangomas,cafe-instantaneo,7613036312752,NESCAFE PURO ESPRESS,23949.0,,,,,,,
2026-08-07,sepa,HiperChangomas,suprema-pollo,7790070036063,GDS SUPREMAS 360GR,10239.0,,,,,,,
2026-08-07,sepa,HiperChangomas,vinagre-alcohol,7790130000034,MENOYO VINAGRE ALCOH,1349.0,,,,,,,
2026-08-07,sepa,HiperChangomas,vinagre-alcohol,7790130000058,MENOYO VINAGRE DE ALCOHOL 1L,1689.0,,,,,,,
2026-08-07,sepa,HiperChangomas,lavandina,7790132098459,AYUDIN LAVANDINA ORIGINAL 1L,1479.0,,,,,,,
2026-08-07,sepa,HiperChangomas,vinagre-alcohol,7790139000424,CASALTA VINAGRE DE ALCOHOL 1.3L,2189.0,,,,,,,
2026-08-07,sepa,HiperChangomas,vinagre-alcohol,7790139003166,CASALTA VINAGRE DE A,1309.0,,,,,,,
2026-08-07,sepa,HiperChangomas,vinagre-alcohol,7790139101138,FAVINCO VINAGRE DE A,1669.0,,,,,,,
2026-08-07,sepa,HiperChangomas,queso-crema-light,7790244941605,BLANCREM DIETE 290GR,3719.0,,,,,,,
2026-08-07,sepa,HiperChangomas,queso-crema-light,7790244941612,BLANCREM DIETE 480GR,5589.0,,,,,,,
2026-08-07,sepa,HiperChangomas,papel-higienico-doble-hoja,7790250015536,HIGIENOL PAPEL HIGENICO PLUS DOBLE HOJA 30M 4U,3549.0,,,,,,,
2026-08-07,sepa,HiperChangomas,rollo-cocina,7790250056881,SUSSEX ROLLO DE COCINA CLASICO DOBLE HOJA 50 PANOS 3U,2829.0,,,,,,,
2026-08-07,sepa,HiperChangomas,rollo-cocina,7790250056898,SUSSEX PREM 3X60 PAN,4799.0,,,,,,,
2026-08-07,sepa,HiperChangomas,rollo-cocina,7790250057086,SUSSEX ROLLO DE COCINA HOJA SIMPLE 200 PANOS 1U,3319.0,,,,,,,
2026-08-07,sepa,HiperChangomas,papel-higienico-doble-hoja,7790250913368,HIGIENOL PH DH YAPA,9239.0,,,,,,,
2026-08-07,sepa,HiperChangomas,yerba-mananita,7790387015317,MANANITA YERBA MATE 1KG,5519.0,,,,,,,
2026-08-07,sepa,HiperChangomas,cafe-instantaneo,7790550029431,LPC INS FR CLAS 170G,13299.0,,,,,,,
2026-08-07,sepa,HiperChangomas,atun-lomitos-natural,7790580131364,LA CAMPAGNOLA ATUN LOMITO 170G,6029.0,,,,,,,
2026-08-07,sepa,HiperChangomas,vinagre-alcohol,7790673000188,FAVINCO VINA ALCO 5L,7799.0,,,,,,,
2026-08-07,sepa,HiperChangomas,ricotta,7790742102805,RICOTTA GARCIA BAJA EN SODIO X 500 G,4759.0,,,,,,,
2026-08-07,sepa,HiperChangomas,ricotta,7790742114204,GARCIA RICOTA SEMIGRASA BAJA EN SODIO 500G,4759.0,,,,,,,
2026-08-07,sepa,HiperChangomas,leche-protein,7790742358608,LA SERENISIMA LECHE PROTEIN 1L,2999.0,,,,,,,
2026-08-07,sepa,HiperChangomas,queso-crema-light,7790742373304,FINLANDIA QUESO UNTABLE LIGHT 290G,5479.0,,,,,,,
2026-08-07,sepa,HiperChangomas,yogur-natural-sin-azucar,7790787960934,ILOLAY YOG NAT 350GR,3549.0,,,,,,,
2026-08-07,sepa,HiperChangomas,gaseosa-cola-zero,7790895067570,COCA COLA GASEOSA ZERO 2.25L,5279.0,,,,,,,
2026-08-07,sepa,HiperChangomas,gaseosa-cola-zero,7790895067587,COCA COLA GASEOSA ZERO 354ML,2359.0,,,,,,,
2026-08-07,sepa,HiperChangomas,detergente,7790990003022,MAGISTRAL DETERGENTE ULTRA LIMON 300ML,2999.0,,,,,,,
2026-08-07,sepa,HiperChangomas,detergente,7790990003039,MAGISTRAL DETERGENTE ULTRA LIMON 500ML,4849.0,,,,,,,
2026-08-07,sepa,HiperChangomas,detergente,7790990003046,MAGISTRAL LIMON,7259.0,,,,,,,
2026-08-07,sepa,HiperChangomas,detergente,7790990003121,MAGISTRAL MARINA,2999.0,,,,,,,
2026-08-07,sepa,HiperChangomas,detergente,7790990003138,MAGISTRAL MARINA,4849.0,,,,,,,
2026-08-07,sepa,HiperChangomas,detergente,7790990003145,MAGISTRAL MARINA,7259.0,,,,,,,
2026-08-07,sepa,HiperChangomas,detergente,7790990003381,MAGISTRAL DETERGENTE PLATINUM LIMON 500ML,5969.0,,,,,,,
2026-08-07,sepa,HiperChangomas,detergente,7790990003404,MAGISTRAL LIMON,3349.0,,,,,,,
2026-08-07,sepa,HiperChangomas,detergente,7790990003411,MAGISTRAL DETERGENTE ULTRA LIMON CREMOSO 500ML,4849.0,,,,,,,
2026-08-07,sepa,HiperChangomas,detergente,7790990003787,MAGISTRAL DETERGENTE ULTRA LIMON 450ML,4149.0,,,,,,,
2026-08-07,sepa,HiperChangomas,detergente,7791290794054,CIF BIOACTIVE,2609.0,,,,,,,
2026-08-07,sepa,HiperChangomas,detergente,7791290794061,CIF DETERGENTE BIOACTIVE LIMON 500ML,4219.0,,,,,,,
2026-08-07,sepa,HiperChangomas,detergente,7791290794108,CIF LAVAVAJILL LIMA,2609.0,,,,,,,
2026-08-07,sepa,HiperChangomas,detergente,7791290794115,CIF DETERGENTE BIOACTIVE LIMA 500ML,4219.0,,,,,,,
2026-08-07,sepa,HiperChangomas,detergente,7791290796706,CIF ACTIVE GEL,5269.0,,,,,,,
2026-08-07,sepa,HiperChangomas,detergente,7791290796713,CIF ACTIVE GEL,7909.0,,,,,,,
2026-08-07,sepa,HiperChangomas,detergente,7791290796720,CIF ACTIVE GEL,4119.0,,,,,,,
2026-08-07,sepa,HiperChangomas,detergente,7791290796737,CIF ACTIVE GEL,5269.0,,,,,,,
2026-08-07,sepa,HiperChangomas,detergente,7791290796744,CIF ACTIVE GEL,7909.0,,,,,,,
2026-08-07,sepa,HiperChangomas,detergente,7791290796751,CIF ACTIVE GEL,4119.0,,,,,,,
2026-08-07,sepa,HiperChangomas,yogur-natural-sin-azucar,7791337007208,SER NATU CON AZU300G,4915.0,,,,,,,
2026-08-07,sepa,HiperChangomas,queso-crema-light,7791337009851,LSC QSO CREMA LIGHT,6045.0,,,,,,,
2026-08-07,sepa,HiperChangomas,yogur-natural-sin-azucar,7791337010932,YYS FIRM ENT NAT180G,2829.0,,,,,,,
2026-08-07,sepa,HiperChangomas,rollo-cocina,7791828900025,FELPIT DISNEY RC3X40,2369.0,,,,,,,
2026-08-07,sepa,HiperChangomas,papel-higienico-doble-hoja,7791828900049,FELPITA PAPEL HIGIENICO DOBLE HOJA 30M 4U,4269.0,,,,,,,
2026-08-07,sepa,HiperChangomas,rollo-cocina,7791828900377,FELPITA MAXI ROLLO DE COCINA DOBLE HOJA 200 PANOS 1U,3069.0,,,,,,,
2026-08-07,sepa,HiperChangomas,papel-higienico-doble-hoja,7791828900520,FELPITA PH12x30DH,12719.0,,,,,,,
2026-08-07,sepa,HiperChangomas,rollo-cocina,7791828900537,FELPITA ROLLO DE COCINA 60 PANOS 3U,2539.0,,,,,,,
2026-08-07,sepa,HiperChangomas,rollo-cocina,7791828900599,FELPITA RC 150 MAXI,2949.0,,,,,,,
2026-08-07,sepa,HiperChangomas,lavandina,7791905000020,QUERUBIN CONCENTRADA,1559.0,,,,,,,
2026-08-07,sepa,HiperChangomas,lavandina,7791905000037,QUERUBIN CONCENTRADA,2999.0,,,,,,,
2026-08-07,sepa,HiperChangomas,lavandina,7791905000372,QUERUBIN CONCENTRADA,5789.0,,,,,,,
2026-08-07,sepa,HiperChangomas,lavandina,7791905023203,ODEX LAVANDINA 1L,1259.0,,,,,,,
2026-08-07,sepa,HiperChangomas,lavandina,7793253003715,AYUDIN LAVANDINA TRIPLE PODER LAVANDA 1L,1819.0,,,,,,,
2026-08-07,sepa,HiperChangomas,lavandina,7793253003722,AYUDIN TRIPLE PODER,3469.0,,,,,,,
2026-08-07,sepa,HiperChangomas,lavandina,7793253003739,AYUDIN TRIPLE PODER,6919.0,,,,,,,
2026-08-07,sepa,HiperChangomas,lavandina,7793253003746,AYUDIN TRIPLE PODER,1819.0,,,,,,,
2026-08-07,sepa,HiperChangomas,lavandina,7793253003753,AYUDIN TRIPLE PODER,3469.0,,,,,,,
2026-08-07,sepa,HiperChangomas,lavandina,7793253003760,AYUDIN TRIPLE PODER,6919.0,,,,,,,
2026-08-07,sepa,HiperChangomas,lavandina,7793253003777,AYUDIN ANTI SPLASH T,2139.0,,,,,,,
2026-08-07,sepa,HiperChangomas,lavandina,7793253003784,AYUDIN ANTI SPLASH T,4149.0,,,,,,,
2026-08-07,sepa,HiperChangomas,lavandina,7793253003791,AYUDIN LAVANDINA EN GEL ORIGINAL 700ML,3419.0,,,,,,,
2026-08-07,sepa,HiperChangomas,lavandina,7793253003807,AYUDIN LAVANDINA EN GEL PUREZA CITRICA 700ML,3419.0,,,,,,,
2026-08-07,sepa,HiperChangomas,lavandina,7793253003814,AYUDIN LAVANDINA GEL,3419.0,,,,,,,
2026-08-07,sepa,HiperChangomas,lavandina,7793253003821,AYUDIN LAVANDINA EN,3419.0,,,,,,,
2026-08-07,sepa,HiperChangomas,lavandina,7793253003838,AYUDIN LAVANDINA EN,3419.0,,,,,,,
2026-08-07,sepa,HiperChangomas,lavandina,7793253003869,AYUDIN LAVAN ORIGINA,7179.0,,,,,,,
2026-08-07,sepa,HiperChangomas,lavandina,7793253003876,AYUDIN LAVANDINA GEL,7179.0,,,,,,,
2026-08-07,sepa,HiperChangomas,lavandina,7793253005856,AYUDIN LAVAN ORIGINA,2899.0,,,,,,,
2026-08-07,sepa,HiperChangomas,lavandina,7793253005863,AYUDIN LAVANDINA GEL,2869.0,,,,,,,
2026-08-07,sepa,HiperChangomas,lavandina,7793253006709,AYUDIN LAVANDINA ORIGINAL 2L,2809.0,,,,,,,
2026-08-07,sepa,HiperChangomas,lavandina,7793253006716,AYUDIN LAVAN ORIGINA,5619.0,,,,,,,
2026-08-07,sepa,HiperChangomas,lavandina,7793253007263,AYUDIN ANTI SPLASH E,7949.0,,,,,,,
2026-08-07,sepa,HiperChangomas,rollo-cocina,7793344009206,ELEGANTE ROLLO DE COCINA 200 PANOS,2829.0,,,,,,,
2026-08-07,sepa,HiperChangomas,rollo-cocina,7793344009305,ELEGANTE RC 3X100P,5109.0,,,,,,,
2026-08-07,sepa,HiperChangomas,rollo-cocina,7793344904013,ELEGANTE ROLLO DE COCINA 3X50 HOJAS,2839.0,,,,,,,
2026-08-07,sepa,HiperChangomas,yogur-natural-sin-azucar,7793913002423,TREG ENT BAT NAT140G,2019.0,,,,,,,
2026-08-07,sepa,HiperChangomas,queso-crema-light,7793913013214,TREG QSO CREMA LIGHT,3059.0,,,,,,,
2026-08-07,sepa,HiperChangomas,queso-crema-light,7793913013412,TREGA QSO CREMA DESC,4019.0,,,,,,,
2026-08-07,sepa,HiperChangomas,queso-crema-light,7793913013641,CHATEL QSO DESCR180G,2969.0,,,,,,,
2026-08-07,sepa,HiperChangomas,ricotta,7793913013665,TREG RICOT ENTER290G,3639.0,,,,,,,
2026-08-07,sepa,HiperChangomas,ricotta,7793913013672,TREG RICOT LIGHT290G,3639.0,,,,,,,
2026-08-07,sepa,HiperChangomas,queso-crema-light,7794820015018,MILKAU QSO LIGHT190G,3519.0,,,,,,,
2026-08-07,sepa,HiperChangomas,queso-crema-light,7794820903094,CREMATTO BALANCE285G,5079.0,,,,,,,
2026-08-07,sepa,HiperChangomas,yogur-natural-sin-azucar,7794820903612,MILKAUT YOGUR ENTERO NATURAL CREMOSO 300G,3879.0,,,,,,,
2026-08-07,sepa,HiperChangomas,yogur-natural-sin-azucar,7794820903711,MILK YOG NAT BALANCE,3719.0,,,,,,,
2026-08-07,sepa,HiperChangomas,queso-crema-light,7794990879663,LA PAULINA QUESO CREMA LIGHT 290G,3429.0,,,,,,,
2026-08-07,sepa,HiperChangomas,queso-crema-light,7798060854352,PATAGON QSO REDU180G,2979.0,,,,,,,
2026-08-07,sepa,HiperChangomas,lavandina,7798131250380,HEROE LAVANDINA,1069.0,,,,,,,
2026-08-07,sepa,HiperChangomas,lavandina,7798131250397,HEROE LAVANDINA,2089.0,,,,,,,
2026-08-07,sepa,HiperChangomas,yogur-natural-sin-azucar,7798136870545,DAHI YOGUR FIRME NATURAL SIN AZUCAR 190G,2619.0,,,,,,,
2026-08-07,sepa,HiperChangomas,yogur-natural-sin-azucar,7798136870743,DAHI PROBIO NAT 190G,3159.0,,,,,,,
2026-08-07,sepa,HiperChangomas,yogur-natural-sin-azucar,7798136870859,DAHI YOGUR GRIEGO NATURAL 190G,3159.0,,,,,,,
2026-08-07,sepa,HiperChangomas,ricotta,7798179070018,SILVIA RICOTTA 500GR,3159.0,,,,,,,
2026-08-07,sepa,HiperChangomas,cafe-instantaneo,7798196990016,SEGA CAF INS PR 100G,18959.0,,,,,,,
2026-08-07,sepa,HiperChangomas,cafe-instantaneo,7798196990047,SEGA LIOFIL FRASCO,20479.0,,,,,,,
2026-08-07,sepa,HiperChangomas,queso-crema-light,7798312320567,CLARA QSO BLANCO LIG,2999.0,,,,,,,
2026-08-07,sepa,HiperChangomas,leche-protein,7798338291803,LAS TRES NINAS LECHE DESCREMADA CON PROTEINA 1L,2759.0,,,,,,,
2026-08-07,sepa,HiperChangomas,cafe-instantaneo,7891000426937,NESCAFE ICE 100G,10389.0,,,,,,,
2026-08-07,sepa,HiperChangomas,capsulas-nespresso-starbucks,8445290154125,STARBUCKS CAFE EN CAPSULAS NESPRESSO CARAMEL 10U,17059.0,,,,,,,
2026-08-07,sepa,HiperChangomas,capsulas-nespresso-starbucks,8445290814425,SBUX BLND ESPRS DECA,17059.0,,,,,,,
2026-08-07,sepa,HiperChangomas,cafe-instantaneo,8445291311510,NESCAFE NESTLE CAFE INSTANTANEO TRADICION 100G,9109.0,,,,,,,
2026-08-07,sepa,HiperChangomas,cafe-instantaneo,8445291738775,NESCAFE CAFE INSTANTANEO GOLD SIGNATURE 95G,21089.0,,,,,,,
2026-08-07,sepa,HiperChangomas,capsulas-nespresso-starbucks,8445291786721,SBUX CHOC HAZEL 51GR,17059.0,,,,,,,
2026-08-07,sepa,Hipermercado Carrefour,desodorante-barra-hombre,33200197447,ANTITRANS ULTRAMAX SPORT ARM HAMMER STICK X73GRS,12086.15,14219.0,,,,,Promo A valida desde el 06/08/2026 hasta 12/08/2026,
2026-08-07,sepa,Hipermercado Carrefour,desodorante-barra-hombre,7500435213882,ANTITRANSP BARRA COCONUT SECRET X 45 GRM,12800.0,,,,,,,
2026-08-07,sepa,Hipermercado Carrefour,desodorante-barra-hombre,7501001163983,ANTITRANSPIRANTE BARRA FRESH OLD SPICE X 50 GRS,9949.0,,,,,,,
2026-08-07,sepa,Hipermercado Carrefour,desodorante-barra-hombre,75083694,DESODORANTE STICK BLUE LAVENDER AXE X 58 GRM,8709.0,,,,,,,
2026-08-07,sepa,Hipermercado Carrefour,desodorante-barra-hombre,75083700,DESODORANTE STICK AQUA CITRUS AXE X 58 GRM,8709.0,,,,,,,
2026-08-07,sepa,Hipermercado Carrefour,cafe-instantaneo,7613035379213,CAFE DESCAFEINADO INSTANTANEO NESCAFE X 100 GRS,16535.0,,,,,,,
2026-08-07,sepa,Hipermercado Carrefour,cafe-instantaneo,7613036312752,CAFE INSTANTANEO EXPRESSO GOLD NESCAFE X 100 GRS,24475.0,,,,,,,
2026-08-07,sepa,Hipermercado Carrefour,capsulas-nespresso-starbucks,7613036961004,CAPSULAS CAFE BLOND ESPRESSO STARBUCKS X 10 UNI,17765.0,,,,,,,
2026-08-07,sepa,Hipermercado Carrefour,capsulas-nespresso-starbucks,7613036961448,CAPSULA CAFE NESPRESSO STARBUCKS COLOMBIA X 57 GRS,18895.0,,,,,,,
2026-08-07,sepa,Hipermercado Carrefour,suprema-pollo,7790070036063,SUPREMAS DE POLLO GRANJA DEL SOL BOLSA X 360 GRS,10665.0,,,,,,,
2026-08-07,sepa,Hipermercado Carrefour,vinagre-alcohol,7790130000034,VINAGRE DE ALCOHOL MENOYO PET X 500 CC,1379.0,,,,,,,
2026-08-07,sepa,Hipermercado Carrefour,vinagre-alcohol,7790130000058,VINAGRE DE ALCOHOL MENOYO PET X 1 LT,1750.0,,,,,,,
2026-08-07,sepa,Hipermercado Carrefour,vinagre-alcohol,7790130000102,VINAGRE DE ALCOHOL MENOYO BIDON X 5 LT,9830.0,,,,,,,
2026-08-07,sepa,Hipermercado Carrefour,vinagre-alcohol,7790130000263,VINAGRE DE ALCOHOL ALCAZAR PET 500 CC,1119.0,,,,,,,
2026-08-07,sepa,Hipermercado Carrefour,vinagre-alcohol,7790130000294,VINAGRE DE ALCOHOL ALCAZAR PET X 1 LT,1319.0,,,,,,,
2026-08-07,sepa,Hipermercado Carrefour,vinagre-alcohol,7790130000645,VINAGRE DE ALCOHOL MENOYO PET X 250 CC,1090.0,,,,,,,
2026-08-07,sepa,Hipermercado Carrefour,lavandina,7790132098459,LAVANDINA ORIGINAL AYUDIN X 1 LT,1279.0,,,,,,,
2026-08-07,sepa,Hipermercado Carrefour,vinagre-alcohol,7790139003166,VINAGRE DE ALCOHOL CLASICO CASALTA PET X500 CC,1205.0,,,,,,,
2026-08-07,sepa,Hipermercado Carrefour,vinagre-alcohol,7790139101138,VINAGRE DE ALCOHOL FAVINCO PET X 1 LT,1589.0,,,,,,,
2026-08-07,sepa,Hipermercado Carrefour,cafe-instantaneo,7790150100462,INSTANTANEO CLASICO ESP INST LA VIRGINIA DP 170GR,8039.0,,,,,,,
2026-08-07,sepa,Hipermercado Carrefour,cafe-instantaneo,7790150100486,CAFE INSTANTANEO ESP INST CLAS LA VIRGINIA X 170GR,7739.0,,,,,,,
2026-08-07,sepa,Hipermercado Carrefour,cafe-instantaneo,7790150100783,CAFE INSTANTANEO ESP INST CLAS LA VIRGINIA X 100GR,5859.0,,,,,,,
2026-08-07,sepa,Hipermercado Carrefour,cafe-instantaneo,7790150100806,CAFE INSTANTANEO CLASICO LA VIRGINA DP X 100 GRS,5150.0,,,,,,,
2026-08-07,sepa,Hipermercado Carrefour,cafe-instantaneo,7790150101476,CAFE INSTANTANEO SUAVE LA VIRGINA DOYPACK X 170GRS,8050.0,,,,,,,
2026-08-07,sepa,Hipermercado Carrefour,cafe-instantaneo,7790150101490,CAFE INSTANTANEO SUAVE LA VIRGINIA FRASCO X 170 GR,9215.0,,,,,,,
2026-08-07,sepa,Hipermercado Carrefour,cafe-instantaneo,7790150101773,CAFE INSTANTANEO SUAVE LA VIRGINIA FRASCO X 100GRS,5859.0,,,,,,,
2026-08-07,sepa,Hipermercado Carrefour,cafe-instantaneo,7790150101780,CAFE INSTANTANEO SUAVE LA VIRGINA DP X 100 GRS,5139.0,,,,,,,
2026-08-07,sepa,Hipermercado Carrefour,cafe-instantaneo,7790150150573,CAFE INSTANTANEO TOSTADO LA VIRGINIA FRASCO 100GR,8259.0,,,,,,,
2026-08-07,sepa,Hipermercado Carrefour,cafe-instantaneo,7790170904798,CAFE INSTANTANEO LA MORENITA FRASCO X 100 GRS,6350.0,,,,,,,
2026-08-07,sepa,Hipermercado Carrefour,queso-crema-light,7790244941605,QUESO CREMA LIGTH SAN IGNACIO POTE X 290 GR,3203.65,3769.0,,,,,Promo A valida desde el 06/08/2026 hasta 12/08/2026,
2026-08-07,sepa,Hipermercado Carrefour,queso-crema-light,7790244941612,QUESO CREMA LIGHT SAN IGNACIO POTE X480 GRS,4818.65,5669.0,,,,,Promo A valida desde el 06/08/2026 hasta 12/08/2026,
2026-08-07,sepa,Hipermercado Carrefour,papel-higienico-doble-hoja,7790250015536,PAPEL HIGIENICO D HOJA PLUS HIGIENOL 4 X 30 MTS,3435.0,,,,,,,
2026-08-07,sepa,Hipermercado Carrefour,papel-higienico-doble-hoja,7790250015567,PAPEL HIGIENICO DOBLE HOJA PLUS HIGIENOL 4 X 20 MT,3149.0,,,,,,,
2026-08-07,sepa,Hipermercado Carrefour,papel-higienico-doble-hoja,7790250019411,PAPEL HIGIENICO DH PLUS HIGIENOL 30M X 18,15510.0,,,,,,,
2026-08-07,sepa,Hipermercado Carrefour,papel-higienico-doble-hoja,7790250026075,PAPEL HIGIENICO D H ULTRA SUAVE ELITE 4 X 30 MTS,4399.0,,,,,,,
2026-08-07,sepa,Hipermercado Carrefour,papel-higienico-doble-hoja,7790250026082,PAPEL HIGIENICO ULTRA SOFT D HOJA ELITE 4 X 50 MTS,10349.0,,,,,,,
2026-08-07,sepa,Hipermercado Carrefour,rollo-cocina,7790250056881,ROLLO DE COCINA CLASICO SUSSEX 3 X 50 PAN,2920.0,2929.0,,,,,Promo A valida desde el 04/08/2026 hasta 10/08/2026,
2026-08-07,sepa,Hipermercado Carrefour,rollo-cocina,7790250056898,ROLLO DE COCINA ULTRA SUSSEX 60P X 3 UNI,4980.0,,,,,,,
2026-08-07,sepa,Hipermercado Carrefour,rollo-cocina,7790250056980,ROLLO DE COCINA MAXI SUSSEX 3 X 100 PAN,7489.0,,,,,,,
2026-08-07,sepa,Hipermercado Carrefour,rollo-cocina,7790250057086,ROLLO COCINA CLASICO MEGA SUSSEX X 200 PANOS,3350.0,,,,,,,
2026-08-07,sepa,Hipermercado Carrefour,papel-higienico-doble-hoja,7790250092452,PAPEL HIGIENICO DOBLE HOJA NOBLE 4 X 30 M,3669.0,,,,,,,
2026-08-07,sepa,Hipermercado Carrefour,papel-higienico-doble-hoja,7790250913368,PAPEL HIGIENICO DH CON YAPA HIGIENOL 50M X 4 UNI,9529.0,,,,,,,
2026-08-07,sepa,Hipermercado Carrefour,yerba-mananita,7790387015317,YERBA MATE BAJO POLVO MANANITA 4FLEX X 1 KG,4749.0,,,,,,,
2026-08-07,sepa,Hipermercado Carrefour,yerba-mananita,7790387015324,YERBA MATE BAJO POLVO MANANITA 4FLEX X 500 GRS,2379.0,,,,,,,
2026-08-07,sepa,Hipermercado Carrefour,cafe-instantaneo,7790550029431,CAFE INSTANTANEO CLASICO LA PLANTA FRASCO X 170 GR,13709.0,,,,,,,
2026-08-07,sepa,Hipermercado Carrefour,atun-lomitos-natural,7790580131364,ATUN AL NATURAL LOMITOS LA CAMPAGNOLA X 170 GRS,5745.0,,,,,,,
2026-08-07,sepa,Hipermercado Carrefour,vinagre-alcohol,7790673000188,VINAGRE DE ALCOHOL FAVINCO BIDON X 5 LT,8129.0,,,,,,,
2026-08-07,sepa,Hipermercado Carrefour,ricotta,7790742102805,RICOTTA ENTERA B SODIO GARCIA SACHET X 500 GRS,4699.0,,,,,,,
2026-08-07,sepa,Hipermercado Carrefour,ricotta,7790742114204,RICOTTA SEMIGRASA BAJO SODIO GARCIA X 500 GRS,4755.0,,,,,,,
2026-08-07,sepa,Hipermercado Carrefour,leche-protein,7790742358608,LECHE UAT DESC S LACT PROTEIN LA SERENISIMA BOTX1L,2999.0,,,,,,,
2026-08-07,sepa,Hipermercado Carrefour,queso-crema-light,7790742373304,QUESO FUNDIDO FINLANDIA LIGHT POTE 290 GRS,5479.0,,,,,,,
2026-08-07,sepa,Hipermercado Carrefour,yogur-natural-sin-azucar,7790787960934,YOGUR CREMOSO SAB NATURAL ILOLAY POTE X 350 G,3144.15,3699.0,,,,,Promo A valida desde el 06/08/2026 hasta 12/08/2026,
2026-08-07,sepa,Hipermercado Carrefour,gaseosa-cola-zero,7790895067532,GASEOSA COLA ZERO COCA COLA PET X 500 CC,2450.0,,,,,,,
2026-08-07,sepa,Hipermercado Carrefour,gaseosa-cola-zero,7790895067556,GASEOSA COLA SIN AZUCAR COCA COLA PET X 1.5LT,3979.0,,,,,,,
2026-08-07,sepa,Hipermercado Carrefour,gaseosa-cola-zero,7790895067570,GASEOSA COLA ZERO COCA COLA PET X 2.25 LT,5300.0,,,,,,,
2026-08-07,sepa,Hipermercado Carrefour,gaseosa-cola-zero,7790895067587,GASEOSA COLA SIN AZUCAR COCA COLA LATA X 354 CC,2359.0,,,,,,,
2026-08-07,sepa,Hipermercado Carrefour,gaseosa-cola-zero,7790895640438,GASEOSA COLA SIN AZUCAR COCA COLA PET X 3 LT,6650.0,,,,,,,
2026-08-07,sepa,Hipermercado Carrefour,detergente,7790990003022,DETERGENTE ULTRA LIMON MAGISTRAL BOT X 300 CC,2459.0,,,,,,,
2026-08-07,sepa,Hipermercado Carrefour,detergente,7790990003039,DETERGENTE ULTRA LIMON MAGISTRAL BOT X 500 CC,4389.0,,,,,,,
2026-08-07,sepa,Hipermercado Carrefour,detergente,7790990003046,DETERGENTE ULTRA LIMON MAGISTRAL BOT X 750 CC,6035.0,,,,,,,
2026-08-07,sepa,Hipermercado Carrefour,detergente,7790990003053,DETERGENTE ULTRA LIMON MAGISTRAL BOT 1400ML,13990.0,,,,,,,
2026-08-07,sepa,Hipermercado Carrefour,detergente,7790990003121,DETERGENTE ULTRA MARINA MAGISTRAL BOT X 300 CC,2459.0,,,,,,,
2026-08-07,sepa,Hipermercado Carrefour,detergente,7790990003138,DETERGENTE ULTRA MARINA MAGISTRAL BOT X 500 CC,4559.0,,,,,,,
2026-08-07,sepa,Hipermercado Carrefour,detergente,7790990003145,DETERGENTE ULTRA MARINA MAGISTRAL BOT X 750 CC,6035.0,,,,,,,
2026-08-07,sepa,Hipermercado Carrefour,detergente,7790990003381,DETERGENTE LIMON MAGISTRAL PLATINUM X 500 CC,6159.0,,,,,,,
2026-08-07,sepa,Hipermercado Carrefour,detergente,7790990003404,DETERGENTE CREMOSO ULTRA LIMON BOT X 300 CC,3450.0,,,,,,,
2026-08-07,sepa,Hipermercado Carrefour,detergente,7790990003411,DETERGENTE CREM ULTRA LIMON MAGISTRAL BOT X 500CC,4559.0,,,,,,,
2026-08-07,sepa,Hipermercado Carrefour,detergente,7790990003787,DETERGENTE ULTRA LIMON MAGISTRAL DP X 450 CC,4039.0,,,,,,,
2026-08-07,sepa,Hipermercado Carrefour,rollo-cocina,7791070005806,ROLLO DE COCINA CELESTIAL 3 X 50 PANOS,3189.0,,,,,,,
2026-08-07,sepa,Hipermercado Carrefour,lavandina,7791290793804,LIMPIADOR EN GEL C LAVANDINA CIF X 513G,3669.0,,,,,,,
2026-08-07,sepa,Hipermercado Carrefour,detergente,7791290794054,DETERGENTE BIOACTIVE LIMON CIF X 300 CC,2329.0,,,,,,,
2026-08-07,sepa,Hipermercado Carrefour,detergente,7791290794061,DETERGENTE BIOACTIVE LIMON CIF X 500 CC,3729.0,,,,,,,
2026-08-07,sepa,Hipermercado Carrefour,detergente,7791290794078,DETERGENTE BIOACTIVE LIMON CIF X 750 CC,6590.0,,,,,,,
2026-08-07,sepa,Hipermercado Carrefour,detergente,7791290794085,DETERGENTE BIOACTIVE LIMON CIF REPUESTO X 450 CC,2855.0,,,,,,,
2026-08-07,sepa,Hipermercado Carrefour,detergente,7791290794092,DETERGENTE BIOACTIVE LIMA CIF RESPUESTO X 450 CC,2855.0,,,,,,,
2026-08-07,sepa,Hipermercado Carrefour,detergente,7791290794108,DETERGENTE BIOACTIVE LIMA CIF X 300 CC,2329.0,,,,,,,
2026-08-07,sepa,Hipermercado Carrefour,detergente,7791290794115,DETERGENTE BIOACTIVE LIMA CIF X 500 CC,3729.0,,,,,,,
2026-08-07,sepa,Hipermercado Carrefour,lavandina,7791290794955,LAVANDINA EN GEL ORIGINAL VIM X 700 CC,3500.0,,,,,,,
2026-08-07,sepa,Hipermercado Carrefour,detergente,7791290796706,DETERGENTE ACTIVE GEL ORIG CIF BOT X 500 CC,4850.0,,,,,,,
2026-08-07,sepa,Hipermercado Carrefour,detergente,7791290796720,DETERGENTE ACTIVE GEL ORIG CIF DP X 400 CC,4289.0,,,,,,,
2026-08-07,sepa,Hipermercado Carrefour,detergente,7791290796737,DETERGENTE ACTIVE GEL LIMON CIF BOT X 500 CC,4850.0,,,,,,,
2026-08-07,sepa,Hipermercado Carrefour,detergente,7791290796744,DETERGENTE ACTIVE GEL LIMON CIF BOT X 750 CC,8229.0,,,,,,,
2026-08-07,sepa,Hipermercado Carrefour,detergente,7791290796751,DETERGENTE ACTIVE GEL LIMON CIF DP X 400 CC,4289.0,,,,,,,
2026-08-07,sepa,Hipermercado Carrefour,yogur-natural-sin-azucar,7791337007208,YOGUR NATURAL S LACTOSA SER POTE X 300 GR,4915.0,,,,,,,
2026-08-07,sepa,Hipermercado Carrefour,queso-crema-light,7791337009851,QUESO CREMA LIGHT LA SERENISIMA POTE X 460 GRS,6045.0,,,,,,,
2026-08-07,sepa,Hipermercado Carrefour,yogur-natural-sin-azucar,7791337010932,YOGUR GRIEGO FIR NATURAL YOGURISIMO POTE X 180 GR,2950.0,,,,,,,
2026-08-07,sepa,Hipermercado Carrefour,rollo-cocina,7791720002605,ROLLO DE COCINA CARREFOUR ESSENTIAL 3 X 40 PANOS,2350.0,,,,,,,
2026-08-07,sepa,Hipermercado Carrefour,rollo-cocina,7791720025543,ROLLO DE COCINA MAXI BLANCO CARREFOUR X 200 PANOS,2490.0,2850.0,,,,,Promo A valida desde el 04/08/2026 hasta 10/08/2026,
2026-08-07,sepa,Hipermercado Carrefour,queso-crema-light,7791720028506,QUESO CREMA LIGHT CARREFOUR CLASSIC X 290 GRS,3190.0,,,,,,,
2026-08-07,sepa,Hipermercado Carrefour,papel-higienico-doble-hoja,7791720032930,PAPEL HIGIENICO DH CARREFOUR ESSENTIAL 4X30 MTS,2990.0,3450.0,,,,,Promo A valida desde el 04/08/2026 hasta 10/08/2026,
2026-08-07,sepa,Hipermercado Carrefour,cafe-instantaneo,7791720035481,CAFE INSTANTANEO SUAVE CRF CLASSIC FRASCO X 170 GR,10650.0,,,,,,,
2026-08-07,sepa,Hipermercado Carrefour,vinagre-alcohol,7791720035955,VINAGRE DE ALCOHOL BULNEZ 1 LT,1190.0,,,,,,,
2026-08-07,sepa,Hipermercado Carrefour,vinagre-alcohol,7791720035962,VINAGRE DE ALCOHOL BULNEZ BIDON 5000 CC,5790.0,,,,,,,
2026-08-07,sepa,Hipermercado Carrefour,rollo-cocina,7791720045541,ROLLOS DE COCINA CARREFOUR ESSENTIAL 3 X 100 PANOS,4650.0,,,,,,,
2026-08-07,sepa,Hipermercado Carrefour,papel-higienico-doble-hoja,7791720045558,PAPEL HIG DOBLE HOJA CARREFOUR ESSENTIAL 4 X50MTS,5550.0,,,,,,,
2026-08-07,sepa,Hipermercado Carrefour,ricotta,7791720046951,RICOTTA ENTERA BULNEZ X 500 GRM,2966.5,3490.0,,,,,Promo A valida desde el 06/08/2026 hasta 12/08/2026,
2026-08-07,sepa,Hipermercado Carrefour,rollo-cocina,7791720047446,ROLLO DE COCINA DOBLE HOJA BULNEZ X 200 PANOS,2350.0,,,,,,,
2026-08-07,sepa,Hipermercado Carrefour,yogur-natural-sin-azucar,7791720048139,YOGUR NATURAL CARREFOUR CLASSIC POTE 300 X GR,2626.5,3090.0,,,,,Promo A valida desde el 06/08/2026 hasta 12/08/2026,
2026-08-07,sepa,Hipermercado Carrefour,gaseosa-cola-zero,7791813828365,GASEOSA COLA BLACK PEPSI N PET X 500 CC.,2200.0,,,,,,,
2026-08-07,sepa,Hipermercado Carrefour,gaseosa-cola-zero,7791813828419,GASEOSA COLA BLACK PEPSI NF PET X 1.5 LT,3950.0,,,,,,,
2026-08-07,sepa,Hipermercado Carrefour,gaseosa-cola-zero,7791813828464,GASEOSA COLA BLACK PEPSI N PET X 2 LT,4400.0,,,,,,,
2026-08-07,sepa,Hipermercado Carrefour,rollo-cocina,7791828000121,ROLLO COCINA PARA CADA DIA FELPITA 3 X 40 PANOS,2499.0,,,,,,,
2026-08-07,sepa,Hipermercado Carrefour,rollo-cocina,7791828900025,ROLLO DE COCINA DISNEY FELPITA 3 X 40 PANOS,3265.0,,,,,,,
2026-08-07,sepa,Hipermercado Carrefour,papel-higienico-doble-hoja,7791828900049,PAPEL HIGIENICO INFINITY FELPITA 4X30 MTS,4409.0,,,,,,,
2026-08-07,sepa,Hipermercado Carrefour,rollo-cocina,7791828900056,ROLLO DE COCINA BLANCO INFINITY FELPITA 3X100 MTS,5109.0,,,,,,,
2026-08-07,sepa,Hipermercado Carrefour,papel-higienico-doble-hoja,7791828900186,PAPEL HIGIENICO DH FELPITA PREMIUM 4X20 MTS,2940.0,,,,,,,
2026-08-07,sepa,Hipermercado Carrefour,papel-higienico-doble-hoja,7791828900278,PAPEL HIGIENICO D HOJA SUPER SUAVE FELPITA 6X30MTS,6405.0,,,,,,,
2026-08-07,sepa,Hipermercado Carrefour,papel-higienico-doble-hoja,7791828900285,PAPEL HIGIENICO DH INFINITY FELPITA 4 X 50 M,6860.0,,,,,,,
2026-08-07,sepa,Hipermercado Carrefour,rollo-cocina,7791828900377,ROLLO DE COCINA MAXIROLLO FELPITA X 200 PANOS,3069.0,,,,,,,
2026-08-07,sepa,Hipermercado Carrefour,papel-higienico-doble-hoja,7791828900520,PAPEL HIGIENICO DH FELPITA 12 X 30 MTS,14009.0,,,,,,,
2026-08-07,sepa,Hipermercado Carrefour,rollo-cocina,7791828900537,ROLLO DE COCINA PANO BLANCO FELPITA 3 X 60 UNI,2649.0,,,,,,,
2026-08-07,sepa,Hipermercado Carrefour,rollo-cocina,7791828900599,ROLLO DE COCINA MAXIROLLO FELPITA X 150 PANOS,3069.0,,,,,,,
2026-08-07,sepa,Hipermercado Carrefour,rollo-cocina,7791828900605,ROLLO DE COCINA FAMILIAR MAXIROLLO FELPITA 4 X 200,11039.0,,,,,,,
2026-08-07,sepa,Hipermercado Carrefour,lavandina,7791905000020,LAVANDINA CONCENTRADA QUERUBIN X 1 LT,1206.75,1609.0,,,,,Promo A valida desde el 06/08/2026 hasta 12/08/2026,
2026-08-07,sepa,Hipermercado Carrefour,lavandina,7791905003663,LAVANDINA ROPA BLANCA ADITIVADA QUERUBIN BOT X 1 L,2020.0,,,,,,,
2026-08-07,sepa,Hipermercado Carrefour,lavandina,7791905023203,LAVANDINA ORIGINAL ODEX X 1 LT,1295.0,,,,,,,
2026-08-07,sepa,Hipermercado Carrefour,lavandina,7791905023210,LAVANDINA ORIGINAL ODEX X 2 LT,2460.0,,,,,,,
2026-08-07,sepa,Hipermercado Carrefour,lavandina,7791905023227,LAVANDINA ORIGINAL ODEX X 4 LT,4809.0,,,,,,,
2026-08-07,sepa,Hipermercado Carrefour,lavandina,7791905024057,LAVANDINA ADITIVADA LAVANDA ODEX X 1 LT,1520.0,,,,,,,
2026-08-07,sepa,Hipermercado Carrefour,lavandina,7791905024064,LAVANDINA ADITIVADA LAVANDA ODEX X 2 LT,2810.0,,,,,,,
2026-08-07,sepa,Hipermercado Carrefour,lavandina,7791905024071,LAVANDINA ADITIVADA LAVANDA ODEX X 4 LT,4990.0,,,,,,,
2026-08-07,sepa,Hipermercado Carrefour,lavandina,7791905024095,LAVANDINA ADITIVADA BOSQUE ODEX X 2 LT,2810.0,,,,,,,
2026-08-07,sepa,Hipermercado Carrefour,lavandina,7791905024101,LAVANDINA ADITIVADA BOSQUE ODEX X 4 LT,4990.0,,,,,,,
2026-08-07,sepa,Hipermercado Carrefour,lavandina,7791905024248,LAVANDINA ADITIVADA EN GEL ORIGINAL ODEX X 700 CC,3000.0,,,,,,,
2026-08-07,sepa,Hipermercado Carrefour,lavandina,7793253003715,LAVANDINA MULTISUP LAVANDA TRIPLE PODER AYUDIN X1L,1909.0,,,,,,,
2026-08-07,sepa,Hipermercado Carrefour,lavandina,7793253003722,LAVANDINA MULTISUP LAVANDA TRIPLE PODER AYUDIN X2L,3465.0,,,,,,,
2026-08-07,sepa,Hipermercado Carrefour,lavandina,7793253003739,LAVANDINA MULTISUP LAVANDA TRIPLE PODER AYUDIN X4L,7179.0,,,,,,,
2026-08-07,sepa,Hipermercado Carrefour,lavandina,7793253003746,LAVANDINA MULTI PU GLACIAR TRIPLE PODER AYUDIN X1L,1909.0,,,,,,,
2026-08-07,sepa,Hipermercado Carrefour,lavandina,7793253003753,LAVANDINA MULTI PU GLACIAR TRIPLE PODER AYUDIN X2L,3465.0,,,,,,,
2026-08-07,sepa,Hipermercado Carrefour,lavandina,7793253003760,LAVANDINA MULTI PU GLACIAR TRIPLE PODER AYUDIN X4L,7179.0,,,,,,,
2026-08-07,sepa,Hipermercado Carrefour,lavandina,7793253003777,LAVANDINA ANTISPLASH TRADICIONAL AYUDIN X 1 LT,2225.0,,,,,,,
2026-08-07,sepa,Hipermercado Carrefour,lavandina,7793253003784,LAVANDINA ANTISPLASH TRADICIONAL AYUDIN X 2 LT,4185.0,,,,,,,
2026-08-07,sepa,Hipermercado Carrefour,lavandina,7793253003791,LAVANDINA EN GEL ORIGINAL AYUDIN BOTELLA X 700 CC,3519.0,,,,,,,
2026-08-07,sepa,Hipermercado Carrefour,lavandina,7793253003807,LAVANDINA EN GEL CITRUS AYUDIN BOTELLA X 700 CC,3519.0,,,,,,,
2026-08-07,sepa,Hipermercado Carrefour,lavandina,7793253003814,LAVANDINA EN GEL FLORAL AYUDIN BOTELLA X 700 CC,3519.0,,,,,,,
2026-08-07,sepa,Hipermercado Carrefour,lavandina,7793253003821,LAVANDINA EN GEL MENTA AYUDIN BOTELLA X 700 CC,3519.0,,,,,,,
2026-08-07,sepa,Hipermercado Carrefour,lavandina,7793253003838,LAVANDINA EN GEL LAVANDA AYUDIN X 700 CC,3519.0,,,,,,,
2026-08-07,sepa,Hipermercado Carrefour,lavandina,7793253003869,LAVANDINA EN GEL ORIGINAL AYUDIN BOTELLA X 1.5 LT,8300.0,,,,,,,
2026-08-07,sepa,Hipermercado Carrefour,lavandina,7793253003876,LAVANDINA EN GEL PUREZA CITRICA AYUDIN X 1.5 LT,8300.0,,,,,,,
2026-08-07,sepa,Hipermercado Carrefour,lavandina,7793253005856,LAVANDINA EN GEL ORIGINAL AYUDIN BOTELLA X 500 CC,2989.0,,,,,,,
2026-08-07,sepa,Hipermercado Carrefour,lavandina,7793253005863,LAVANDINA EN GEL CITRICA AYUDIN X 500 CC,2985.0,,,,,,,
2026-08-07,sepa,Hipermercado Carrefour,lavandina,7793253006709,LAVANDINA ORIGINAL DESINFECTANTE AYUDIN X 2 LT,2609.0,,,,,,,
2026-08-07,sepa,Hipermercado Carrefour,lavandina,7793253006716,LAVANDINA ORIGINAL DESINFECTANTE AYUDIN X 4 LT,5789.0,,,,,,,
2026-08-07,sepa,Hipermercado Carrefour,lavandina,7793253007263,LAVANDINA ANTISPLASH AYUDIN X 4 L,8280.0,,,,,,,
2026-08-07,sepa,Hipermercado Carrefour,papel-higienico-doble-hoja,7793344000517,PAPEL HIGIENICO D HOJA ELEGANTE 4 X 30 MT,3110.0,,,,,,,
2026-08-07,sepa,Hipermercado Carrefour,rollo-cocina,7793344009206,ROLLO DE COCINA GIGANTE ELEGANTE X 200 PANOS,2839.0,,,,,,,
2026-08-07,sepa,Hipermercado Carrefour,rollo-cocina,7793344009305,ROLLOS DE COCINA ELEGANTE GIRAMAS 3 X 100 PAN,5319.0,,,,,,,
2026-08-07,sepa,Hipermercado Carrefour,rollo-cocina,7793344904013,ROLLO DE COCINA ELEGANTE 3 X 50 PANOS,2839.0,,,,,,,
2026-08-07,sepa,Hipermercado Carrefour,rollo-cocina,7793344904853,ROLLO DE COCINA PREMIUM ELEGANTE 3 X 60 PAN,1899.0,3429.0,,,,,Promo A valida desde el 07/08/2026 hasta 09/08/2026,
2026-08-07,sepa,Hipermercado Carrefour,yogur-natural-sin-azucar,7793913002423,YOGUR ENTERO NATURAL TREGAR POTE X 140 GRS.,2029.0,,,,,,,
2026-08-07,sepa,Hipermercado Carrefour,queso-crema-light,7793913013214,QUESO CREMA LIGHT TREGAR X 190 GRS,3190.0,,,,,,,
2026-08-07,sepa,Hipermercado Carrefour,ricotta,7793913013665,RICOTTA ENTERA BAJO SODIO TREGAR POTE X 290 GRS,3790.0,,,,,,,
2026-08-07,sepa,Hipermercado Carrefour,ricotta,7793913013672,RICOTTA MAGRA BAJO SODIO TREGAR POTE X 290 GRS,3769.0,,,,,,,
2026-08-07,sepa,Hipermercado Carrefour,queso-crema-light,7794820015018,QUESO FUNDIDO LIGHT TRAD MILKAUT POTE X 190 GRS,3379.0,,,,,,,
2026-08-07,sepa,Hipermercado Carrefour,queso-crema-light,7794820903094,QUESO UNTABLE LIGHT CREMATTO POTE MILKAUT X 285GRS,5069.0,,,,,,,
2026-08-07,sepa,Hipermercado Carrefour,yogur-natural-sin-azucar,7794820903612,YOGUR ENT NATURAL CREMOSO MILKAUT POTE X 300 G,3879.0,,,,,,,
2026-08-07,sepa,Hipermercado Carrefour,yogur-natural-sin-azucar,7794820903711,YOGUR DESC NATURAL CREMOSO MILKAUT POTE X 300G,3879.0,,,,,,,
2026-08-07,sepa,Hipermercado Carrefour,queso-crema-light,7794990879663,QUESO CREMA LIGHT LA PAULINA POTE X 290 GRS,3245.0,,,,,,,
2026-08-07,sepa,Hipermercado Carrefour,vinagre-alcohol,7798033332610,VINAGRE DE ALCOHOL CARREFOUR PET X 500 CC,1190.0,,,,,,,
2026-08-07,sepa,Hipermercado Carrefour,vinagre-alcohol,7798033332641,VINAGRE DE ALCOHOL CARREFOUR PET X 1 LT,1550.0,,,,,,,
2026-08-07,sepa,Hipermercado Carrefour,atun-lomitos-natural,7798033333907,ATUN AL NATURAL LOMITOS CARREFOUR LATA X 170 GRS.,3490.0,,,,,,,
2026-08-07,sepa,Hipermercado Carrefour,atun-lomitos-natural,7798108349161,ATUN AL NATURAL LOMITOS CARREFOUR LATA X 354 GRS,6450.0,,,,,,,
2026-08-07,sepa,Hipermercado Carrefour,yogur-natural-sin-azucar,7798136870545,YOGUR FIRME NATURAL DAHI FRASCO X 190 GRS,544.0,2720.0,,,,,Promo A valida desde el 07/08/2026 hasta 08/08/2026,
2026-08-07,sepa,Hipermercado Carrefour,yogur-natural-sin-azucar,7798136870859,YOGUR NATURAL ESTILO GRIEGO DAHI FRASCO X 190 GRM,3289.0,,,,,,,
2026-08-07,sepa,Hipermercado Carrefour,rollo-cocina,7798141718221,ROLLO DE COCINA CARREFOUR 3 X 50 PANOS,2390.0,,,,,,,
2026-08-07,sepa,Hipermercado Carrefour,atun-lomitos-natural,7798152222151,ATUN AL NATURAL LOMITOS CARREFOUR 3 X 80 GRS,6150.0,,,,,,,
2026-08-07,sepa,Hipermercado Carrefour,papel-higienico-doble-hoja,7798159717520,PAPEL HIGIENICO D HOJA DECO CARREFOUR 4 X 50 MTS,6090.0,,,,,,,
2026-08-07,sepa,Hipermercado Carrefour,rollo-cocina,7798159717537,ROLLO DE COCINA DECORADO CARREFOUR 3 X 50 PANOS,2750.0,,,,,,,
2026-08-07,sepa,Hipermercado Carrefour,papel-higienico-doble-hoja,7798159718961,PAPEL HIGIENICO D HOJA CARREFOUR 4 X 30 MTS,2990.0,3450.0,,,,,Promo A valida desde el 04/08/2026 hasta 10/08/2026,
2026-08-07,sepa,Hipermercado Carrefour,ricotta,7798179070018,RICOTA G SILVIA X 500 GRS,3285.0,,,,,,,
2026-08-07,sepa,Hipermercado Carrefour,cafe-instantaneo,7798196990016,CAFE SOLUBLE SEGAFREDO FRASCO X 100 GRS,19500.0,,,,,,,
2026-08-07,sepa,Hipermercado Carrefour,cafe-instantaneo,7798196990047,CAFE INSTANTANEO LIOFILIZADO SEGAFREDO X 100 GRS,22100.0,,,,,,,
2026-08-07,sepa,Hipermercado Carrefour,queso-crema-light,7798312320567,QUESO UNTABLE LIGHT SANTA CLARA POTE X 300 GRS,3099.0,,,,,,,
2026-08-07,sepa,Hipermercado Carrefour,yogur-natural-sin-azucar,7798327950193,YOGUR NATURAL S AZUCAR SIN TACC BEAUDROIT 400 GR,4855.0,,,,,,,
2026-08-07,sepa,Hipermercado Carrefour,leche-protein,7798338291803,LECHE C PROTEINA VIDA ACTIVA LAS TRES NINAS X 1LT,2865.0,,,,,,,
2026-08-07,sepa,Hipermercado Carrefour,cafe-instantaneo,7891000426937,CAFE INSTANTANEO ICED COFFEE NESCAFE X 100 GRS,10210.0,,,,,,,
2026-08-07,sepa,Hipermercado Carrefour,capsulas-nespresso-starbucks,8445290154125,CAPSULA CAFE NESPRESSO STARBUCKS CARAMEL X 51 GRS,16599.0,,,,,,,
2026-08-07,sepa,Hipermercado Carrefour,capsulas-nespresso-starbucks,8445290814425,CAPSULA CAFE NESPRESSO STARBUCKS DECAF X 55 GRS,16599.0,,,,,,,
2026-08-07,sepa,Hipermercado Carrefour,cafe-instantaneo,8445291311510,CAFE INSTANTANEO TRADICION NESCAFE X 100 GRS,8750.0,,,,,,,
2026-08-07,sepa,Hipermercado Carrefour,cafe-instantaneo,8445291311558,CAFE INSTANTANEO SUAVE DOLCA DP X 100 GRS,6149.0,,,,,,,
2026-08-07,sepa,Hipermercado Carrefour,capsulas-nespresso-starbucks,8445291363656,CAPSULAS CAFE HOUSE BLEND STARBUCKS X 10 UNI,15995.0,,,,,,,
2026-08-07,sepa,Hipermercado Carrefour,capsulas-nespresso-starbucks,8445291367272,CAPSULAS CAFE ESPRESSO ROAST STARBUCKS X 10 UNI,16599.0,,,,,,,
2026-08-07,sepa,Hipermercado Carrefour,cafe-instantaneo,8445291738775,CAFE INSTANTANEO GOLD NESCAFE FRASCO X 95 GRS,21969.0,,,,,,,
2026-08-07,sepa,Hipermercado Carrefour,capsulas-nespresso-starbucks,8445291786721,CAPSULAS CAFE CHOCO HAZELNUT STARBUCKS X 10 UNI,15809.0,,,,,,,
2026-08-07,sepa,Market,desodorante-barra-hombre,7501001163983,ANTITRANSPIRANTE BARRA FRESH OLD SPICE X 50 GRS,9949.0,,,,,,,
2026-08-07,sepa,Market,desodorante-barra-hombre,75083694,DESODORANTE STICK BLUE LAVENDER AXE X 58 GRM,8709.0,,,,,,,
2026-08-07,sepa,Market,desodorante-barra-hombre,75083700,DESODORANTE STICK AQUA CITRUS AXE X 58 GRM,8709.0,,,,,,,
2026-08-07,sepa,Market,cafe-instantaneo,7613035379213,CAFE DESCAFEINADO INSTANTANEO NESCAFE X 100 GRS,16535.0,,,,,,,
2026-08-07,sepa,Market,cafe-instantaneo,7613036312752,CAFE INSTANTANEO EXPRESSO GOLD NESCAFE X 100 GRS,24475.0,,,,,,,
2026-08-07,sepa,Market,capsulas-nespresso-starbucks,7613036961004,CAPSULAS CAFE BLOND ESPRESSO STARBUCKS X 10 UNI,17765.0,,,,,,,
2026-08-07,sepa,Market,suprema-pollo,7790070036063,SUPREMAS DE POLLO GRANJA DEL SOL BOLSA X 360 GRS,10665.0,,,,,,,
2026-08-07,sepa,Market,vinagre-alcohol,7790130000034,VINAGRE DE ALCOHOL MENOYO PET X 500 CC,1379.0,,,,,,,
2026-08-07,sepa,Market,vinagre-alcohol,7790130000058,VINAGRE DE ALCOHOL MENOYO PET X 1 LT,1750.0,,,,,,,
2026-08-07,sepa,Market,vinagre-alcohol,7790130000263,VINAGRE DE ALCOHOL ALCAZAR PET 500 CC,1119.0,,,,,,,
2026-08-07,sepa,Market,vinagre-alcohol,7790130000294,VINAGRE DE ALCOHOL ALCAZAR PET X 1 LT,1319.0,,,,,,,
2026-08-07,sepa,Market,vinagre-alcohol,7790130000645,VINAGRE DE ALCOHOL MENOYO PET X 250 CC,1090.0,,,,,,,
2026-08-07,sepa,Market,lavandina,7790132098459,LAVANDINA ORIGINAL AYUDIN X 1 LT,1279.0,,,,,,,
2026-08-07,sepa,Market,vinagre-alcohol,7790139003166,VINAGRE DE ALCOHOL CLASICO CASALTA PET X500 CC,1205.0,,,,,,,
2026-08-07,sepa,Market,vinagre-alcohol,7790139101138,VINAGRE DE ALCOHOL FAVINCO PET X 1 LT,1589.0,,,,,,,
2026-08-07,sepa,Market,cafe-instantaneo,7790150100486,CAFE INSTANTANEO ESP INST CLAS LA VIRGINIA X 170GR,9209.0,,,,,,,
2026-08-07,sepa,Market,cafe-instantaneo,7790150100806,CAFE INSTANTANEO CLASICO LA VIRGINA DP X 100 GRS,5150.0,,,,,,,
2026-08-07,sepa,Market,cafe-instantaneo,7790150101780,CAFE INSTANTANEO SUAVE LA VIRGINA DP X 100 GRS,5139.0,,,,,,,
2026-08-07,sepa,Market,cafe-instantaneo,7790170904798,CAFE INSTANTANEO LA MORENITA FRASCO X 100 GRS,6350.0,,,,,,,
2026-08-07,sepa,Market,queso-crema-light,7790244941605,QUESO CREMA LIGTH SAN IGNACIO POTE X 290 GR,3769.0,,,,,,,
2026-08-07,sepa,Market,queso-crema-light,7790244941612,QUESO CREMA LIGHT SAN IGNACIO POTE X480 GRS,5669.0,,,,,,,
2026-08-07,sepa,Market,papel-higienico-doble-hoja,7790250015536,PAPEL HIGIENICO D HOJA PLUS HIGIENOL 4 X 30 MTS,3619.0,,,,,,,
2026-08-07,sepa,Market,papel-higienico-doble-hoja,7790250015567,PAPEL HIGIENICO DOBLE HOJA PLUS HIGIENOL 4 X 20 MT,3545.0,,,,,,,
2026-08-07,sepa,Market,papel-higienico-doble-hoja,7790250019411,PAPEL HIGIENICO DH PLUS HIGIENOL 30M X 18,20900.0,,,,,,,
2026-08-07,sepa,Market,papel-higienico-doble-hoja,7790250026075,PAPEL HIGIENICO D H ULTRA SUAVE ELITE 4 X 30 MTS,5599.0,,,,,,,
2026-08-07,sepa,Market,papel-higienico-doble-hoja,7790250026082,PAPEL HIGIENICO ULTRA SOFT D HOJA ELITE 4 X 50 MTS,10349.0,,,,,,,
2026-08-07,sepa,Market,rollo-cocina,7790250056881,ROLLO DE COCINA CLASICO SUSSEX 3 X 50 PAN,2546.67,2929.0,,,,,Promo A valida desde el 04/08/2026 hasta 10/08/2026,
2026-08-07,sepa,Market,rollo-cocina,7790250056898,ROLLO DE COCINA ULTRA SUSSEX 60P X 3 UNI,4980.0,,,,,,,
2026-08-07,sepa,Market,rollo-cocina,7790250056980,ROLLO DE COCINA MAXI SUSSEX 3 X 100 PAN,7489.0,,,,,,,
2026-08-07,sepa,Market,rollo-cocina,7790250057086,ROLLO COCINA CLASICO MEGA SUSSEX X 200 PANOS,3099.0,,,,,,,
2026-08-07,sepa,Market,papel-higienico-doble-hoja,7790250092452,PAPEL HIGIENICO DOBLE HOJA NOBLE 4 X 30 M,3669.0,,,,,,,
2026-08-07,sepa,Market,papel-higienico-doble-hoja,7790250913368,PAPEL HIGIENICO DH CON YAPA HIGIENOL 50M X 4 UNI,9529.0,,,,,,,
2026-08-07,sepa,Market,yerba-mananita,7790387015317,YERBA MATE BAJO POLVO MANANITA 4FLEX X 1 KG,4789.0,,,,,,,
2026-08-07,sepa,Market,yerba-mananita,7790387015324,YERBA MATE BAJO POLVO MANANITA 4FLEX X 500 GRS,2400.0,2570.0,,,,,Promo A valida desde el 07/08/2026 hasta 10/08/2026,
2026-08-07,sepa,Market,cafe-instantaneo,7790550029431,CAFE INSTANTANEO CLASICO LA PLANTA FRASCO X 170 GR,13709.0,,,,,,,
2026-08-07,sepa,Market,atun-lomitos-natural,7790580131364,ATUN AL NATURAL LOMITOS LA CAMPAGNOLA X 170 GRS,5745.0,,,,,,,
2026-08-07,sepa,Market,ricotta,7790742102805,RICOTTA ENTERA B SODIO GARCIA SACHET X 500 GRS,4509.0,,,,,,,
2026-08-07,sepa,Market,ricotta,7790742114204,RICOTTA SEMIGRASA BAJO SODIO GARCIA X 500 GRS,4755.0,,,,,,,
2026-08-07,sepa,Market,leche-protein,7790742358608,LECHE UAT DESC S LACT PROTEIN LA SERENISIMA BOTX1L,2999.0,,,,,,,
2026-08-07,sepa,Market,queso-crema-light,7790742373304,QUESO FUNDIDO FINLANDIA LIGHT POTE 290 GRS,5475.0,,,,,,,
2026-08-07,sepa,Market,yogur-natural-sin-azucar,7790787960934,YOGUR CREMOSO SAB NATURAL ILOLAY POTE X 350 G,3695.0,,,,,,,
2026-08-07,sepa,Market,gaseosa-cola-zero,7790895067532,GASEOSA COLA ZERO COCA COLA PET X 500 CC,1900.0,,,,,,,
2026-08-07,sepa,Market,gaseosa-cola-zero,7790895067556,GASEOSA COLA SIN AZUCAR COCA COLA PET X 1.5LT,3799.0,,,,,,,
2026-08-07,sepa,Market,gaseosa-cola-zero,7790895067570,GASEOSA COLA ZERO COCA COLA PET X 2.25 LT,5300.0,,,,,,,
2026-08-07,sepa,Market,gaseosa-cola-zero,7790895067587,GASEOSA COLA SIN AZUCAR COCA COLA LATA X 354 CC,2359.0,,,,,,,
2026-08-07,sepa,Market,gaseosa-cola-zero,7790895640438,GASEOSA COLA SIN AZUCAR COCA COLA PET X 3 LT,6650.0,,,,,,,
2026-08-07,sepa,Market,detergente,7790990003022,DETERGENTE ULTRA LIMON MAGISTRAL BOT X 300 CC,2595.0,,,,,,,
2026-08-07,sepa,Market,detergente,7790990003039,DETERGENTE ULTRA LIMON MAGISTRAL BOT X 500 CC,4189.0,,,,,,,
2026-08-07,sepa,Market,detergente,7790990003046,DETERGENTE ULTRA LIMON MAGISTRAL BOT X 750 CC,7550.0,,,,,,,
2026-08-07,sepa,Market,detergente,7790990003053,DETERGENTE ULTRA LIMON MAGISTRAL BOT 1400ML,13990.0,,,,,,,
2026-08-07,sepa,Market,detergente,7790990003121,DETERGENTE ULTRA MARINA MAGISTRAL BOT X 300 CC,3129.0,,,,,,,
2026-08-07,sepa,Market,detergente,7790990003138,DETERGENTE ULTRA MARINA MAGISTRAL BOT X 500 CC,4559.0,,,,,,,
2026-08-07,sepa,Market,detergente,7790990003145,DETERGENTE ULTRA MARINA MAGISTRAL BOT X 750 CC,7560.0,,,,,,,
2026-08-07,sepa,Market,detergente,7790990003381,DETERGENTE LIMON MAGISTRAL PLATINUM X 500 CC,6159.0,,,,,,,
2026-08-07,sepa,Market,detergente,7790990003404,DETERGENTE CREMOSO ULTRA LIMON BOT X 300 CC,3450.0,,,,,,,
2026-08-07,sepa,Market,detergente,7790990003411,DETERGENTE CREM ULTRA LIMON MAGISTRAL BOT X 500CC,4559.0,,,,,,,
2026-08-07,sepa,Market,detergente,7790990003787,DETERGENTE ULTRA LIMON MAGISTRAL DP X 450 CC,4315.0,,,,,,,
2026-08-07,sepa,Market,rollo-cocina,7791070005806,ROLLO DE COCINA CELESTIAL 3 X 50 PANOS,3189.0,,,,,,,
2026-08-07,sepa,Market,lavandina,7791290793804,LIMPIADOR EN GEL C LAVANDINA CIF X 513G,3669.0,,,,,,,
2026-08-07,sepa,Market,detergente,7791290794054,DETERGENTE BIOACTIVE LIMON CIF X 300 CC,2710.0,,,,,,,
2026-08-07,sepa,Market,detergente,7791290794061,DETERGENTE BIOACTIVE LIMON CIF X 500 CC,3889.0,,,,,,,
2026-08-07,sepa,Market,detergente,7791290794078,DETERGENTE BIOACTIVE LIMON CIF X 750 CC,6590.0,,,,,,,
2026-08-07,sepa,Market,detergente,7791290794085,DETERGENTE BIOACTIVE LIMON CIF REPUESTO X 450 CC,2855.0,,,,,,,
2026-08-07,sepa,Market,detergente,7791290794092,DETERGENTE BIOACTIVE LIMA CIF RESPUESTO X 450 CC,2855.0,,,,,,,
2026-08-07,sepa,Market,detergente,7791290794108,DETERGENTE BIOACTIVE LIMA CIF X 300 CC,2710.0,,,,,,,
2026-08-07,sepa,Market,detergente,7791290794115,DETERGENTE BIOACTIVE LIMA CIF X 500 CC,3889.0,,,,,,,
2026-08-07,sepa,Market,lavandina,7791290794955,LAVANDINA EN GEL ORIGINAL VIM X 700 CC,3500.0,,,,,,,
2026-08-07,sepa,Market,detergente,7791290796706,DETERGENTE ACTIVE GEL ORIG CIF BOT X 500 CC,5485.0,,,,,,,
2026-08-07,sepa,Market,detergente,7791290796713,DETERGENTE ACTIVE GEL ORIG CIF BOT X 750 CC,8229.0,,,,,,,
2026-08-07,sepa,Market,detergente,7791290796720,DETERGENTE ACTIVE GEL ORIG CIF DP X 400 CC,4289.0,,,,,,,
2026-08-07,sepa,Market,detergente,7791290796737,DETERGENTE ACTIVE GEL LIMON CIF BOT X 500 CC,5485.0,,,,,,,
2026-08-07,sepa,Market,detergente,7791290796751,DETERGENTE ACTIVE GEL LIMON CIF DP X 400 CC,4289.0,,,,,,,
2026-08-07,sepa,Market,yogur-natural-sin-azucar,7791337007208,YOGUR NATURAL S LACTOSA SER POTE X 300 GR,4915.0,,,,,,,
2026-08-07,sepa,Market,queso-crema-light,7791337009851,QUESO CREMA LIGHT LA SERENISIMA POTE X 460 GRS,6045.0,,,,,,,
2026-08-07,sepa,Market,yogur-natural-sin-azucar,7791337010932,YOGUR GRIEGO FIR NATURAL YOGURISIMO POTE X 180 GR,2950.0,,,,,,,
2026-08-07,sepa,Market,rollo-cocina,7791720002605,ROLLO DE COCINA CARREFOUR ESSENTIAL 3 X 40 PANOS,2350.0,,,,,,,
2026-08-07,sepa,Market,rollo-cocina,7791720025543,ROLLO DE COCINA MAXI BLANCO CARREFOUR X 200 PANOS,2490.0,2850.0,,,,,Promo A valida desde el 04/08/2026 hasta 10/08/2026,
2026-08-07,sepa,Market,queso-crema-light,7791720028506,QUESO CREMA LIGHT CARREFOUR CLASSIC X 290 GRS,3190.0,,,,,,,
2026-08-07,sepa,Market,rollo-cocina,7791720045541,ROLLOS DE COCINA CARREFOUR ESSENTIAL 3 X 100 PANOS,4650.0,,,,,,,
2026-08-07,sepa,Market,papel-higienico-doble-hoja,7791720045558,PAPEL HIG DOBLE HOJA CARREFOUR ESSENTIAL 4 X50MTS,5550.0,,,,,,,
2026-08-07,sepa,Market,ricotta,7791720046951,RICOTTA ENTERA BULNEZ X 500 GRM,3490.0,,,,,,,
2026-08-07,sepa,Market,rollo-cocina,7791720047446,ROLLO DE COCINA DOBLE HOJA BULNEZ X 200 PANOS,2350.0,,,,,,,
2026-08-07,sepa,Market,yogur-natural-sin-azucar,7791720048122,YOGUR NATURAL CARREFOUR EXTRA FRASCO X 200 GR,2750.0,,,,,,,
2026-08-07,sepa,Market,yogur-natural-sin-azucar,7791720048139,YOGUR NATURAL CARREFOUR CLASSIC POTE 300 X GR,3090.0,,,,,,,
2026-08-07,sepa,Market,gaseosa-cola-zero,7791813828365,GASEOSA COLA BLACK PEPSI N PET X 500 CC.,2200.0,,,,,,,
2026-08-07,sepa,Market,gaseosa-cola-zero,7791813828419,GASEOSA COLA BLACK PEPSI NF PET X 1.5 LT,3950.0,,,,,,,
2026-08-07,sepa,Market,gaseosa-cola-zero,7791813828464,GASEOSA COLA BLACK PEPSI N PET X 2 LT,4400.0,,,,,,,
2026-08-07,sepa,Market,rollo-cocina,7791828000121,ROLLO COCINA PARA CADA DIA FELPITA 3 X 40 PANOS,2499.0,,,,,,,
2026-08-07,sepa,Market,papel-higienico-doble-hoja,7791828900049,PAPEL HIGIENICO INFINITY FELPITA 4X30 MTS,4449.0,,,,,,,
2026-08-07,sepa,Market,rollo-cocina,7791828900056,ROLLO DE COCINA BLANCO INFINITY FELPITA 3X100 MTS,5109.0,,,,,,,
2026-08-07,sepa,Market,papel-higienico-doble-hoja,7791828900186,PAPEL HIGIENICO DH FELPITA PREMIUM 4X20 MTS,2940.0,,,,,,,
2026-08-07,sepa,Market,papel-higienico-doble-hoja,7791828900278,PAPEL HIGIENICO D HOJA SUPER SUAVE FELPITA 6X30MTS,6405.0,,,,,,,
2026-08-07,sepa,Market,papel-higienico-doble-hoja,7791828900285,PAPEL HIGIENICO DH INFINITY FELPITA 4 X 50 M,6860.0,,,,,,,
2026-08-07,sepa,Market,rollo-cocina,7791828900377,ROLLO DE COCINA MAXIROLLO FELPITA X 200 PANOS,3069.0,,,,,,,
2026-08-07,sepa,Market,rollo-cocina,7791828900537,ROLLO DE COCINA PANO BLANCO FELPITA 3 X 60 UNI,2649.0,,,,,,,
2026-08-07,sepa,Market,lavandina,7791905000020,LAVANDINA CONCENTRADA QUERUBIN X 1 LT,1609.0,,,,,,,
2026-08-07,sepa,Market,lavandina,7791905000037,LAVANDINA CONCENTRADA QUERUBIN X 2 LT,3129.0,,,,,,,
2026-08-07,sepa,Market,lavandina,7791905003663,LAVANDINA ROPA BLANCA ADITIVADA QUERUBIN BOT X 1 L,2020.0,,,,,,,
2026-08-07,sepa,Market,lavandina,7791905023203,LAVANDINA ORIGINAL ODEX X 1 LT,1295.0,,,,,,,
2026-08-07,sepa,Market,lavandina,7791905023210,LAVANDINA ORIGINAL ODEX X 2 LT,2459.0,,,,,,,
2026-08-07,sepa,Market,lavandina,7791905023227,LAVANDINA ORIGINAL ODEX X 4 LT,4809.0,,,,,,,
2026-08-07,sepa,Market,lavandina,7791905024248,LAVANDINA ADITIVADA EN GEL ORIGINAL ODEX X 700 CC,3000.0,,,,,,,
2026-08-07,sepa,Market,lavandina,7793253003715,LAVANDINA MULTISUP LAVANDA TRIPLE PODER AYUDIN X1L,1909.0,,,,,,,
2026-08-07,sepa,Market,lavandina,7793253003722,LAVANDINA MULTISUP LAVANDA TRIPLE PODER AYUDIN X2L,3609.0,,,,,,,
2026-08-07,sepa,Market,lavandina,7793253003739,LAVANDINA MULTISUP LAVANDA TRIPLE PODER AYUDIN X4L,7179.0,,,,,,,
2026-08-07,sepa,Market,lavandina,7793253003746,LAVANDINA MULTI PU GLACIAR TRIPLE PODER AYUDIN X1L,1909.0,,,,,,,
2026-08-07,sepa,Market,lavandina,7793253003753,LAVANDINA MULTI PU GLACIAR TRIPLE PODER AYUDIN X2L,3609.0,,,,,,,
2026-08-07,sepa,Market,lavandina,7793253003760,LAVANDINA MULTI PU GLACIAR TRIPLE PODER AYUDIN X4L,7179.0,,,,,,,
2026-08-07,sepa,Market,lavandina,7793253003777,LAVANDINA ANTISPLASH TRADICIONAL AYUDIN X 1 LT,2225.0,,,,,,,
2026-08-07,sepa,Market,lavandina,7793253003784,LAVANDINA ANTISPLASH TRADICIONAL AYUDIN X 2 LT,4309.0,,,,,,,
2026-08-07,sepa,Market,lavandina,7793253003791,LAVANDINA EN GEL ORIGINAL AYUDIN BOTELLA X 700 CC,3519.0,,,,,,,
2026-08-07,sepa,Market,lavandina,7793253003807,LAVANDINA EN GEL CITRUS AYUDIN BOTELLA X 700 CC,3519.0,,,,,,,
2026-08-07,sepa,Market,lavandina,7793253003821,LAVANDINA EN GEL MENTA AYUDIN BOTELLA X 700 CC,3519.0,,,,,,,
2026-08-07,sepa,Market,lavandina,7793253003838,LAVANDINA EN GEL LAVANDA AYUDIN X 700 CC,3519.0,,,,,,,
2026-08-07,sepa,Market,lavandina,7793253005856,LAVANDINA EN GEL ORIGINAL AYUDIN BOTELLA X 500 CC,2989.0,,,,,,,
2026-08-07,sepa,Market,lavandina,7793253005863,LAVANDINA EN GEL CITRICA AYUDIN X 500 CC,2985.0,,,,,,,
2026-08-07,sepa,Market,lavandina,7793253006709,LAVANDINA ORIGINAL DESINFECTANTE AYUDIN X 2 LT,2486.25,2925.0,,,,,Promo A valida desde el 01/08/2026 hasta 07/08/2026,
2026-08-07,sepa,Market,lavandina,7793253006716,LAVANDINA ORIGINAL DESINFECTANTE AYUDIN X 4 LT,5789.0,,,,,,,
2026-08-07,sepa,Market,papel-higienico-doble-hoja,7793344000517,PAPEL HIGIENICO D HOJA ELEGANTE 4 X 30 MT,3900.0,,,,,,,
2026-08-07,sepa,Market,rollo-cocina,7793344009206,ROLLO DE COCINA GIGANTE ELEGANTE X 200 PANOS,2839.0,,,,,,,
2026-08-07,sepa,Market,rollo-cocina,7793344009305,ROLLOS DE COCINA ELEGANTE GIRAMAS 3 X 100 PAN,5319.0,,,,,,,
2026-08-07,sepa,Market,rollo-cocina,7793344904013,ROLLO DE COCINA ELEGANTE 3 X 50 PANOS,2839.0,,,,,,,
2026-08-07,sepa,Market,rollo-cocina,7793344904853,ROLLO DE COCINA PREMIUM ELEGANTE 3 X 60 PAN,1899.0,3429.0,,,,,Promo A valida desde el 07/08/2026 hasta 09/08/2026,
2026-08-07,sepa,Market,queso-crema-light,7793913013214,QUESO CREMA LIGHT TREGAR X 190 GRS,3190.0,,,,,,,
2026-08-07,sepa,Market,queso-crema-light,7793913013641,QUESO NEUFCHATEL LIGHT TREGAR POTE X 180 GRS,3089.0,,,,,,,
2026-08-07,sepa,Market,ricotta,7793913013665,RICOTTA ENTERA BAJO SODIO TREGAR POTE X 290 GRS,3790.0,,,,,,,
2026-08-07,sepa,Market,ricotta,7793913013672,RICOTTA MAGRA BAJO SODIO TREGAR POTE X 290 GRS,3790.0,,,,,,,
2026-08-07,sepa,Market,queso-crema-light,7794820015018,QUESO FUNDIDO LIGHT TRAD MILKAUT POTE X 190 GRS,3379.0,,,,,,,
2026-08-07,sepa,Market,queso-crema-light,7794820903094,QUESO UNTABLE LIGHT CREMATTO POTE MILKAUT X 285GRS,5069.0,,,,,,,
2026-08-07,sepa,Market,yogur-natural-sin-azucar,7794820903612,YOGUR ENT NATURAL CREMOSO MILKAUT POTE X 300 G,3879.0,,,,,,,
2026-08-07,sepa,Market,yogur-natural-sin-azucar,7794820903711,YOGUR DESC NATURAL CREMOSO MILKAUT POTE X 300G,3879.0,,,,,,,
2026-08-07,sepa,Market,queso-crema-light,7794990879663,QUESO CREMA LIGHT LA PAULINA POTE X 290 GRS,3429.0,,,,,,,
2026-08-07,sepa,Market,vinagre-alcohol,7798033332610,VINAGRE DE ALCOHOL CARREFOUR PET X 500 CC,1190.0,,,,,,,
2026-08-07,sepa,Market,vinagre-alcohol,7798033332641,VINAGRE DE ALCOHOL CARREFOUR PET X 1 LT,1550.0,,,,,,,
2026-08-07,sepa,Market,atun-lomitos-natural,7798033333907,ATUN AL NATURAL LOMITOS CARREFOUR LATA X 170 GRS.,3490.0,,,,,,,
2026-08-07,sepa,Market,atun-lomitos-natural,7798108349161,ATUN AL NATURAL LOMITOS CARREFOUR LATA X 354 GRS,6450.0,,,,,,,
2026-08-07,sepa,Market,rollo-cocina,7798141718221,ROLLO DE COCINA CARREFOUR 3 X 50 PANOS,2390.0,,,,,,,
2026-08-07,sepa,Market,atun-lomitos-natural,7798152222151,ATUN AL NATURAL LOMITOS CARREFOUR 3 X 80 GRS,6150.0,,,,,,,
2026-08-07,sepa,Market,papel-higienico-doble-hoja,7798159717520,PAPEL HIGIENICO D HOJA DECO CARREFOUR 4 X 50 MTS,6090.0,,,,,,,
2026-08-07,sepa,Market,rollo-cocina,7798159717537,ROLLO DE COCINA DECORADO CARREFOUR 3 X 50 PANOS,2750.0,,,,,,,
2026-08-07,sepa,Market,papel-higienico-doble-hoja,7798159718961,PAPEL HIGIENICO D HOJA CARREFOUR 4 X 30 MTS,2990.0,3450.0,,,,,Promo A valida desde el 04/08/2026 hasta 10/08/2026,
2026-08-07,sepa,Market,ricotta,7798179070018,RICOTA G SILVIA X 500 GRS,3285.0,,,,,,,
2026-08-07,sepa,Market,cafe-instantaneo,7798196990016,CAFE SOLUBLE SEGAFREDO FRASCO X 100 GRS,19500.0,,,,,,,
2026-08-07,sepa,Market,leche-protein,7798338291803,LECHE C PROTEINA VIDA ACTIVA LAS TRES NINAS X 1LT,2865.0,,,,,,,
2026-08-07,sepa,Market,capsulas-nespresso-starbucks,8445290154125,CAPSULA CAFE NESPRESSO STARBUCKS CARAMEL X 51 GRS,16599.0,,,,,,,
2026-08-07,sepa,Market,capsulas-nespresso-starbucks,8445290814425,CAPSULA CAFE NESPRESSO STARBUCKS DECAF X 55 GRS,16599.0,,,,,,,
2026-08-07,sepa,Market,cafe-instantaneo,8445291311510,CAFE INSTANTANEO TRADICION NESCAFE X 100 GRS,8949.0,,,,,,,
2026-08-07,sepa,Market,cafe-instantaneo,8445291311558,CAFE INSTANTANEO SUAVE DOLCA DP X 100 GRS,6149.0,,,,,,,
2026-08-07,sepa,Market,capsulas-nespresso-starbucks,8445291363656,CAPSULAS CAFE HOUSE BLEND STARBUCKS X 10 UNI,15995.0,,,,,,,
2026-08-07,sepa,Market,capsulas-nespresso-starbucks,8445291367272,CAPSULAS CAFE ESPRESSO ROAST STARBUCKS X 10 UNI,16599.0,,,,,,,
2026-08-07,sepa,Market,cafe-instantaneo,8445291738775,CAFE INSTANTANEO GOLD NESCAFE FRASCO X 95 GRS,20729.0,,,,,,,
2026-08-07,sepa,Market,capsulas-nespresso-starbucks,8445291786721,CAPSULAS CAFE CHOCO HAZELNUT STARBUCKS X 10 UNI,15809.0,,,,,,,
2026-08-07,sepa,SIMPLICITY,desodorante-barra-hombre,7500435213882,DESODORANTE SECRET ANTITRANSPIRANTE BARRA COCO X 45 GR,12294.3,,,,,,,
2026-08-07,sepa,SIMPLICITY,desodorante-barra-hombre,7501001163983,DESODORANTE OLD SPICE FRESH X 50 GR,10340.3,,,,,,,
2026-08-07,sepa,SIMPLICITY,detergente,7791290794054,LAVAVAJILLA CIF ACTIVE GEL CORE GELIF LIMON X 300 ML,2762.5,,,,,,,
2026-08-07,sepa,SIMPLICITY,detergente,7791290794108,LAVAVAJILLA CIF ACTIVE GEL C G LIMON VERDE X 300 ML,2762.5,,,,,,,
2026-08-07,sepa,SIMPLICITY,detergente,7791290796706,CIF ACTIVE GEL ORIG BOT 12 X 500 ML,5603.0,,,,,,,
2026-08-07,sepa,Supermercados DIA,desodorante-barra-hombre,75083694,DEO BLUE LAVEN BARRA,8699.0,,,,,,,
2026-08-07,sepa,Supermercados DIA,desodorante-barra-hombre,75083700,DEO AQUA CITRUS BARR,8699.0,,,,,,,
2026-08-07,sepa,Supermercados DIA,suprema-pollo,7790070036063,SUPR DE POLL CROCANT,10665.0,,,,,,,
2026-08-07,sepa,Supermercados DIA,vinagre-alcohol,7790130000034,VINAGRE DE ALCOHOL,1400.0,,,,,,,
2026-08-07,sepa,Supermercados DIA,vinagre-alcohol,7790130000058,VINAGRE DE ALCOHOL,1965.0,,,,,,,
2026-08-07,sepa,Supermercados DIA,lavandina,7790132098459,LAVANDINA ORIG MULTI,1279.0,,,,,,,
2026-08-07,sepa,Supermercados DIA,cafe-instantaneo,7790150100462,CAFE INSTANT CLASICO,8050.0,,,,,,,
2026-08-07,sepa,Supermercados DIA,cafe-instantaneo,7790150100806,CAFE INST CLAS DOYPA,5145.0,,,,,,,
2026-08-07,sepa,Supermercados DIA,cafe-instantaneo,7790150101476,CAFE INSTANTA SUAVE,8050.0,,,,,,,
2026-08-07,sepa,Supermercados DIA,cafe-instantaneo,7790150101780,CAFE INSTANT SUAV DP,5145.0,,,,,,,
2026-08-07,sepa,Supermercados DIA,papel-higienico-doble-hoja,7790250015536,P HIG DOBLE FUSION,3619.0,,,,,,,
2026-08-07,sepa,Supermercados DIA,papel-higienico-doble-hoja,7790250026075,P HIG DOBL HOJA 30MT,5615.0,,,,,,,
2026-08-07,sepa,Supermercados DIA,rollo-cocina,7790250056881,ROLLO COCINA CLASICO,2840.0,,,,,,,
2026-08-07,sepa,Supermercados DIA,rollo-cocina,7790250057086,RC CLASICO MEGARROLL,3249.0,,,,,,,
2026-08-07,sepa,Supermercados DIA,yerba-mananita,7790387015317,YERBA MATE 4FLEX,3790.0,,,,,,,
2026-08-07,sepa,Supermercados DIA,yerba-mananita,7790387015324,YERBA MATE 4 FLEX,2505.0,,,,,,,
2026-08-07,sepa,Supermercados DIA,atun-lomitos-natural,7790580131364,ATUN LOMITO NATURAL,5745.0,,,,,,,
2026-08-07,sepa,Supermercados DIA,ricotta,7790742102805,RICOTTA ENTERA,4699.0,,,,,,,
2026-08-07,sepa,Supermercados DIA,leche-protein,7790742358608,LECHE PROTEIN DES 0%,2999.0,,,,,,,
2026-08-07,sepa,Supermercados DIA,queso-crema-light,7790742373304,QUESO UNT LIGHT,5475.0,,,,,,,
2026-08-07,sepa,Supermercados DIA,gaseosa-cola-zero,7790895067532,GASEO COLA ZERO,2450.0,,,,,,,
2026-08-07,sepa,Supermercados DIA,gaseosa-cola-zero,7790895067556,GASEO COLA S/AZUCAR,4150.0,,,,,,,
2026-08-07,sepa,Supermercados DIA,gaseosa-cola-zero,7790895067570,GASEO COLA ZERO,5500.0,,,,,,,
2026-08-07,sepa,Supermercados DIA,detergente,7790990003022,DETERGEN ULTRA LIMON,2595.0,,,,,,,
2026-08-07,sepa,Supermercados DIA,detergente,7790990003039,DETER ULTRA LIMON,4189.0,,,,,,,
2026-08-07,sepa,Supermercados DIA,detergente,7790990003046,LAVAVAJ ULTRA LIMON,7550.0,,,,,,,
2026-08-07,sepa,Supermercados DIA,detergente,7790990003138,DETERG ULTRA MARINA,5040.0,,,,,,,
2026-08-07,sepa,Supermercados DIA,detergente,7790990003787,LAVAVAJI ULTRA LIMON,3200.0,,,,,,,
2026-08-07,sepa,Supermercados DIA,lavandina,7791290793781,LIMPIADOR CREMOSO,3400.0,4650.0,,,,,27% de descuento. Precio Promocional Exclusivo DIA en Sucursales Indicadas Hasta Agotar Stock o Finalice Vigencia.,
2026-08-07,sepa,Supermercados DIA,lavandina,7791290793804,LIMPIADOR GEL LAV/CL,3650.0,,,,,,,
2026-08-07,sepa,Supermercados DIA,detergente,7791290794054,LAVAVAJILL BIOACT LI,2700.0,,,,,,,
2026-08-07,sepa,Supermercados DIA,detergente,7791290794061,LAVAVAJ BIOACT LIMON,3772.0,,,,,,,
2026-08-07,sepa,Supermercados DIA,detergente,7791290794078,LAVAVAJ BIOACT LIMON,6550.0,,,,,,,
2026-08-07,sepa,Supermercados DIA,detergente,7791290794085,LAVAVAJ BIO LIMON DP,3850.0,,,,,,,
2026-08-07,sepa,Supermercados DIA,detergente,7791290794092,LAVAVAJ BIOAC LIMA D,3850.0,,,,,,,
2026-08-07,sepa,Supermercados DIA,detergente,7791290794108,LAVAVAJI BIOACT LIMA,2700.0,,,,,,,
2026-08-07,sepa,Supermercados DIA,detergente,7791290794115,LAVAVAJI BIOACT LIMA,3889.0,,,,,,,
2026-08-07,sepa,Supermercados DIA,lavandina,7791290794955,LAVANDINA GEL ORIGIN,3500.0,,,,,,,
2026-08-07,sepa,Supermercados DIA,detergente,7791290796706,LAVAVAJ ACT GEL ORIG,5450.0,,,,,,,
2026-08-07,sepa,Supermercados DIA,detergente,7791290796720,DET ACTIVEGEL ORIGIN,4280.0,,,,,,,
2026-08-07,sepa,Supermercados DIA,detergente,7791290796737,DET ACTIVEGEL LIMON,5450.0,,,,,,,
2026-08-07,sepa,Supermercados DIA,detergente,7791290796751,LAVAVAJ ACTIV LIM DP,4280.0,,,,,,,
2026-08-07,sepa,Supermercados DIA,yogur-natural-sin-azucar,7791337007208,YOGUR NATURAL BIGPOT,4915.0,,,,,,,
2026-08-07,sepa,Supermercados DIA,queso-crema-light,7791337009851,QUESO BLANCO LIGHT,6045.0,,,,,,,
2026-08-07,sepa,Supermercados DIA,gaseosa-cola-zero,7791813828365,GASEO PEPSI BLACK,2200.0,,,,,,,
2026-08-07,sepa,Supermercados DIA,gaseosa-cola-zero,7791813828419,GASEO COLA BLACK,3900.0,,,,,,,
2026-08-07,sepa,Supermercados DIA,gaseosa-cola-zero,7791813828464,GASEO COLA BLACK,4300.0,,,,,,,
2026-08-07,sepa,Supermercados DIA,lavandina,7793253003715,LAVAN LAV TRI PODER,1890.0,,,,,,,
2026-08-07,sepa,Supermercados DIA,lavandina,7793253003722,LAVANDINA LAVA TR PO,3640.0,,,,,,,
2026-08-07,sepa,Supermercados DIA,lavandina,7793253003753,LAVA PUR GLA TRI POD,3640.0,,,,,,,
2026-08-07,sepa,Supermercados DIA,lavandina,7793253003777,LAVANDINA ANTISPLASH,2240.0,,,,,,,
2026-08-07,sepa,Supermercados DIA,lavandina,7793253003791,LAVANDINA EN GEL,3590.0,,,,,,,
2026-08-07,sepa,Supermercados DIA,lavandina,7793253003807,LAVANDINA EN GEL CIT,3590.0,,,,,,,
2026-08-07,sepa,Supermercados DIA,lavandina,7793253003838,LAVANDINA EN GEL LAV,3590.0,,,,,,,
2026-08-07,sepa,Supermercados DIA,lavandina,7793253006709,LAVANDINA ORIGINAL,2950.0,,,,,,,
2026-08-07,sepa,Supermercados DIA,lavandina,7793253006716,LAVANDINA ORIGINAL,5890.0,,,,,,,
2026-08-07,sepa,Supermercados DIA,queso-crema-light,7794820903094,QUESO CREMATTO LIGHT,5069.0,,,,,,,
2026-08-07,sepa,Supermercados DIA,yogur-natural-sin-azucar,7794820903612,YOG NATURAL CREMOSO,3879.0,,,,,,,
2026-08-07,sepa,Supermercados DIA,queso-crema-light,7794990879663,QUESO CREMA LIGHT,3420.0,,,,,,,
2026-08-07,sepa,Supermercados DIA,lavandina,7798131250380,LAVANDINA CLÁSICA,1100.0,,,,,,,
2026-08-07,sepa,Supermercados DIA,lavandina,7798131250397,LAVANDINA CLÁSICA,2170.0,,,,,,,
2026-08-07,sepa,Supermercados DIA,yogur-natural-sin-azucar,7798136870545,YOG FIRME NAT S/AZUC,2720.0,,,,,,,
2026-08-07,sepa,Supermercados DIA,yogur-natural-sin-azucar,7798136870743,YOG NAT DESLAC C/PRO,3290.0,,,,,,,
2026-08-07,sepa,Supermercados DIA,yogur-natural-sin-azucar,7798136870859,YOG EST GRIEGO NATUR,3290.0,,,,,,,
2026-08-07,sepa,Supermercados DIA,leche-protein,7798338291803,LECH PROTEIN,2100.0,2865.0,,,,,27% de descuento. Precio Promocional Exclusivo DIA en Sucursales Indicadas Hasta Agotar Stock o Finalice Vigencia.,
2026-08-07,sepa,Supermercados DIA,capsulas-nespresso-starbucks,8445291363656,LUNGO CAPS COFFEE,16605.0,,,,,,,
2026-08-07,sepa,Supermercados DIA,cafe-instantaneo,8445291738775,CAFE GOLD,15545.0,20729.0,,,,,25% de descuento. Precio Promocional Exclusivo DIA en Sucursales Indicadas Hasta Agotar Stock o Finalice Vigencia.,
2026-08-07,sepa,Vea,cafe-instantaneo,7613035379213,Cafe Descafeinado NESCAFE MasAroma 100g FCO-100-gr.,15499.0,,,,,,,
2026-08-07,sepa,Vea,cafe-instantaneo,7613036312752,Nescafe GOLD espresso 100g FCO-100-gr.,21299.0,,,,,,,
2026-08-07,sepa,Vea,capsulas-nespresso-starbucks,7613036961004,Capsulas STARBUCKS Blonde Espresso Roast CJA-53-gr.,15699.0,,,,,,,
2026-08-07,sepa,Vea,capsulas-nespresso-starbucks,7613036961448,Capsulas Café STARBUCKS Colombia x57g CJA-57-gr.,15699.0,,,,,,,
2026-08-07,sepa,Vea,suprema-pollo,7790070036063,Suprema de pollo GRANJA DEL SOL 360g PAQ-360-gr.,10990.0,,,,,,,
2026-08-07,sepa,Vea,vinagre-alcohol,7790130000034,Vinagre MENOYO de alcohol PVC-500-cc.,1350.0,,,,,,,
2026-08-07,sepa,Vea,vinagre-alcohol,7790130000058,Vinagre MENOYO de alcohol PVC-1-lt.,1850.0,,,,,,,
2026-08-07,sepa,Vea,vinagre-alcohol,7790130000263,Vinagre alcazar de alcohol PVC-500-cc.,1150.0,,,,,,,
2026-08-07,sepa,Vea,lavandina,7790132098459,lavandina AYUDIN original 1L       PVC-1000-ml.,1290.0,,,,,,,
2026-08-07,sepa,Vea,vinagre-alcohol,7790139101138,Vinagre de Alcohol Favinco S/T x 1lt BOT-1000-ml.,1290.0,,,,,,,
2026-08-07,sepa,Vea,cafe-instantaneo,7790150100462,café LA VIRGINIA Clásico Espuma DPx170g DOY-170-gr.,7590.0,,,,,,,
2026-08-07,sepa,Vea,cafe-instantaneo,7790150100486,café LA VIRGINIA Clasico Espuma x170G FCO-170-gr.,6799.0,,,,,,,
2026-08-07,sepa,Vea,cafe-instantaneo,7790150100783,café LA VIRGINIA Clasico Espuma x100G FCO-100-gr.,5399.0,,,,,,,
2026-08-07,sepa,Vea,cafe-instantaneo,7790150101476,café LA VIRGINIA Suave Espuma DP x170g DOY-170-gr.,7590.0,,,,,,,
2026-08-07,sepa,Vea,cafe-instantaneo,7790150101780,Café LA VIRGINIA Suave Espuma DPx100g DOY-100-gr.,5199.0,,,,,,,
2026-08-07,sepa,Vea,cafe-instantaneo,7790170904798,café LA MORENITA Intenso x100g FCO-100-gr.,5899.0,,,,,,,
2026-08-07,sepa,Vea,queso-crema-light,7790244941605,Q.Blancrem Light S.Ignacio 290g POT-290-gr.,3599.0,,,,,,,
2026-08-07,sepa,Vea,queso-crema-light,7790244941612,Q.Blancrem Light S.Ignacio 480g POT-480-gr.,5199.0,,,,,,,
2026-08-07,sepa,Vea,papel-higienico-doble-hoja,7790250015536,papel higieni HIGIENOL dob h fus 4x30m BSA-4-m2,3290.0,,,,,,,
2026-08-07,sepa,Vea,rollo-cocina,7790250056881,rollo cocina SUSSEX clasic 3x50paños PAQ-15-m2,2890.0,,,,,,,
2026-08-07,sepa,Vea,rollo-cocina,7790250056980,rollo cocina SUSSEX ultra 3x100p PAQ-300-un.,6790.0,,,,,,,
2026-08-07,sepa,Vea,yerba-mananita,7790387015317,Yerba Mate MAÑANITA 4FLEX 1kg PAQ-1000-gr.,4990.0,,,,,,,
2026-08-07,sepa,Vea,yerba-mananita,7790387015324,Yerba Mate MAÑANITA 4FLEX 1/2kg PAQ-500-gr.,2690.0,,,,,,,
2026-08-07,sepa,Vea,atun-lomitos-natural,7790580131364,Atun LA CAMPAGNOLA al natural x170g LAT-170-gr.,4990.0,,,,,,,
2026-08-07,sepa,Vea,ricotta,7790742102805,ricota entera GARCIA baja en sodio SCH-500-gr.,5050.0,,,,,,,
2026-08-07,sepa,Vea,ricotta,7790742114204,Ricotta Garcia Semigrasa Sachet 500GR SCH-500-gr.,4950.0,,,,,,,
2026-08-07,sepa,Vea,leche-protein,7790742358608,Leche Uat Proteina La serenisima 1l BOT-1000-ml.,2890.0,,,,,,,
2026-08-07,sepa,Vea,queso-crema-light,7790742373304,Q.Procesado Finlandia Light 290g POT-290-gr.,5199.0,,,,,,,
2026-08-07,sepa,Vea,gaseosa-cola-zero,7790895067532,gaseosa COCA COLA Zero 500cc PET-500-ml.,2199.0,,,,,,,
2026-08-07,sepa,Vea,gaseosa-cola-zero,7790895067556,gaseosa COCA COLA Zero 1.5lt PET-1500-ml.,4150.0,,,,,,,
2026-08-07,sepa,Vea,gaseosa-cola-zero,7790895067570,gaseosa COCA COLA Zero 2.25lt PET-2250-ml.,5500.0,,,,,,,
2026-08-07,sepa,Vea,gaseosa-cola-zero,7790895067587,gaseosa COCA COLA Zero 354cc LAT-354-ml.,2790.0,,,,,,,
2026-08-07,sepa,Vea,gaseosa-cola-zero,7790895640438,gaseosa COCA COLA Zero  3lt PET-3000-ml.,6490.0,,,,,,,
2026-08-07,sepa,Vea,detergente,7790990003022,detergente MAGISTRAL ult lim bot 300ml BOT-300-ml.,2390.0,,,,,,,
2026-08-07,sepa,Vea,detergente,7790990003039,detergente MAGISTRAL ult lim bot 500ml BOT-500-ml.,4290.0,,,,,,,
2026-08-07,sepa,Vea,detergente,7790990003046,detergente MAGISTRAL ult lim bot 750ml BOT-750-ml.,6290.0,,,,,,,
2026-08-07,sepa,Vea,detergente,7790990003121,detergente MAGISTRAL ult mar bot 300ml BOT-300-ml.,2990.0,,,,,,,
2026-08-07,sepa,Vea,detergente,7790990003138,detergente MAGISTRAL ult mar bot 500ml BOT-500-ml.,4290.0,,,,,,,
2026-08-07,sepa,Vea,detergente,7790990003145,detergente MAGISTRAL ult mar bot 750ml BOT-750-ml.,6290.0,,,,,,,
2026-08-07,sepa,Vea,lavandina,7791290793781,limpiador CIF crema lavand cloro 750gr BOT-750-gr.,4850.0,,,,,,,
2026-08-07,sepa,Vea,lavandina,7791290793804,limpiador CIF  gel lavandina cloro 513gr BOT-513-ml.,3800.0,,,,,,,
2026-08-07,sepa,Vea,detergente,7791290794054,lavavajilla CIF bioactive limon 300ml. BOT-300-ml.,2690.0,,,,,,,
2026-08-07,sepa,Vea,detergente,7791290794061,lavavajilla CIF bioactive limon 500ml BOT-500-ml.,4390.0,,,,,,,
2026-08-07,sepa,Vea,detergente,7791290794078,lavavajilla CIF bioactive limon 750ml BOT-750-ml.,6590.0,,,,,,,
2026-08-07,sepa,Vea,detergente,7791290794085,lavavajilla CIF limon bioactiv DP 450ml DOY-450-ml.,3890.0,,,,,,,
2026-08-07,sepa,Vea,detergente,7791290794092,lavavajilla CIF lima bioactive DP 450ml DOY-450-ml.,3890.0,,,,,,,
2026-08-07,sepa,Vea,detergente,7791290794108,lavavajilla CIF bioactive lima 300ml BOT-300-ml.,2690.0,,,,,,,
2026-08-07,sepa,Vea,detergente,7791290794115,lavavajilla CIF bioactive lima 500ml BOT-500-ml.,4390.0,,,,,,,
2026-08-07,sepa,Vea,yogur-natural-sin-azucar,7791337007208,Yog SER Natural 300g POT-300-gr.,4990.0,,,,,,,
2026-08-07,sepa,Vea,gaseosa-cola-zero,7791813828365,gaseosa PEPSI Black 500cc BOT-500-ml.,2100.0,,,,,,,
2026-08-07,sepa,Vea,gaseosa-cola-zero,7791813828419,gaseosa PEPSI Black 1.5lt BOT-1500-ml.,3899.0,,,,,,,
2026-08-07,sepa,Vea,gaseosa-cola-zero,7791813828464,gaseosa PEPSI Black 2lt BOT-2000-ml.,4300.0,,,,,,,
2026-08-07,sepa,Vea,lavandina,7793253003715,Lavandina Ayudin Triple Poder 1L BOT-1000-ml.,1690.0,,,,,,,
2026-08-07,sepa,Vea,lavandina,7793253003722,lavandina AYUDIN Glaciar Triple Poder La BOT-2000-ml.,3190.0,,,,,,,
2026-08-07,sepa,Vea,lavandina,7793253003739,Lavandina Ayudin Triple Poder 4L BOT-4000-ml.,6590.0,,,,,,,
2026-08-07,sepa,Vea,lavandina,7793253003746,Ayudin Pureza Glaciar Triple Poder 1L BOT-1000-ml.,1690.0,,,,,,,
2026-08-07,sepa,Vea,lavandina,7793253003753,lavandina AYUDIN Glaciar Triple Poder 2l BOT-2000-ml.,3190.0,,,,,,,
2026-08-07,sepa,Vea,lavandina,7793253003777,Lavandina Ayudin Anti-Splash Tradi 1L BOT-1000-ml.,1990.0,,,,,,,
2026-08-07,sepa,Vea,lavandina,7793253003784,lavandina AYUDIN Anti Splash 2lt BOT-2000-ml.,3990.0,,,,,,,
2026-08-07,sepa,Vea,lavandina,7793253003791,Ayudín Lavandina en Gel Original 700ml BOT-700-ml.,3190.0,,,,,,,
2026-08-07,sepa,Vea,lavandina,7793253003807,Ayudín Lavandina en Gel Citrica 700ml BOT-700-ml.,3190.0,,,,,,,
2026-08-07,sepa,Vea,lavandina,7793253003814,Ayudín Lavandina en Gel Floral 700ml BOT-700-ml.,3190.0,,,,,,,
2026-08-07,sepa,Vea,lavandina,7793253003821,Ayudín Lavandina en Gel Menta 700ml BOT-700-ml.,3190.0,,,,,,,
2026-08-07,sepa,Vea,lavandina,7793253003838,Ayudín Lavandina en Gel Lavanda 700ml BOT-700-ml.,3190.0,,,,,,,
2026-08-07,sepa,Vea,papel-higienico-doble-hoja,7793344000517,Papel hig New ELEGANTE Extra bl 30m x 4u PAQ-12-m2,3390.0,,,,,,,
2026-08-07,sepa,Vea,rollo-cocina,7793344009206,rollo cocina ELEGANTE dobl h 1x200 paños PCK-1-un.,2690.0,,,,,,,
2026-08-07,sepa,Vea,rollo-cocina,7793344904013,rollo cocina ELEGANTE dobl h 3x50 paños BSA-3-un.,2490.0,,,,,,,
2026-08-07,sepa,Vea,queso-crema-light,7793913013412,Queso Crema Light Tregar 280g POT-280-gr.,3799.0,,,,,,,
2026-08-07,sepa,Vea,ricotta,7793913013665,RICOTTA ENTERA TREGAR X 290 GRS POT-290-gr.,3290.0,,,,,,,
2026-08-07,sepa,Vea,ricotta,7793913013672,RICOTTA LIGHT TREGAR X 290 GRS POT-290-gr.,3550.0,,,,,,,
2026-08-07,sepa,Vea,queso-crema-light,7794820903094,Queso Crematto Balance MILKAUT x 285 grs POT-285-gr.,4399.0,,,,,,,
2026-08-07,sepa,Vea,queso-crema-light,7794990879663,queso crema LA PAULINA light. POT-290-gr.,2999.0,,,,,,,
2026-08-07,sepa,Vea,lavandina,7798131250397,lavandina clasica HEROE 2lt BOT-2000-ml.,2090.0,,,,,,,
2026-08-07,sepa,Vea,yogur-natural-sin-azucar,7798136870545,Yog. Ent. Natural s/az DAHÍ 190g FCO-190-gr.,2799.0,,,,,,,
2026-08-07,sepa,Vea,yogur-natural-sin-azucar,7798136870743,Yog. Desc. Deslac Nat DAHÍ 190g FCO-200-gr.,3399.0,,,,,,,
2026-08-07,sepa,Vea,capsulas-nespresso-starbucks,8445291363656,Capsulas STARBUCKS House Blend 12u CJA-52-gr.,16699.0,,,,,,,
2026-08-07,sepa,Vea,capsulas-nespresso-starbucks,8445291367272,Capsulas STARBUCKS Espresso Roast 12u CJA-78-gr.,16699.0,,,,,,,
2026-08-08,sepa,Axion Energy,gaseosa-cola-zero,7790895067532,COCA COLA ZERO 500 ML,3400.0,,,,,,,
2026-08-08,sepa,Axion Energy,gaseosa-cola-zero,7790895067556,COCA COLA ZERO 1.5 L,7300.0,,,,,,,
2026-08-08,sepa,Axion Energy,gaseosa-cola-zero,7790895067570,DISC:DISC COCA COLA ZERO 2.25L,7200.0,,,,,,,
2026-08-08,sepa,Axion Energy,gaseosa-cola-zero,7790895067587,COCA COLA ZERO LATA 354ML,3200.0,,,,,,,
2026-08-08,sepa,Axion Energy,gaseosa-cola-zero,7791813828365,PEPSI BLACK 500ML,3000.0,,,,,,,
2026-08-08,sepa,Axion Energy,gaseosa-cola-zero,7791813828419,PEPSI BLACK 1.5L,6600.0,,,,,,,
2026-08-08,sepa,COTO CICSA,desodorante-barra-hombre,75083694,DESODORANTE BARRA BLUE LAVEN. AXE BAR 58 GRM,8711.99,,,,,,,
2026-08-08,sepa,COTO CICSA,desodorante-barra-hombre,75083700,DESODORANTE BARRA AQUA CITRUS AXE BAR 58 GRM,8711.99,,,,,,,
2026-08-08,sepa,COTO CICSA,cafe-instantaneo,7613035379213,CAFE INSTANTANEO NESCAFE DESCAFEINADO FRA 95 GRM,16650.0,,,,,,,
2026-08-08,sepa,COTO CICSA,capsulas-nespresso-starbucks,7613036961004,CAPSULA CAFÉ STARBUCKS BLONDE ESPRESSO CJA 53 GRM,17766.0,,,,,,,
2026-08-08,sepa,COTO CICSA,suprema-pollo,7790070036063,SUPREMAS DE POLLO GRANJA DEL SOL PAQ 360 GRM,10665.0,,,,,,,
2026-08-08,sepa,COTO CICSA,vinagre-alcohol,7790130000034,VINAGRE DE ALCOHOL MENOYO BOT 500 CC,1399.0,,,,,,,
2026-08-08,sepa,COTO CICSA,vinagre-alcohol,7790130000058,VINAGRE DE ALCOHOL MENOYO BOT 1 LTR,1765.0,,,,,,,
2026-08-08,sepa,COTO CICSA,vinagre-alcohol,7790130000263,VINAGRE DE ALCOHOL ALCAZAR PET 500 CMQ,1119.0,,,,,,,
2026-08-08,sepa,COTO CICSA,lavandina,7790132098459,LAVANDINA AYUDIN BOT 1 LTR,1453.99,,,,,,,
2026-08-08,sepa,COTO CICSA,vinagre-alcohol,7790139003166,VINAGRE DE ALCOHOL CASALTA CLASICO BOT 500 CC,1205.0,,,,,,,
2026-08-08,sepa,COTO CICSA,vinagre-alcohol,7790139101138,VINAGRE DE ALCOHOL  FAVINCO PET 1000 CC,1587.0,,,,,,,
2026-08-08,sepa,COTO CICSA,vinagre-alcohol,7790139101145,VINAGRE DE ALCOHOL FAVINCO BOT 500 ML,1162.0,,,,,,,
2026-08-08,sepa,COTO CICSA,cafe-instantaneo,7790150100486,CAFÉ INSTANTÁNEO CLÁSICO LA VIRGINIA FRA 170 GRM,9215.0,,,,,,,
2026-08-08,sepa,COTO CICSA,cafe-instantaneo,7790170904798,CAFÉ INSTANTÁNEO INTENSO MORENITA FRA 100 GRM,6350.0,,,,,,,
2026-08-08,sepa,COTO CICSA,queso-crema-light,7790244941605,QUESO D/CREMA DIETETICO SAN IGNACIO POT 290 GRM,3769.0,,,,,,,
2026-08-08,sepa,COTO CICSA,queso-crema-light,7790244941612,QUESO D/CREMA DIETETICO SAN IGNACIO POT 480 GRM,5669.0,,,,,,,
2026-08-08,sepa,COTO CICSA,papel-higienico-doble-hoja,7790250015536,P.HIGIÉNICO DOBLE HOJA PLUS HIGIENOL PAQ X4 UNI 30M,4593.99,,,,,,,
2026-08-08,sepa,COTO CICSA,papel-higienico-doble-hoja,7790250015567,PAPEL HIGIÉNICO DH PLUS HIGIENOL PAQ 4 UNI 20 M2,3545.99,,,,,,,
2026-08-08,sepa,COTO CICSA,papel-higienico-doble-hoja,7790250026075,PAPEL HIGIENICO ULTRA SUAVE 4 X 30M ELITE PAQ 12 M2,5617.99,,,,,,,
2026-08-08,sepa,COTO CICSA,papel-higienico-doble-hoja,7790250026082,PAPEL HIG.ULTR.SUAV. ELITE PAQ 20 M2,10352.99,,,,,,,
2026-08-08,sepa,COTO CICSA,rollo-cocina,7790250056881,"ROLLO D/COCINA CLÁSICO 3X 50 PAÑOS SUSSEX PAQ 6,33 MT2",2957.99,,,,,,,
2026-08-08,sepa,COTO CICSA,rollo-cocina,7790250056898,ROLLO D/COCINA ULTRA 180 PAÑOS SUSSEX PAQ 7.59 M2,4979.99,,,,,,,
2026-08-08,sepa,COTO CICSA,yerba-mananita,7790387015317,YERBA MATE 4 FLEX MAÑANITA PAQ 1 KGM,5370.0,,,,,,,
2026-08-08,sepa,COTO CICSA,yerba-mananita,7790387015324,YERBA MATE 4 FLEX MAÑANITA PAQ 500 GRM,2750.0,,,,,,,
2026-08-08,sepa,COTO CICSA,atun-lomitos-natural,7790580131364,LOMO D/ATÚN AL NATURAL LA CAMPAGNOLA LAT 170 GRM,5813.0,,,,,,,
2026-08-08,sepa,COTO CICSA,ricotta,7790742102805,RICOTTA ENTERA GARCIA BAJA EN SODIO SHC 500 GRM,4755.0,,,,,,,
2026-08-08,sepa,COTO CICSA,ricotta,7790742114204,RICOTTA GARCIA SCH 500 GRM,4755.0,,,,,,,
2026-08-08,sepa,COTO CICSA,leche-protein,7790742358608,LECHE DESC. LA SERENISIMA PROTEIN BOT 1 LTR,2999.0,,,,,,,
2026-08-08,sepa,COTO CICSA,queso-crema-light,7790742373304,QUESO PROCESADO LIGHT FINLANDIA POT 290 GRM,5479.0,,,,,,,
2026-08-08,sepa,COTO CICSA,yogur-natural-sin-azucar,7790787960934,YOGURT DESC.SAB.NATURAL ILOLAY POT 350 GRM,3699.0,,,,,,,
2026-08-08,sepa,COTO CICSA,gaseosa-cola-zero,7790895067532,GASEOSA COCA COLA SIN AZUCAR  BOT 500 CC,2450.0,,,,,,,
2026-08-08,sepa,COTO CICSA,gaseosa-cola-zero,7790895067556,"GASEOSA COCA COLA  SIN AZUCAR BOT 1,5 LTR",4150.0,,,,,,,
2026-08-08,sepa,COTO CICSA,gaseosa-cola-zero,7790895067570,"GASEOSA COCA COLA SIN AZUCAR  BOT 2,25 LTR",5500.0,,,,,,,
2026-08-08,sepa,COTO CICSA,gaseosa-cola-zero,7790895067587,GASEOSA COCA COLA SIN AZUCAR  LAT 354 CC,2450.0,,,,,,,
2026-08-08,sepa,COTO CICSA,gaseosa-cola-zero,7790895640438,GASEOSA COCA COLA SIN AZUCAR  BOT 3 LTR,6650.0,,,,,,,
2026-08-08,sepa,COTO CICSA,detergente,7790990003022,DETERGENTE LAVAV.ULTRA LIMÓN MAGISTRAL BOT 300 ML,3129.99,,,,,,,
2026-08-08,sepa,COTO CICSA,detergente,7790990003039,DETERGENTE LAVAV.ULTRA LIMÓN MAGISTRAL BOT 500 ML,5049.99,,,,,,,
2026-08-08,sepa,COTO CICSA,detergente,7790990003046,DETERGENTE LAVAV.ULTRA LIMÓN MAGISTRAL BOT 750 ML,7559.99,,,,,,,
2026-08-08,sepa,COTO CICSA,detergente,7790990003053,DETERGENTE LIMÓN MAGISTRAL BOT 1.4 LTR,13989.99,,,,,,,
2026-08-08,sepa,COTO CICSA,detergente,7790990003121,DETERGENTE LAVAV.ULTRA MARINA MAGISTRAL BOT 300 ML,3129.99,,,,,,,
2026-08-08,sepa,COTO CICSA,detergente,7790990003138,DETERGENTE LAVAV.ULTRA MARINA MAGISTRAL BOT 500 ML,5049.99,,,,,,,
2026-08-08,sepa,COTO CICSA,detergente,7790990003381,DETER.LAVAV.ULTRA LIMÓN MAGISTRAL PLATINUM+ BOT 500 ML,6219.99,,,,,,,
2026-08-08,sepa,COTO CICSA,detergente,7790990003404,DETERGENTE ULTRA DESENG.LIMÓN MAGISTRAL BOT 300 ML,3489.99,,,,,,,
2026-08-08,sepa,COTO CICSA,detergente,7790990003411,DETERGENTE ULTRA DESENG.LIMÓN MAGISTRAL BOT 500 ML,5049.99,,,,,,,
2026-08-08,sepa,COTO CICSA,detergente,7790990003787,REPUESTO DETERG.ULTRA DESENG. LIMÓN MAGISTRAL DOY 450 ML,4319.99,,,,,,,
2026-08-08,sepa,COTO CICSA,rollo-cocina,7791070005806,"ROLLOS D/COCINA 50 PAÑOS 3 UNI CELESTIAL PAQ 5,32 MT2",3188.99,,,,,,,
2026-08-08,sepa,COTO CICSA,lavandina,7791290793781,LIMP.CREMOSO C/LAVANDINA CLORO CLORO CIF BOT 750 GRM,4665.99,,,,,,,
2026-08-08,sepa,COTO CICSA,lavandina,7791290793804,LIMP.DESINF.E/GEL C/LAVANDINA CLORO CIF BOT 513 GRM,3671.99,,,,,,,
2026-08-08,sepa,COTO CICSA,detergente,7791290794054,DETERGENTE BIO ACTIVE LIMON CIF BOT 300 ML,2710.99,,,,,,,
2026-08-08,sepa,COTO CICSA,detergente,7791290794061,DETERGENTE BIO ACT.LIMON CIF BOT 500 ML,4390.99,,,,,,,
2026-08-08,sepa,COTO CICSA,detergente,7791290794085,DETERGENTE BIOACTIVE LIMÓN CIF DOY 450 ML,3864.99,,,,,,,
2026-08-08,sepa,COTO CICSA,detergente,7791290794092,DETERGENTE BIOACTIVE LIMA CIF DOY 450 ML,3864.99,,,,,,,
2026-08-08,sepa,COTO CICSA,detergente,7791290794108,DETERGENTE BIO ACTIVE LIMA CIF BOT 300 ML,2710.99,,,,,,,
2026-08-08,sepa,COTO CICSA,detergente,7791290794115,DETERGENTE BIO ACT.LIMA CIF BOT 500 ML,4390.99,,,,,,,
2026-08-08,sepa,COTO CICSA,lavandina,7791290794955,LAVANDINA EN GEL ORIGINAL VIM BOT 700 ML,3519.99,,,,,,,
2026-08-08,sepa,COTO CICSA,lavandina,7791290794962,LAVANDINA EN GEL LAVANDA VIM BOT 700 ML,3519.99,,,,,,,
2026-08-08,sepa,COTO CICSA,lavandina,7791290794979,LAVANDINA EN GEL CITRUS VIM BOT 700 ML,3519.99,,,,,,,
2026-08-08,sepa,COTO CICSA,detergente,7791290796706,DETERGENTE ORIGINAL CIF BOT 500 ML,5484.99,,,,,,,
2026-08-08,sepa,COTO CICSA,detergente,7791290796713,DETERGENTE ORIGINAL CIF BOT 750 ML,8232.99,,,,,,,
2026-08-08,sepa,COTO CICSA,detergente,7791290796720,DETERGENTE ORIGINAL CIF DOY 400 ML,4289.99,,,,,,,
2026-08-08,sepa,COTO CICSA,detergente,7791290796737,DETERGENTE LIMON CIF BOT 500 ML,5484.99,,,,,,,
2026-08-08,sepa,COTO CICSA,detergente,7791290796744,DETERGENTE LIMON CIF BOT 750 ML,8232.99,,,,,,,
2026-08-08,sepa,COTO CICSA,detergente,7791290796751,DETERGENTE LIMON CIF DOY 400 ML,4289.99,,,,,,,
2026-08-08,sepa,COTO CICSA,queso-crema-light,7791337009851,QUESO BLANCO CLÁSICO SUAVE LA SERENISIMA POT 460 GRM,6045.0,,,,,,,
2026-08-08,sepa,COTO CICSA,gaseosa-cola-zero,7791813828365,GASEOSA COLA BLACK PEPSI BOT 500 ML,2200.0,,,,,,,
2026-08-08,sepa,COTO CICSA,gaseosa-cola-zero,7791813828419,GASEOSA COLA PEPSI BLACK  BOT. 1500 CMQ,3950.0,,,,,,,
2026-08-08,sepa,COTO CICSA,gaseosa-cola-zero,7791813828464,GASEOSA COLA PEPSI BLACK BOT 2000 CMQ,4400.0,,,,,,,
2026-08-08,sepa,COTO CICSA,rollo-cocina,7791828000121,ROLLO COCINA FELPITA DOBLE HOJA PAQ 3 UNI,2855.99,,,,,,,
2026-08-08,sepa,COTO CICSA,rollo-cocina,7791828900025,ROLLOS DE COCINA FELPITA  DISNEY BSA 3 UNI 4.968MT2,3267.99,,,,,,,
2026-08-08,sepa,COTO CICSA,papel-higienico-doble-hoja,7791828900049,P. HIGIENICO D/H FELPITA  INFIN 12MT2 4ROLL 30MT,4449.99,,,,,,,
2026-08-08,sepa,COTO CICSA,rollo-cocina,7791828900056,ROLL. COC INFIN X3 - 300 PAÑ,5106.99,,,,,,,
2026-08-08,sepa,COTO CICSA,papel-higienico-doble-hoja,7791828900186,P. HIGIENICO D/H FELPITA   PAQ 8 MT2 4ROLL 20MT,2939.99,,,,,,,
2026-08-08,sepa,COTO CICSA,papel-higienico-doble-hoja,7791828900278,PAPEL HIGIÉNICO PURA CARICIA  FELPITA PAQ X6 UNI 30 MTR,6405.99,,,,,,,
2026-08-08,sepa,COTO CICSA,papel-higienico-doble-hoja,7791828900285,PAPEL HIGIÉNICO INFINITY FELPITA PAQ X4 UNI 5 M2,6859.99,,,,,,,
2026-08-08,sepa,COTO CICSA,rollo-cocina,7791828900377,"ROLLO D/COCINA MAXIROLLO FELPITA ROL 2,8 MTR",3070.99,,,,,,,
2026-08-08,sepa,COTO CICSA,rollo-cocina,7791828900537,ROLLO DE COCI.180 PAÑOS D.HOJ. FELPITA BSA 7.59 M2,2799.99,,,,,,,
2026-08-08,sepa,COTO CICSA,rollo-cocina,7791828900599,"ROLL.D/COCIN.ALTO 150 PAÑOS FELPITA ROL 5,67 M2",3075.99,,,,,,,
2026-08-08,sepa,COTO CICSA,lavandina,7791905000020,LAVANDINA QUERUBIN BOT 1 LTR,1620.99,,,,,,,
2026-08-08,sepa,COTO CICSA,lavandina,7791905000037,LAVANDINA QUERUBIN BOT 2 LTR,3130.99,,,,,,,
2026-08-08,sepa,COTO CICSA,lavandina,7791905000372,LAVANDINA QUERUBIN BID 4 LTR,6030.99,,,,,,,
2026-08-08,sepa,COTO CICSA,lavandina,7793253003715,LAVANDINA TRIPLE PODER LAVANDA AYUDIN BOT 1 LTR,1886.99,,,,,,,
2026-08-08,sepa,COTO CICSA,lavandina,7793253003722,LAVANDINA TRIPLE PODER LAVANDA AYUDIN BOT 2 LTR,3606.99,,,,,,,
2026-08-08,sepa,COTO CICSA,lavandina,7793253003739,LAVANDINA TRIPLE PODER LAVANDA AYUDIN BID 4 LTR,7204.99,,,,,,,
2026-08-08,sepa,COTO CICSA,lavandina,7793253003746,LAVANDINA TRIPLE PODER PUREZA GLAC AYUDIN BOT 1 LTR,1886.99,,,,,,,
2026-08-08,sepa,COTO CICSA,lavandina,7793253003760,LAVANDINA TRIPLE PODER PUREZA GLAC AYUDIN BID 4 LTR,7204.99,,,,,,,
2026-08-08,sepa,COTO CICSA,lavandina,7793253003777,LAVANDINA ANTI SPLASH AYUDIN BOT 1 LTR,2225.99,,,,,,,
2026-08-08,sepa,COTO CICSA,lavandina,7793253003784,LAVANDINA ANTI SPLASH AYUDIN BOT 2 LTR,4311.99,,,,,,,
2026-08-08,sepa,COTO CICSA,lavandina,7793253003791,LAVANDINA EN GEL ORIGINAL AYUDIN BOT 700 ML,3558.99,,,,,,,
2026-08-08,sepa,COTO CICSA,lavandina,7793253003807,LAVANDINA EN GEL CÍTRICA AYUDIN BOT 700 ML,3558.99,,,,,,,
2026-08-08,sepa,COTO CICSA,lavandina,7793253003814,LAVANDINA EN GEL FLORAL AYUDIN BOT 700 ML,3558.99,,,,,,,
2026-08-08,sepa,COTO CICSA,lavandina,7793253003821,LAVANDINA EN GEL MENTA AYUDIN BOT 700 ML,3558.99,,,,,,,
2026-08-08,sepa,COTO CICSA,lavandina,7793253003838,LAVANDINA EN GEL LAVANDA AYUDIN BOT 700 ML,3558.99,,,,,,,
2026-08-08,sepa,COTO CICSA,lavandina,7793253005856,LAVANDINA EN GEL ORIGINAL AYUDIN BOT 500 ML,3011.99,,,,,,,
2026-08-08,sepa,COTO CICSA,lavandina,7793253006709,LAVANDINA ORIGINAL AYUDIN BOT 2 LTR,2925.99,,,,,,,
2026-08-08,sepa,COTO CICSA,lavandina,7793253006716,LAVANDINA ORIGINAL AYUDIN BID 4 LTR,5842.99,,,,,,,
2026-08-08,sepa,COTO CICSA,lavandina,7793253007263,LAVANDINA ANTISPLASH AYUDIN BID 4 LTR,8280.99,,,,,,,
2026-08-08,sepa,COTO CICSA,yogur-natural-sin-azucar,7793913002423,YOGUR ENTERO NATURAL TREGAR POTE X140 GRS.,2090.0,,,,,,,
2026-08-08,sepa,COTO CICSA,queso-crema-light,7793913013412,QUESO CREMA DESCREMADO TREGAR POT 280 GRM,4190.0,,,,,,,
2026-08-08,sepa,COTO CICSA,queso-crema-light,7793913013641,QUESO UNTABLE DESCREMADO TREGAR POT 180 GRM,3090.0,,,,,,,
2026-08-08,sepa,COTO CICSA,ricotta,7793913013665,RICOTTA ENTERA TREGAR POT 290 GRM,3790.0,,,,,,,
2026-08-08,sepa,COTO CICSA,ricotta,7793913013672,RICOTTA SEMIDESCREMADA S/SAL TREGAR POT 290 GRM,3790.0,,,,,,,
2026-08-08,sepa,COTO CICSA,yogur-natural-sin-azucar,7794820903612,YOG.CREMOSO SAB.NATURAL MILKAUT  POT 300 GRM,3879.0,,,,,,,
2026-08-08,sepa,COTO CICSA,yogur-natural-sin-azucar,7794820903711,YOG.CREM.DESC.SAB.NATURAL BALANCE MILKAUT  POT 300 GRM,3879.0,,,,,,,
2026-08-08,sepa,COTO CICSA,queso-crema-light,7794990879663,QUESO CREMA LA PAULINA LIGHT POT 290 GRM,3435.0,,,,,,,
2026-08-08,sepa,COTO CICSA,yogur-natural-sin-azucar,7798136870545,YOGUR FIRME ENT.NAT.S/AZUC DAHI FRA 190 GRM,2725.0,,,,,,,
2026-08-08,sepa,COTO CICSA,yogur-natural-sin-azucar,7798136870859,YOGUR ESTILO GRIEGO NATURAL DAHI FRA 190 GRM,3295.0,,,,,,,
2026-08-08,sepa,COTO CICSA,ricotta,7798179070018,RICOTA CON CREMA SILVIA SCH 500 GRM,3285.0,,,,,,,
2026-08-08,sepa,COTO CICSA,yogur-natural-sin-azucar,7798327950193,YOG.BATIDO NATURAL SIN AZÚCAR FLIA BEAUDROIT FRA 400 GRM,4859.0,,,,,,,
2026-08-08,sepa,COTO CICSA,leche-protein,7798338291803,LECHE C/PROTEINA TRES NIÑAS TTB 1 LTR,2865.0,,,,,,,
2026-08-08,sepa,COTO CICSA,capsulas-nespresso-starbucks,8445290154125,CAFÉ CAPS.SMOOTH CARAMEL STARBUCKS CJA 51 GRM,16605.0,,,,,,,
2026-08-08,sepa,COTO CICSA,cafe-instantaneo,8445291311510,CAFÉ INSTANTANEO TRADICIÓN NESCAFE DOY 100 GRM,8952.0,,,,,,,
2026-08-08,sepa,COTO CICSA,capsulas-nespresso-starbucks,8445291363656,CAFÉ CAPSULA HOUSE BLEND LUNGO STARBUCKS CJA 78 GRM,15995.0,,,,,,,
2026-08-08,sepa,COTO CICSA,capsulas-nespresso-starbucks,8445291367272,CAFÉ CAPSULA ESPRESO ROAST STARBUCKS CJA 78 GRM,16605.0,,,,,,,
2026-08-08,sepa,Cooperativa Obrera Limitada de Consumo y Vivienda,desodorante-barra-hombre,7501001163983,DEO BARRA OLD SPICE FRESH,10128.0,,,,,,,
2026-08-08,sepa,Cooperativa Obrera Limitada de Consumo y Vivienda,cafe-instantaneo,7613035379213,CAFE NESCAFE SOLUBLE DESC,18170.0,,,,,,,
2026-08-08,sepa,Cooperativa Obrera Limitada de Consumo y Vivienda,cafe-instantaneo,7613036312752,CAFE NESCAFE ESPRESSO FRA,18990.0,25860.0,,,,,Vigencia desde el 30/07/2026 al 12/08/2026,
2026-08-08,sepa,Cooperativa Obrera Limitada de Consumo y Vivienda,lavandina,7790132098459,LAVANDINA AYUDIN ORIGINAL,1270.0,,,,,,,
2026-08-08,sepa,Cooperativa Obrera Limitada de Consumo y Vivienda,vinagre-alcohol,7790139003166,VINAGRE CASALTA ALCOHOL,1239.0,,,,,,,
2026-08-08,sepa,Cooperativa Obrera Limitada de Consumo y Vivienda,vinagre-alcohol,7790139101138,VINAGRE FAVINCO ALCOHOL,1585.0,,,,,,,
2026-08-08,sepa,Cooperativa Obrera Limitada de Consumo y Vivienda,vinagre-alcohol,7790139101145,VINAGRE FAVINCO ALC S/TAC,1229.0,,,,,,,
2026-08-08,sepa,Cooperativa Obrera Limitada de Consumo y Vivienda,cafe-instantaneo,7790150100462,CAFE INST LV CLAS.DPACK,6990.0,8005.0,,,,,Vigencia desde el 30/07/2026 al 12/08/2026 hasta agotar Stock de 34 unidades.,
2026-08-08,sepa,Cooperativa Obrera Limitada de Consumo y Vivienda,cafe-instantaneo,7790150100486,CAFE INST LV FRAS CLASICO,8550.0,,,,,,,
2026-08-08,sepa,Cooperativa Obrera Limitada de Consumo y Vivienda,cafe-instantaneo,7790150100783,CAFE INST LV CLASICO ESP,5920.0,,,,,,,
2026-08-08,sepa,Cooperativa Obrera Limitada de Consumo y Vivienda,cafe-instantaneo,7790150100806,CAFE INST LA VIRGINIA DP,6779.0,,,,,,,
2026-08-08,sepa,Cooperativa Obrera Limitada de Consumo y Vivienda,cafe-instantaneo,7790150101476,CAFE INST LV SUAVE DP,6990.0,8005.0,,,,,Vigencia desde el 30/07/2026 al 12/08/2026 hasta agotar Stock de 70 unidades.,
2026-08-08,sepa,Cooperativa Obrera Limitada de Consumo y Vivienda,cafe-instantaneo,7790150101490,CAFE INST LV SUAVE FRASCO,8550.0,,,,,,,
2026-08-08,sepa,Cooperativa Obrera Limitada de Consumo y Vivienda,cafe-instantaneo,7790150101773,CAFE INST LV SUAVE FRASCO,6179.0,,,,,,,
2026-08-08,sepa,Cooperativa Obrera Limitada de Consumo y Vivienda,cafe-instantaneo,7790150101780,CAFE INST LV SUAVE DP,5138.0,,,,,,,
2026-08-08,sepa,Cooperativa Obrera Limitada de Consumo y Vivienda,rollo-cocina,7790250056881,ROLLO SUSSEX CLAS BLANCO,2990.0,,,,,,,
2026-08-08,sepa,Cooperativa Obrera Limitada de Consumo y Vivienda,rollo-cocina,7790250056898,ROLLO COCINA SUSSEX ULTRA,4390.0,,,,,,,
2026-08-08,sepa,Cooperativa Obrera Limitada de Consumo y Vivienda,rollo-cocina,7790250056980,ROLLO COC SUSSEX MAXI,6590.0,,,,,,,
2026-08-08,sepa,Cooperativa Obrera Limitada de Consumo y Vivienda,rollo-cocina,7790250057086,SUSSEX CLASICO MEGARROLLO,2490.0,3320.0,,,,,Vigencia desde el 30/07/2026 al 12/08/2026 hasta agotar Stock de 23 unidades.,
2026-08-08,sepa,Cooperativa Obrera Limitada de Consumo y Vivienda,yerba-mananita,7790387015317,YERBA MAÑANITA 4FLEX,5350.0,,,,,,,
2026-08-08,sepa,Cooperativa Obrera Limitada de Consumo y Vivienda,yerba-mananita,7790387015324,YERBA MAÑANITA 4FLEX 1/2,2750.0,,,,,,,
2026-08-08,sepa,Cooperativa Obrera Limitada de Consumo y Vivienda,cafe-instantaneo,7790550029431,CAFE LPC FRASCO CLASICO,10091.0,,,,,,,
2026-08-08,sepa,Cooperativa Obrera Limitada de Consumo y Vivienda,atun-lomitos-natural,7790580131364,ATUN LC LOMO NATURAL,5740.0,,,,,,,
2026-08-08,sepa,Cooperativa Obrera Limitada de Consumo y Vivienda,leche-protein,7790742358608,LECHE DESC LS PROTEIN BOT,2490.0,3149.0,,,,,Vigencia desde el 30/07/2026 al 12/08/2026 hasta agotar Stock de 162 unidades.,
2026-08-08,sepa,Cooperativa Obrera Limitada de Consumo y Vivienda,yogur-natural-sin-azucar,7790787960934,YOGUR NATURAL CREM ILOLAY,3599.0,,,,,,,
2026-08-08,sepa,Cooperativa Obrera Limitada de Consumo y Vivienda,gaseosa-cola-zero,7790895067532,COCA COLA SIN AZUCAR,2450.0,,,,,,,
2026-08-08,sepa,Cooperativa Obrera Limitada de Consumo y Vivienda,gaseosa-cola-zero,7790895067556,COCA COLA SIN AZUCAR,4150.0,,,,,,,
2026-08-08,sepa,Cooperativa Obrera Limitada de Consumo y Vivienda,gaseosa-cola-zero,7790895067570,COCA COLA SIN AZUCAR,4200.0,5500.0,,,,,Llevando 2 paga $4200.00 c/u - Vigencia desde el 30/07/2026 al 12/08/2026 o hasta agotar Stock de 158 unidades.,
2026-08-08,sepa,Cooperativa Obrera Limitada de Consumo y Vivienda,detergente,7790990003022,DET MAGISTRAL ULTRA LIMON,3400.0,,,,,,,
2026-08-08,sepa,Cooperativa Obrera Limitada de Consumo y Vivienda,detergente,7790990003039,DET MAGISTRAL ULTRA LIMON,4700.0,,,,,,,
2026-08-08,sepa,Cooperativa Obrera Limitada de Consumo y Vivienda,detergente,7790990003046,DET MAGISTRAL ULTRA LIMON,7990.0,,,,,,,
2026-08-08,sepa,Cooperativa Obrera Limitada de Consumo y Vivienda,detergente,7790990003121,DET MAGISTRAL ULTRA MARIN,3400.0,,,,,,,
2026-08-08,sepa,Cooperativa Obrera Limitada de Consumo y Vivienda,detergente,7790990003138,DET MAGISTRAL ULTRA MARIN,4700.0,,,,,,,
2026-08-08,sepa,Cooperativa Obrera Limitada de Consumo y Vivienda,detergente,7790990003145,DET MAGISTRAL ULTRA MARIN,7990.0,,,,,,,
2026-08-08,sepa,Cooperativa Obrera Limitada de Consumo y Vivienda,detergente,7790990003787,DET MAGISTRAL ULT LIM DP,4550.0,,,,,,,
2026-08-08,sepa,Cooperativa Obrera Limitada de Consumo y Vivienda,lavandina,7791290793781,CIF CREMA C/LAVAND Y CLOR,3490.0,4790.0,,,,,Vigencia desde el 30/07/2026 al 12/08/2026 hasta agotar Stock de 4 unidades.,
2026-08-08,sepa,Cooperativa Obrera Limitada de Consumo y Vivienda,lavandina,7791290793804,CIF GEL C/LAVAND Y CLORO,3790.0,,,,,,,
2026-08-08,sepa,Cooperativa Obrera Limitada de Consumo y Vivienda,detergente,7791290794054,DET CIF BIOACTIVE LIMON,2749.0,,,,,,,
2026-08-08,sepa,Cooperativa Obrera Limitada de Consumo y Vivienda,detergente,7791290794061,DET CIF BIOACTIVE LIMON,2990.0,4209.0,,,,,Vigencia desde el 30/07/2026 al 12/08/2026 hasta agotar Stock de 56 unidades.,
2026-08-08,sepa,Cooperativa Obrera Limitada de Consumo y Vivienda,detergente,7791290794078,DET CIF BIOACTIVE LIMON,6690.0,,,,,,,
2026-08-08,sepa,Cooperativa Obrera Limitada de Consumo y Vivienda,detergente,7791290794085,CIF BIOACTIVE LIMON DP,3870.0,,,,,,,
2026-08-08,sepa,Cooperativa Obrera Limitada de Consumo y Vivienda,detergente,7791290794092,CIF BIOACTIVE LIMA DP,3870.0,,,,,,,
2026-08-08,sepa,Cooperativa Obrera Limitada de Consumo y Vivienda,detergente,7791290794108,DET CIF BIOACTIVE LIMA,2790.0,,,,,,,
2026-08-08,sepa,Cooperativa Obrera Limitada de Consumo y Vivienda,detergente,7791290794115,DET CIF BIOACTIVE LIMA,2990.0,4209.0,,,,,Vigencia desde el 30/07/2026 al 12/08/2026 hasta agotar Stock de 16 unidades.,
2026-08-08,sepa,Cooperativa Obrera Limitada de Consumo y Vivienda,detergente,7791290796706,DET CIF ACTIVE GEL ORIGIN,5550.0,,,,,,,
2026-08-08,sepa,Cooperativa Obrera Limitada de Consumo y Vivienda,detergente,7791290796720,DET CIF ACTIV GEL ORIG DP,4390.0,,,,,,,
2026-08-08,sepa,Cooperativa Obrera Limitada de Consumo y Vivienda,detergente,7791290796737,DET CIF ACTIVE GEL LIMON,5550.0,,,,,,,
2026-08-08,sepa,Cooperativa Obrera Limitada de Consumo y Vivienda,detergente,7791290796751,DET CIF ACT GEL LIMON DP,4390.0,,,,,,,
2026-08-08,sepa,Cooperativa Obrera Limitada de Consumo y Vivienda,yogur-natural-sin-azucar,7791337007208,YOGUR SER DESC S/LACT NAT,4999.0,,,,,,,
2026-08-08,sepa,Cooperativa Obrera Limitada de Consumo y Vivienda,yogur-natural-sin-azucar,7791337010932,YOGURISIMO GRIEGO FIRME N,3250.0,,,,,,,
2026-08-08,sepa,Cooperativa Obrera Limitada de Consumo y Vivienda,gaseosa-cola-zero,7791813828365,PEPSI BLACK,1290.0,2500.0,,,,,Vigencia desde el 30/07/2026 al 12/08/2026 hasta agotar Stock de 48 unidades.,
2026-08-08,sepa,Cooperativa Obrera Limitada de Consumo y Vivienda,gaseosa-cola-zero,7791813828419,PEPSI BLACK,4300.0,,,,,,,
2026-08-08,sepa,Cooperativa Obrera Limitada de Consumo y Vivienda,gaseosa-cola-zero,7791813828464,PEPSI BLACK,2500.0,4750.0,,,,,Vigencia desde el 30/07/2026 al 12/08/2026 hasta agotar Stock de 90 unidades.,
2026-08-08,sepa,Cooperativa Obrera Limitada de Consumo y Vivienda,rollo-cocina,7791828000121,ROLLO COCI FELPITA BLANCO,2695.0,,,,,,,
2026-08-08,sepa,Cooperativa Obrera Limitada de Consumo y Vivienda,rollo-cocina,7791828900056,ROLLO FELPITA INFINITY BL,5249.0,,,,,,,
2026-08-08,sepa,Cooperativa Obrera Limitada de Consumo y Vivienda,rollo-cocina,7791828900377,ROLLO FELPITA BLANCO,3090.0,,,,,,,
2026-08-08,sepa,Cooperativa Obrera Limitada de Consumo y Vivienda,lavandina,7791905003663,LAVAN ADIT QUERUBIN RO BL,2350.0,,,,,,,
2026-08-08,sepa,Cooperativa Obrera Limitada de Consumo y Vivienda,lavandina,7791905023203,LAVANDINA ODEX,1550.0,,,,,,,
2026-08-08,sepa,Cooperativa Obrera Limitada de Consumo y Vivienda,lavandina,7791905023210,LAVANDINA ODEX,2850.0,,,,,,,
2026-08-08,sepa,Cooperativa Obrera Limitada de Consumo y Vivienda,lavandina,7791905023227,LAVANDINA ODEX,5590.0,,,,,,,
2026-08-08,sepa,Cooperativa Obrera Limitada de Consumo y Vivienda,lavandina,7793253003715,LAV AYUDIN LAVANDA TRIPLE,1885.0,,,,,,,
2026-08-08,sepa,Cooperativa Obrera Limitada de Consumo y Vivienda,lavandina,7793253003722,LAV AYUDIN LAVANDA TRIPLE,3600.0,,,,,,,
2026-08-08,sepa,Cooperativa Obrera Limitada de Consumo y Vivienda,lavandina,7793253003746,LAV AYUDIN GLACIAR TRIPLE,1885.0,,,,,,,
2026-08-08,sepa,Cooperativa Obrera Limitada de Consumo y Vivienda,lavandina,7793253003753,LAV AYUDIN GLACIAR TRIPLE,3600.0,,,,,,,
2026-08-08,sepa,Cooperativa Obrera Limitada de Consumo y Vivienda,lavandina,7793253003777,LAV AYUDIN ANTISPLASH,2319.0,,,,,,,
2026-08-08,sepa,Cooperativa Obrera Limitada de Consumo y Vivienda,lavandina,7793253003784,LAV AYUDIN ANTISPLASH X2,4650.0,,,,,,,
2026-08-08,sepa,Cooperativa Obrera Limitada de Consumo y Vivienda,lavandina,7793253006709,LAVANDINA AYUDIN ORIGINAL,2680.0,,,,,,,
2026-08-08,sepa,Cooperativa Obrera Limitada de Consumo y Vivienda,lavandina,7793253006716,LAVANDINA AYUDIN ORIGINAL,6990.0,,,,,,,
2026-08-08,sepa,Cooperativa Obrera Limitada de Consumo y Vivienda,rollo-cocina,7793344009206,ROLLO COC ELEGANTE,3190.0,,,,,,,
2026-08-08,sepa,Cooperativa Obrera Limitada de Consumo y Vivienda,rollo-cocina,7793344009305,ROLLO COC ELEGANTE PREM,3675.0,5390.0,,,,,Vigencia desde el 30/07/2026 al 12/08/2026 hasta agotar Stock de 2 unidades.,
2026-08-08,sepa,Cooperativa Obrera Limitada de Consumo y Vivienda,rollo-cocina,7793344904013,ROLLO COC ELEGANTE,2830.0,,,,,,,
2026-08-08,sepa,Cooperativa Obrera Limitada de Consumo y Vivienda,rollo-cocina,7793344904853,ROLLO COC ELEGANTE,3490.0,,,,,,,
2026-08-08,sepa,Cooperativa Obrera Limitada de Consumo y Vivienda,yogur-natural-sin-azucar,7794820903612,YOGUR NAT CREMOSO MILKAUT,2850.0,3790.0,,,,,Vigencia desde el 06/08/2026 al 12/08/2026 hasta agotar Stock de 1 unidades.,
2026-08-08,sepa,Cooperativa Obrera Limitada de Consumo y Vivienda,yogur-natural-sin-azucar,7794820903711,YOGUR NAT DESCR MILKAUT,2850.0,3790.0,,,,,Vigencia desde el 06/08/2026 al 12/08/2026 hasta agotar Stock de 2 unidades.,
2026-08-08,sepa,Cooperativa Obrera Limitada de Consumo y Vivienda,lavandina,7798131250380,LAVANDINA HEROE CLASIC,1190.0,,,,,,,
2026-08-08,sepa,Cooperativa Obrera Limitada de Consumo y Vivienda,yogur-natural-sin-azucar,7798136870545,YOG DAHI FIRME NATUR S/AZ,2659.0,,,,,,,
2026-08-08,sepa,Cooperativa Obrera Limitada de Consumo y Vivienda,yogur-natural-sin-azucar,7798136870743,YOGUR NAT DESLACT DAHI,3190.0,,,,,,,
2026-08-08,sepa,Cooperativa Obrera Limitada de Consumo y Vivienda,yogur-natural-sin-azucar,7798136870859,YOGUR GRIEGO NAT DAHI,3190.0,,,,,,,
2026-08-08,sepa,Cooperativa Obrera Limitada de Consumo y Vivienda,leche-protein,7798338291803,LECHE LV LAS3 NIÑAS PROTE,2890.0,,,,,,,
2026-08-08,sepa,Cooperativa Obrera Limitada de Consumo y Vivienda,cafe-instantaneo,8445291311510,NESCAFE TRADICION DP,9290.0,,,,,,,
2026-08-08,sepa,DEHEZA S.A.I.C.F. e I.,yerba-mananita,7790387015324,MAÑANITA YERBA 4FLEX X 500 GR,4400.0,,,,,,,
2026-08-08,sepa,DEHEZA S.A.I.C.F. e I.,gaseosa-cola-zero,7791813828365,PEPSI BLACK PET X 500CC,2900.0,,,,,,,
2026-08-08,sepa,Disco,cafe-instantaneo,7613035379213,Cafe Descafeinado NESCAFE MasAroma 100g FCO-100-gr.,18000.0,,,,,,,
2026-08-08,sepa,Disco,cafe-instantaneo,7613036312752,Nescafe GOLD espresso 100g FCO-100-gr.,24000.0,,,,,,,
2026-08-08,sepa,Disco,capsulas-nespresso-starbucks,7613036961004,Capsulas STARBUCKS Blonde Espresso Roast CJA-53-gr.,19050.0,,,,,,,
2026-08-08,sepa,Disco,capsulas-nespresso-starbucks,7613036961448,Capsulas Café STARBUCKS Colombia x57g CJA-57-gr.,19050.0,,,,,,,
2026-08-08,sepa,Disco,suprema-pollo,7790070036063,Suprema de pollo GRANJA DEL SOL 360g PAQ-360-gr.,11350.0,,,,,,,
2026-08-08,sepa,Disco,vinagre-alcohol,7790130000034,Vinagre MENOYO de alcohol PVC-500-cc.,1350.0,,,,,,,
2026-08-08,sepa,Disco,vinagre-alcohol,7790130000058,Vinagre MENOYO de alcohol PVC-1-lt.,1850.0,,,,,,,
2026-08-08,sepa,Disco,vinagre-alcohol,7790130000263,Vinagre alcazar de alcohol PVC-500-cc.,1200.0,,,,,,,
2026-08-08,sepa,Disco,lavandina,7790132098459,lavandina AYUDIN original 1L       PVC-1000-ml.,1278.0,,,,,,,
2026-08-08,sepa,Disco,vinagre-alcohol,7790139003166,Vinagre de Alcohol CASALTA x 500cc. BOT-500-cc.,1300.0,,,,,,,
2026-08-08,sepa,Disco,vinagre-alcohol,7790139101138,Vinagre de Alcohol Favinco S/T x 1lt BOT-1000-ml.,1717.0,,,,,,,
2026-08-08,sepa,Disco,cafe-instantaneo,7790150100462,café LA VIRGINIA Clásico Espuma DPx170g DOY-170-gr.,8150.0,,,,,,,
2026-08-08,sepa,Disco,cafe-instantaneo,7790150100486,café LA VIRGINIA Clasico Espuma x170G FCO-170-gr.,9450.0,,,,,,,
2026-08-08,sepa,Disco,cafe-instantaneo,7790150101476,café LA VIRGINIA Suave Espuma DP x170g DOY-170-gr.,8600.0,,,,,,,
2026-08-08,sepa,Disco,cafe-instantaneo,7790150101490,café LA VIRGINIA Suave Espuma x170g FCO-170-gr.,10850.0,,,,,,,
2026-08-08,sepa,Disco,cafe-instantaneo,7790150101773,café LA VIRGINIA Suave Espuma x100g FCO-100-gr.,6600.0,,,,,,,
2026-08-08,sepa,Disco,cafe-instantaneo,7790150101780,Café LA VIRGINIA Suave Espuma DPx100g DOY-100-gr.,5550.0,,,,,,,
2026-08-08,sepa,Disco,cafe-instantaneo,7790170904798,café LA MORENITA Intenso x100g FCO-100-gr.,6550.0,,,,,,,
2026-08-08,sepa,Disco,queso-crema-light,7790244941605,Q.Blancrem Light S.Ignacio 290g POT-290-gr.,4000.0,,,,,,,
2026-08-08,sepa,Disco,queso-crema-light,7790244941612,Q.Blancrem Light S.Ignacio 480g POT-480-gr.,5800.0,,,,,,,
2026-08-08,sepa,Disco,papel-higienico-doble-hoja,7790250015536,papel higieni HIGIENOL dob h fus 4x30m BSA-4-m2,4300.0,,,,,,,
2026-08-08,sepa,Disco,papel-higienico-doble-hoja,7790250026075,papel higienic ELITE dobl h soft 4x30m PAQ-12-m2,5180.0,,,,,,,
2026-08-08,sepa,Disco,papel-higienico-doble-hoja,7790250026082,papel higienic ELITE ult dobl h 4x50m PAQ-20-m2,10550.0,,,,,,,
2026-08-08,sepa,Disco,rollo-cocina,7790250056881,rollo cocina SUSSEX clasic 3x50paños PAQ-15-m2,3100.0,,,,,,,
2026-08-08,sepa,Disco,rollo-cocina,7790250056980,rollo cocina SUSSEX ultra 3x100p PAQ-300-un.,8050.0,,,,,,,
2026-08-08,sepa,Disco,yerba-mananita,7790387015317,Yerba Mate MAÑANITA 4FLEX 1kg PAQ-1000-gr.,5350.0,,,,,,,
2026-08-08,sepa,Disco,yerba-mananita,7790387015324,Yerba Mate MAÑANITA 4FLEX 1/2kg PAQ-500-gr.,2800.0,,,,,,,
2026-08-08,sepa,Disco,atun-lomitos-natural,7790580131364,Atun LA CAMPAGNOLA al natural x170g LAT-170-gr.,6300.0,,,,,,,
2026-08-08,sepa,Disco,ricotta,7790742102805,ricota entera GARCIA baja en sodio SCH-500-gr.,5100.0,,,,,,,
2026-08-08,sepa,Disco,ricotta,7790742114204,Ricotta Garcia Semigrasa Sachet 500GR SCH-500-gr.,5100.0,,,,,,,
2026-08-08,sepa,Disco,leche-protein,7790742358608,Leche Uat Proteina La serenisima 1l BOT-1000-ml.,3100.0,,,,,,,
2026-08-08,sepa,Disco,queso-crema-light,7790742373304,Q.Procesado Finlandia Light 290g POT-290-gr.,5900.0,,,,,,,
2026-08-08,sepa,Disco,gaseosa-cola-zero,7790895067532,gaseosa COCA COLA Zero 500cc PET-500-ml.,2650.0,,,,,,,
2026-08-08,sepa,Disco,gaseosa-cola-zero,7790895067556,gaseosa COCA COLA Zero 1.5lt PET-1500-ml.,4150.0,,,,,,,
2026-08-08,sepa,Disco,gaseosa-cola-zero,7790895067570,gaseosa COCA COLA Zero 2.25lt PET-2250-ml.,5500.0,,,,,,,
2026-08-08,sepa,Disco,gaseosa-cola-zero,7790895067587,gaseosa COCA COLA Zero 354cc LAT-354-ml.,2750.0,,,,,,,
2026-08-08,sepa,Disco,gaseosa-cola-zero,7790895640438,gaseosa COCA COLA Zero  3lt PET-3000-ml.,6454.0,,,,,,,
2026-08-08,sepa,Disco,detergente,7790990003022,detergente MAGISTRAL ult lim bot 300ml BOT-300-ml.,3350.0,,,,,,,
2026-08-08,sepa,Disco,detergente,7790990003039,detergente MAGISTRAL ult lim bot 500ml BOT-500-ml.,4542.0,,,,,,,
2026-08-08,sepa,Disco,detergente,7790990003046,detergente MAGISTRAL ult lim bot 750ml BOT-750-ml.,7850.0,,,,,,,
2026-08-08,sepa,Disco,detergente,7790990003121,detergente MAGISTRAL ult mar bot 300ml BOT-300-ml.,3350.0,,,,,,,
2026-08-08,sepa,Disco,detergente,7790990003138,detergente MAGISTRAL ult mar bot 500ml BOT-500-ml.,4542.0,,,,,,,
2026-08-08,sepa,Disco,detergente,7790990003145,detergente MAGISTRAL ult mar bot 750ml BOT-750-ml.,7850.0,,,,,,,
2026-08-08,sepa,Disco,lavandina,7791290793804,limpiador CIF  gel lavandina cloro 513gr BOT-513-ml.,3950.0,,,,,,,
2026-08-08,sepa,Disco,detergente,7791290794054,lavavajilla CIF bioactive limon 300ml. BOT-300-ml.,2700.0,,,,,,,
2026-08-08,sepa,Disco,detergente,7791290794061,lavavajilla CIF bioactive limon 500ml BOT-500-ml.,4400.0,,,,,,,
2026-08-08,sepa,Disco,detergente,7791290794078,lavavajilla CIF bioactive limon 750ml BOT-750-ml.,6850.0,,,,,,,
2026-08-08,sepa,Disco,detergente,7791290794085,lavavajilla CIF limon bioactiv DP 450ml DOY-450-ml.,3900.0,,,,,,,
2026-08-08,sepa,Disco,detergente,7791290794092,lavavajilla CIF lima bioactive DP 450ml DOY-450-ml.,3900.0,,,,,,,
2026-08-08,sepa,Disco,detergente,7791290794108,lavavajilla CIF bioactive lima 300ml BOT-300-ml.,2700.0,,,,,,,
2026-08-08,sepa,Disco,detergente,7791290794115,lavavajilla CIF bioactive lima 500ml BOT-500-ml.,4400.0,,,,,,,
2026-08-08,sepa,Disco,yogur-natural-sin-azucar,7791337007208,Yog SER Natural 300g POT-300-gr.,5250.0,,,,,,,
2026-08-08,sepa,Disco,gaseosa-cola-zero,7791813828365,gaseosa PEPSI Black 500cc BOT-500-ml.,2250.0,,,,,,,
2026-08-08,sepa,Disco,gaseosa-cola-zero,7791813828419,gaseosa PEPSI Black 1.5lt BOT-1500-ml.,3899.0,,,,,,,
2026-08-08,sepa,Disco,gaseosa-cola-zero,7791813828464,gaseosa PEPSI Black 2lt BOT-2000-ml.,4300.0,,,,,,,
2026-08-08,sepa,Disco,rollo-cocina,7791828900056,Rollo Cocina FELPITA DH Infinity 3x100 PCK-300-un.,5350.0,,,,,,,
2026-08-08,sepa,Disco,papel-higienico-doble-hoja,7791828900285,Papel Higienico FELPITA Doble Hoj 4x50 PAQ-50-hjs,7250.0,,,,,,,
2026-08-08,sepa,Disco,lavandina,7793253003715,Lavandina Ayudin Triple Poder 1L BOT-1000-ml.,2050.0,,,,,,,
2026-08-08,sepa,Disco,lavandina,7793253003722,lavandina AYUDIN Glaciar Triple Poder La BOT-2000-ml.,3850.0,,,,,,,
2026-08-08,sepa,Disco,lavandina,7793253003739,Lavandina Ayudin Triple Poder 4L BOT-4000-ml.,7700.0,,,,,,,
2026-08-08,sepa,Disco,lavandina,7793253003746,Ayudin Pureza Glaciar Triple Poder 1L BOT-1000-ml.,2050.0,,,,,,,
2026-08-08,sepa,Disco,lavandina,7793253003753,lavandina AYUDIN Glaciar Triple Poder 2l BOT-2000-ml.,3950.0,,,,,,,
2026-08-08,sepa,Disco,lavandina,7793253003760,Ayudin Pureza Glaciar Triple Poder 4L BOT-4000-ml.,7800.0,,,,,,,
2026-08-08,sepa,Disco,lavandina,7793253003777,Lavandina Ayudin Anti-Splash Tradi 1L BOT-1000-ml.,2400.0,,,,,,,
2026-08-08,sepa,Disco,lavandina,7793253003784,lavandina AYUDIN Anti Splash 2lt BOT-2000-ml.,4600.0,,,,,,,
2026-08-08,sepa,Disco,lavandina,7793253003791,Ayudín Lavandina en Gel Original 700ml BOT-700-ml.,3800.0,,,,,,,
2026-08-08,sepa,Disco,lavandina,7793253003807,Ayudín Lavandina en Gel Citrica 700ml BOT-700-ml.,3800.0,,,,,,,
2026-08-08,sepa,Disco,lavandina,7793253003814,Ayudín Lavandina en Gel Floral 700ml BOT-700-ml.,3800.0,,,,,,,
2026-08-08,sepa,Disco,lavandina,7793253003821,Ayudín Lavandina en Gel Menta 700ml BOT-700-ml.,3800.0,,,,,,,
2026-08-08,sepa,Disco,lavandina,7793253003838,Ayudín Lavandina en Gel Lavanda 700ml BOT-700-ml.,3800.0,,,,,,,
2026-08-08,sepa,Disco,lavandina,7793253003869,Ayudín Lavandina en Gel Original 1500ml BOT-1500-ml.,8300.0,,,,,,,
2026-08-08,sepa,Disco,lavandina,7793253003876,Ayudín Lavandina en Gel Citrica 1500ml BOT-1500-ml.,8300.0,,,,,,,
2026-08-08,sepa,Disco,papel-higienico-doble-hoja,7793344000517,Papel hig New ELEGANTE Extra bl 30m x 4u PAQ-12-m2,3650.0,,,,,,,
2026-08-08,sepa,Disco,rollo-cocina,7793344009206,rollo cocina ELEGANTE dobl h 1x200 paños PCK-1-un.,3050.0,,,,,,,
2026-08-08,sepa,Disco,rollo-cocina,7793344009305,Rollos de Cocina Elegante 3u x 100 paños LAM-300-un.,5700.0,,,,,,,
2026-08-08,sepa,Disco,rollo-cocina,7793344904013,rollo cocina ELEGANTE dobl h 3x50 paños BSA-3-un.,3000.0,,,,,,,
2026-08-08,sepa,Disco,queso-crema-light,7793913013412,Queso Crema Light Tregar 280g POT-280-gr.,4400.0,,,,,,,
2026-08-08,sepa,Disco,ricotta,7793913013665,RICOTTA ENTERA TREGAR X 290 GRS POT-290-gr.,3850.0,,,,,,,
2026-08-08,sepa,Disco,ricotta,7793913013672,RICOTTA LIGHT TREGAR X 290 GRS POT-290-gr.,3850.0,,,,,,,
2026-08-08,sepa,Disco,queso-crema-light,7794820015018,Qso Proces para untar Light Milkaut 190g POT-190-gr.,3550.0,,,,,,,
2026-08-08,sepa,Disco,queso-crema-light,7794820903094,Queso Crematto Balance MILKAUT x 285 grs POT-285-gr.,5200.0,,,,,,,
2026-08-08,sepa,Disco,queso-crema-light,7794990879663,queso crema LA PAULINA light. POT-290-gr.,3500.0,,,,,,,
2026-08-08,sepa,Disco,lavandina,7798131250380,lavandina clasica HEROE 1lt BOT-1000-ml.,1150.0,,,,,,,
2026-08-08,sepa,Disco,lavandina,7798131250397,lavandina clasica HEROE 2lt BOT-2000-ml.,2250.0,,,,,,,
2026-08-08,sepa,Disco,yogur-natural-sin-azucar,7798136870545,Yog. Ent. Natural s/az DAHÍ 190g FCO-190-gr.,2850.0,,,,,,,
2026-08-08,sepa,Disco,yogur-natural-sin-azucar,7798136870743,Yog. Desc. Deslac Nat DAHÍ 190g FCO-200-gr.,3450.0,,,,,,,
2026-08-08,sepa,Disco,yogur-natural-sin-azucar,7798327950193,Yog. Entero Natural Flia Beudroit 400g POT-400-gr.,4750.0,,,,,,,
2026-08-08,sepa,Disco,capsulas-nespresso-starbucks,8445291363656,Capsulas STARBUCKS House Blend 12u CJA-52-gr.,19050.0,,,,,,,
2026-08-08,sepa,Disco,capsulas-nespresso-starbucks,8445291367272,Capsulas STARBUCKS Espresso Roast 12u CJA-78-gr.,19050.0,,,,,,,
2026-08-08,sepa,Express,cafe-instantaneo,7613035379213,CAFE DESCAFEINADO INSTANTANEO NESCAFE X 100 GRS,17029.0,,,,,,,
2026-08-08,sepa,Express,cafe-instantaneo,7613036312752,CAFE INSTANTANEO EXPRESSO GOLD NESCAFE X 100 GRS,25209.0,,,,,,,
2026-08-08,sepa,Express,capsulas-nespresso-starbucks,7613036961004,CAPSULAS CAFE BLOND ESPRESSO STARBUCKS X 10 UNI,18299.0,,,,,,,
2026-08-08,sepa,Express,suprema-pollo,7790070036063,SUPREMAS DE POLLO GRANJA DEL SOL BOLSA X 360 GRS,10985.0,,,,,,,
2026-08-08,sepa,Express,vinagre-alcohol,7790130000034,VINAGRE DE ALCOHOL MENOYO PET X 500 CC,1599.0,,,,,,,
2026-08-08,sepa,Express,vinagre-alcohol,7790130000058,VINAGRE DE ALCOHOL MENOYO PET X 1 LT,2025.0,,,,,,,
2026-08-08,sepa,Express,lavandina,7790132098459,LAVANDINA ORIGINAL AYUDIN X 1 LT,1319.0,,,,,,,
2026-08-08,sepa,Express,cafe-instantaneo,7790170904798,CAFE INSTANTANEO LA MORENITA FRASCO X 100 GRS,6540.0,,,,,,,
2026-08-08,sepa,Express,papel-higienico-doble-hoja,7790250015536,PAPEL HIGIENICO D HOJA PLUS HIGIENOL 4 X 30 MTS,3729.0,,,,,,,
2026-08-08,sepa,Express,papel-higienico-doble-hoja,7790250026075,PAPEL HIGIENICO D H ULTRA SUAVE ELITE 4 X 30 MTS,5785.0,,,,,,,
2026-08-08,sepa,Express,rollo-cocina,7790250056881,ROLLO DE COCINA CLASICO SUSSEX 3 X 50 PAN,2546.67,2929.0,,,,,Promo A valida desde el 04/08/2026 hasta 10/08/2026,
2026-08-08,sepa,Express,rollo-cocina,7790250057086,ROLLO COCINA CLASICO MEGA SUSSEX X 200 PANOS,3450.0,,,,,,,
2026-08-08,sepa,Express,yerba-mananita,7790387015317,YERBA MATE BAJO POLVO MANANITA 4FLEX X 1 KG,4929.0,,,,,,,
2026-08-08,sepa,Express,atun-lomitos-natural,7790580131364,ATUN AL NATURAL LOMITOS LA CAMPAGNOLA X 170 GRS,6469.0,,,,,,,
2026-08-08,sepa,Express,gaseosa-cola-zero,7790895067532,GASEOSA COLA ZERO COCA COLA PET X 500 CC,1959.0,,,,,,,
2026-08-08,sepa,Express,gaseosa-cola-zero,7790895067556,GASEOSA COLA SIN AZUCAR COCA COLA PET X 1.5LT,3799.0,,,,,,,
2026-08-08,sepa,Express,gaseosa-cola-zero,7790895067570,GASEOSA COLA ZERO COCA COLA PET X 2.25 LT,5300.0,,,,,,,
2026-08-08,sepa,Express,gaseosa-cola-zero,7790895067587,GASEOSA COLA SIN AZUCAR COCA COLA LATA X 354 CC,2525.0,,,,,,,
2026-08-08,sepa,Express,detergente,7790990003022,DETERGENTE ULTRA LIMON MAGISTRAL BOT X 300 CC,2669.0,,,,,,,
2026-08-08,sepa,Express,detergente,7790990003039,DETERGENTE ULTRA LIMON MAGISTRAL BOT X 500 CC,4315.0,,,,,,,
2026-08-08,sepa,Express,detergente,7790990003046,DETERGENTE ULTRA LIMON MAGISTRAL BOT X 750 CC,7779.0,,,,,,,
2026-08-08,sepa,Express,detergente,7790990003787,DETERGENTE ULTRA LIMON MAGISTRAL DP X 450 CC,4445.0,,,,,,,
2026-08-08,sepa,Express,lavandina,7791290793804,LIMPIADOR EN GEL C LAVANDINA CIF X 513G,3760.0,,,,,,,
2026-08-08,sepa,Express,detergente,7791290794054,DETERGENTE BIOACTIVE LIMON CIF X 300 CC,2710.0,,,,,,,
2026-08-08,sepa,Express,detergente,7791290794061,DETERGENTE BIOACTIVE LIMON CIF X 500 CC,4005.0,,,,,,,
2026-08-08,sepa,Express,detergente,7791290794085,DETERGENTE BIOACTIVE LIMON CIF REPUESTO X 450 CC,3965.0,,,,,,,
2026-08-08,sepa,Express,detergente,7791290794115,DETERGENTE BIOACTIVE LIMA CIF X 500 CC,4005.0,,,,,,,
2026-08-08,sepa,Express,detergente,7791290796706,DETERGENTE ACTIVE GEL ORIG CIF BOT X 500 CC,5615.0,,,,,,,
2026-08-08,sepa,Express,rollo-cocina,7791720002605,ROLLO DE COCINA CARREFOUR ESSENTIAL 3 X 40 PANOS,2350.0,,,,,,,
2026-08-08,sepa,Express,rollo-cocina,7791720025543,ROLLO DE COCINA MAXI BLANCO CARREFOUR X 200 PANOS,2850.0,,,,,,,
2026-08-08,sepa,Express,yogur-natural-sin-azucar,7791720048122,YOGUR NATURAL CARREFOUR EXTRA FRASCO X 200 GR,2750.0,,,,,,,
2026-08-08,sepa,Express,yogur-natural-sin-azucar,7791720048139,YOGUR NATURAL CARREFOUR CLASSIC POTE 300 X GR,3090.0,,,,,,,
2026-08-08,sepa,Express,gaseosa-cola-zero,7791813828365,GASEOSA COLA BLACK PEPSI N PET X 500 CC.,2159.0,,,,,,,
2026-08-08,sepa,Express,gaseosa-cola-zero,7791813828419,GASEOSA COLA BLACK PEPSI NF PET X 1.5 LT,4120.0,,,,,,,
2026-08-08,sepa,Express,gaseosa-cola-zero,7791813828464,GASEOSA COLA BLACK PEPSI N PET X 2 LT,4689.0,,,,,,,
2026-08-08,sepa,Express,rollo-cocina,7791828900377,ROLLO DE COCINA MAXIROLLO FELPITA X 200 PANOS,3165.0,,,,,,,
2026-08-08,sepa,Express,lavandina,7791905000020,LAVANDINA CONCENTRADA QUERUBIN X 1 LT,1670.0,,,,,,,
2026-08-08,sepa,Express,lavandina,7791905023203,LAVANDINA ORIGINAL ODEX X 1 LT,1335.0,,,,,,,
2026-08-08,sepa,Express,lavandina,7791905023210,LAVANDINA ORIGINAL ODEX X 2 LT,2535.0,,,,,,,
2026-08-08,sepa,Express,lavandina,7793253003715,LAVANDINA MULTISUP LAVANDA TRIPLE PODER AYUDIN X1L,1989.0,,,,,,,
2026-08-08,sepa,Express,lavandina,7793253003722,LAVANDINA MULTISUP LAVANDA TRIPLE PODER AYUDIN X2L,3750.0,,,,,,,
2026-08-08,sepa,Express,lavandina,7793253003746,LAVANDINA MULTI PU GLACIAR TRIPLE PODER AYUDIN X1L,1989.0,,,,,,,
2026-08-08,sepa,Express,lavandina,7793253003777,LAVANDINA ANTISPLASH TRADICIONAL AYUDIN X 1 LT,2309.0,,,,,,,
2026-08-08,sepa,Express,lavandina,7793253003791,LAVANDINA EN GEL ORIGINAL AYUDIN BOTELLA X 700 CC,3699.0,,,,,,,
2026-08-08,sepa,Express,lavandina,7793253003807,LAVANDINA EN GEL CITRUS AYUDIN BOTELLA X 700 CC,3699.0,,,,,,,
2026-08-08,sepa,Express,lavandina,7793253003838,LAVANDINA EN GEL LAVANDA AYUDIN X 700 CC,3699.0,,,,,,,
2026-08-08,sepa,Express,lavandina,7793253006709,LAVANDINA ORIGINAL DESINFECTANTE AYUDIN X 2 LT,3039.0,,,,,,,
2026-08-08,sepa,Express,rollo-cocina,7793344009206,ROLLO DE COCINA GIGANTE ELEGANTE X 200 PANOS,3189.0,,,,,,,
2026-08-08,sepa,Express,vinagre-alcohol,7798033332641,VINAGRE DE ALCOHOL CARREFOUR PET X 1 LT,1550.0,,,,,,,
2026-08-08,sepa,Express,atun-lomitos-natural,7798033333907,ATUN AL NATURAL LOMITOS CARREFOUR LATA X 170 GRS.,3490.0,,,,,,,
2026-08-08,sepa,Express,atun-lomitos-natural,7798108349161,ATUN AL NATURAL LOMITOS CARREFOUR LATA X 354 GRS,6450.0,,,,,,,
2026-08-08,sepa,Express,yogur-natural-sin-azucar,7798136870859,YOGUR NATURAL ESTILO GRIEGO DAHI FRASCO X 190 GRM,3389.0,,,,,,,
2026-08-08,sepa,Express,atun-lomitos-natural,7798152222151,ATUN AL NATURAL LOMITOS CARREFOUR 3 X 80 GRS,6150.0,,,,,,,
2026-08-08,sepa,Express,papel-higienico-doble-hoja,7798159717520,PAPEL HIGIENICO D HOJA DECO CARREFOUR 4 X 50 MTS,6090.0,,,,,,,
2026-08-08,sepa,Express,papel-higienico-doble-hoja,7798159718961,PAPEL HIGIENICO D HOJA CARREFOUR 4 X 30 MTS,3450.0,,,,,,,
2026-08-08,sepa,Express,ricotta,7798179070018,RICOTA G SILVIA X 500 GRS,3479.0,,,,,,,
2026-08-08,sepa,Express,leche-protein,7798338291803,LECHE C PROTEINA VIDA ACTIVA LAS TRES NINAS X 1LT,2950.0,,,,,,,
2026-08-08,sepa,Express,cafe-instantaneo,8445291311510,CAFE INSTANTANEO TRADICION NESCAFE X 100 GRS,9219.0,,,,,,,
2026-08-08,sepa,Express,cafe-instantaneo,8445291311558,CAFE INSTANTANEO SUAVE DOLCA DP X 100 GRS,6149.0,,,,,,,
2026-08-08,sepa,Express,capsulas-nespresso-starbucks,8445291363656,CAPSULAS CAFE HOUSE BLEND STARBUCKS X 10 UNI,17105.0,,,,,,,
2026-08-08,sepa,Express,cafe-instantaneo,8445291738775,CAFE INSTANTANEO GOLD NESCAFE FRASCO X 95 GRS,21350.0,,,,,,,
2026-08-08,sepa,HiperChangomas,desodorante-barra-hombre,33200197447,AYH DEO MASC ULTRAMX,14739.0,,,,,,,
2026-08-08,sepa,HiperChangomas,desodorante-barra-hombre,75083694,AXE STI BLUE LAVEND,8349.0,,,,,,,
2026-08-08,sepa,HiperChangomas,desodorante-barra-hombre,75083700,AXE STI AQUA CITRUS,8349.0,,,,,,,
2026-08-08,sepa,HiperChangomas,cafe-instantaneo,7613035379213,NESCAFE DESCAFEINADO,17239.0,,,,,,,
2026-08-08,sepa,HiperChangomas,cafe-instantaneo,7613036312752,NESCAFE PURO ESPRESS,23949.0,,,,,,,
2026-08-08,sepa,HiperChangomas,capsulas-nespresso-starbucks,7613036961448,STARB NESP COLMB 10U,17059.0,,,,,,,
2026-08-08,sepa,HiperChangomas,suprema-pollo,7790070036063,GDS SUPREMAS 360GR,10239.0,,,,,,,
2026-08-08,sepa,HiperChangomas,vinagre-alcohol,7790130000034,MENOYO VINAGRE ALCOH,1349.0,,,,,,,
2026-08-08,sepa,HiperChangomas,vinagre-alcohol,7790130000058,MENOYO VINAGRE DE ALCOHOL 1L,1689.0,,,,,,,
2026-08-08,sepa,HiperChangomas,lavandina,7790132098459,AYUDIN LAVANDINA ORIGINAL 1L,1479.0,,,,,,,
2026-08-08,sepa,HiperChangomas,vinagre-alcohol,7790139000424,CASALTA VINAGRE DE ALCOHOL 1.3L,2189.0,,,,,,,
2026-08-08,sepa,HiperChangomas,vinagre-alcohol,7790139003166,CASALTA VINAGRE DE A,1309.0,,,,,,,
2026-08-08,sepa,HiperChangomas,vinagre-alcohol,7790139101138,FAVINCO VINAGRE DE A,1669.0,,,,,,,
2026-08-08,sepa,HiperChangomas,queso-crema-light,7790244941605,BLANCREM DIETE 290GR,3719.0,,,,,,,
2026-08-08,sepa,HiperChangomas,queso-crema-light,7790244941612,BLANCREM DIETE 480GR,5589.0,,,,,,,
2026-08-08,sepa,HiperChangomas,papel-higienico-doble-hoja,7790250015536,HIGIENOL PAPEL HIGENICO PLUS DOBLE HOJA 30M 4U,3549.0,,,,,,,
2026-08-08,sepa,HiperChangomas,rollo-cocina,7790250056881,SUSSEX ROLLO DE COCINA CLASICO DOBLE HOJA 50 PANOS 3U,2829.0,,,,,,,
2026-08-08,sepa,HiperChangomas,rollo-cocina,7790250056898,SUSSEX PREM 3X60 PAN,4799.0,,,,,,,
2026-08-08,sepa,HiperChangomas,rollo-cocina,7790250057086,SUSSEX ROLLO DE COCINA HOJA SIMPLE 200 PANOS 1U,3319.0,,,,,,,
2026-08-08,sepa,HiperChangomas,papel-higienico-doble-hoja,7790250913368,HIGIENOL PH DH YAPA,9239.0,,,,,,,
2026-08-08,sepa,HiperChangomas,yerba-mananita,7790387015317,MANANITA YERBA MATE 1KG,5519.0,,,,,,,
2026-08-08,sepa,HiperChangomas,cafe-instantaneo,7790550029431,LPC INS FR CLAS 170G,13299.0,,,,,,,
2026-08-08,sepa,HiperChangomas,atun-lomitos-natural,7790580131364,LA CAMPAGNOLA ATUN LOMITO 170G,6029.0,,,,,,,
2026-08-08,sepa,HiperChangomas,vinagre-alcohol,7790673000188,FAVINCO VINA ALCO 5L,7799.0,,,,,,,
2026-08-08,sepa,HiperChangomas,ricotta,7790742102805,RICOTTA GARCIA BAJA EN SODIO X 500 G,4759.0,,,,,,,
2026-08-08,sepa,HiperChangomas,ricotta,7790742114204,GARCIA RICOTA SEMIGRASA BAJA EN SODIO 500G,4759.0,,,,,,,
2026-08-08,sepa,HiperChangomas,leche-protein,7790742358608,LA SERENISIMA LECHE PROTEIN 1L,2999.0,,,,,,,
2026-08-08,sepa,HiperChangomas,queso-crema-light,7790742373304,FINLANDIA QUESO UNTABLE LIGHT 290G,5479.0,,,,,,,
2026-08-08,sepa,HiperChangomas,yogur-natural-sin-azucar,7790787960934,ILOLAY YOG NAT 350GR,3549.0,,,,,,,
2026-08-08,sepa,HiperChangomas,gaseosa-cola-zero,7790895067570,COCA COLA GASEOSA ZERO 2.25L,5279.0,,,,,,,
2026-08-08,sepa,HiperChangomas,gaseosa-cola-zero,7790895067587,COCA COLA GASEOSA ZERO 354ML,2359.0,,,,,,,
2026-08-08,sepa,HiperChangomas,detergente,7790990003022,MAGISTRAL DETERGENTE ULTRA LIMON 300ML,2999.0,,,,,,,
2026-08-08,sepa,HiperChangomas,detergente,7790990003039,MAGISTRAL DETERGENTE ULTRA LIMON 500ML,4849.0,,,,,,,
2026-08-08,sepa,HiperChangomas,detergente,7790990003046,MAGISTRAL LIMON,7259.0,,,,,,,
2026-08-08,sepa,HiperChangomas,detergente,7790990003121,MAGISTRAL MARINA,2999.0,,,,,,,
2026-08-08,sepa,HiperChangomas,detergente,7790990003138,MAGISTRAL MARINA,4849.0,,,,,,,
2026-08-08,sepa,HiperChangomas,detergente,7790990003145,MAGISTRAL MARINA,7259.0,,,,,,,
2026-08-08,sepa,HiperChangomas,detergente,7790990003381,MAGISTRAL DETERGENTE PLATINUM LIMON 500ML,5969.0,,,,,,,
2026-08-08,sepa,HiperChangomas,detergente,7790990003404,MAGISTRAL LIMON,3349.0,,,,,,,
2026-08-08,sepa,HiperChangomas,detergente,7790990003411,MAGISTRAL DETERGENTE ULTRA LIMON CREMOSO 500ML,4849.0,,,,,,,
2026-08-08,sepa,HiperChangomas,detergente,7790990003787,MAGISTRAL DETERGENTE ULTRA LIMON 450ML,4149.0,,,,,,,
2026-08-08,sepa,HiperChangomas,detergente,7791290794054,CIF BIOACTIVE,2609.0,,,,,,,
2026-08-08,sepa,HiperChangomas,detergente,7791290794061,CIF DETERGENTE BIOACTIVE LIMON 500ML,4219.0,,,,,,,
2026-08-08,sepa,HiperChangomas,detergente,7791290794108,CIF LAVAVAJILL LIMA,2609.0,,,,,,,
2026-08-08,sepa,HiperChangomas,detergente,7791290794115,CIF DETERGENTE BIOACTIVE LIMA 500ML,4219.0,,,,,,,
2026-08-08,sepa,HiperChangomas,detergente,7791290796706,CIF ACTIVE GEL,5269.0,,,,,,,
2026-08-08,sepa,HiperChangomas,detergente,7791290796713,CIF ACTIVE GEL,7909.0,,,,,,,
2026-08-08,sepa,HiperChangomas,detergente,7791290796720,CIF ACTIVE GEL,4119.0,,,,,,,
2026-08-08,sepa,HiperChangomas,detergente,7791290796737,CIF ACTIVE GEL,5269.0,,,,,,,
2026-08-08,sepa,HiperChangomas,detergente,7791290796744,CIF ACTIVE GEL,7909.0,,,,,,,
2026-08-08,sepa,HiperChangomas,detergente,7791290796751,CIF ACTIVE GEL,4119.0,,,,,,,
2026-08-08,sepa,HiperChangomas,yogur-natural-sin-azucar,7791337007208,SER NATU CON AZU300G,4915.0,,,,,,,
2026-08-08,sepa,HiperChangomas,queso-crema-light,7791337009851,LSC QSO CREMA LIGHT,6045.0,,,,,,,
2026-08-08,sepa,HiperChangomas,yogur-natural-sin-azucar,7791337010932,YYS FIRM ENT NAT180G,2959.0,,,,,,,
2026-08-08,sepa,HiperChangomas,rollo-cocina,7791828900025,FELPIT DISNEY RC3X40,2369.0,,,,,,,
2026-08-08,sepa,HiperChangomas,papel-higienico-doble-hoja,7791828900049,FELPITA PAPEL HIGIENICO DOBLE HOJA 30M 4U,4269.0,,,,,,,
2026-08-08,sepa,HiperChangomas,rollo-cocina,7791828900377,FELPITA MAXI ROLLO DE COCINA DOBLE HOJA 200 PANOS 1U,3069.0,,,,,,,
2026-08-08,sepa,HiperChangomas,papel-higienico-doble-hoja,7791828900520,FELPITA PH12x30DH,12719.0,,,,,,,
2026-08-08,sepa,HiperChangomas,rollo-cocina,7791828900537,FELPITA ROLLO DE COCINA 60 PANOS 3U,2539.0,,,,,,,
2026-08-08,sepa,HiperChangomas,rollo-cocina,7791828900599,FELPITA RC 150 MAXI,2949.0,,,,,,,
2026-08-08,sepa,HiperChangomas,lavandina,7791905000020,QUERUBIN CONCENTRADA,1559.0,,,,,,,
2026-08-08,sepa,HiperChangomas,lavandina,7791905000037,QUERUBIN CONCENTRADA,2999.0,,,,,,,
2026-08-08,sepa,HiperChangomas,lavandina,7791905000372,QUERUBIN CONCENTRADA,5789.0,,,,,,,
2026-08-08,sepa,HiperChangomas,lavandina,7791905023203,ODEX LAVANDINA 1L,1259.0,,,,,,,
2026-08-08,sepa,HiperChangomas,lavandina,7793253003715,AYUDIN LAVANDINA TRIPLE PODER LAVANDA 1L,1819.0,,,,,,,
2026-08-08,sepa,HiperChangomas,lavandina,7793253003722,AYUDIN TRIPLE PODER,3469.0,,,,,,,
2026-08-08,sepa,HiperChangomas,lavandina,7793253003739,AYUDIN TRIPLE PODER,6919.0,,,,,,,
2026-08-08,sepa,HiperChangomas,lavandina,7793253003746,AYUDIN TRIPLE PODER,1819.0,,,,,,,
2026-08-08,sepa,HiperChangomas,lavandina,7793253003753,AYUDIN TRIPLE PODER,3469.0,,,,,,,
2026-08-08,sepa,HiperChangomas,lavandina,7793253003760,AYUDIN TRIPLE PODER,6919.0,,,,,,,
2026-08-08,sepa,HiperChangomas,lavandina,7793253003777,AYUDIN ANTI SPLASH T,2139.0,,,,,,,
2026-08-08,sepa,HiperChangomas,lavandina,7793253003784,AYUDIN ANTI SPLASH T,4149.0,,,,,,,
2026-08-08,sepa,HiperChangomas,lavandina,7793253003791,AYUDIN LAVANDINA EN GEL ORIGINAL 700ML,3419.0,,,,,,,
2026-08-08,sepa,HiperChangomas,lavandina,7793253003807,AYUDIN LAVANDINA EN GEL PUREZA CITRICA 700ML,3419.0,,,,,,,
2026-08-08,sepa,HiperChangomas,lavandina,7793253003814,AYUDIN LAVANDINA GEL,3419.0,,,,,,,
2026-08-08,sepa,HiperChangomas,lavandina,7793253003821,AYUDIN LAVANDINA EN,3419.0,,,,,,,
2026-08-08,sepa,HiperChangomas,lavandina,7793253003838,AYUDIN LAVANDINA EN,3419.0,,,,,,,
2026-08-08,sepa,HiperChangomas,lavandina,7793253003869,AYUDIN LAVAN ORIGINA,7179.0,,,,,,,
2026-08-08,sepa,HiperChangomas,lavandina,7793253003876,AYUDIN LAVANDINA GEL,7179.0,,,,,,,
2026-08-08,sepa,HiperChangomas,lavandina,7793253005856,AYUDIN LAVAN ORIGINA,2899.0,,,,,,,
2026-08-08,sepa,HiperChangomas,lavandina,7793253005863,AYUDIN LAVANDINA GEL,2869.0,,,,,,,
2026-08-08,sepa,HiperChangomas,lavandina,7793253006709,AYUDIN LAVANDINA ORIGINAL 2L,2809.0,,,,,,,
2026-08-08,sepa,HiperChangomas,lavandina,7793253006716,AYUDIN LAVAN ORIGINA,5619.0,,,,,,,
2026-08-08,sepa,HiperChangomas,lavandina,7793253007263,AYUDIN ANTI SPLASH E,7949.0,,,,,,,
2026-08-08,sepa,HiperChangomas,rollo-cocina,7793344009206,ELEGANTE ROLLO DE COCINA 200 PANOS,2829.0,,,,,,,
2026-08-08,sepa,HiperChangomas,rollo-cocina,7793344009305,ELEGANTE RC 3X100P,5109.0,,,,,,,
2026-08-08,sepa,HiperChangomas,rollo-cocina,7793344904013,ELEGANTE ROLLO DE COCINA 3X50 HOJAS,2839.0,,,,,,,
2026-08-08,sepa,HiperChangomas,yogur-natural-sin-azucar,7793913002423,TREG ENT BAT NAT140G,2019.0,,,,,,,
2026-08-08,sepa,HiperChangomas,queso-crema-light,7793913013214,TREG QSO CREMA LIGHT,3059.0,,,,,,,
2026-08-08,sepa,HiperChangomas,queso-crema-light,7793913013412,TREGA QSO CREMA DESC,4019.0,,,,,,,
2026-08-08,sepa,HiperChangomas,queso-crema-light,7793913013641,CHATEL QSO DESCR180G,2969.0,,,,,,,
2026-08-08,sepa,HiperChangomas,ricotta,7793913013665,TREG RICOT ENTER290G,3639.0,,,,,,,
2026-08-08,sepa,HiperChangomas,ricotta,7793913013672,TREG RICOT LIGHT290G,3639.0,,,,,,,
2026-08-08,sepa,HiperChangomas,queso-crema-light,7794820015018,MILKAU QSO LIGHT190G,3519.0,,,,,,,
2026-08-08,sepa,HiperChangomas,queso-crema-light,7794820903094,CREMATTO BALANCE285G,5079.0,,,,,,,
2026-08-08,sepa,HiperChangomas,yogur-natural-sin-azucar,7794820903612,MILKAUT YOGUR ENTERO NATURAL CREMOSO 300G,3879.0,,,,,,,
2026-08-08,sepa,HiperChangomas,yogur-natural-sin-azucar,7794820903711,MILK YOG NAT BALANCE,3719.0,,,,,,,
2026-08-08,sepa,HiperChangomas,queso-crema-light,7794990879663,LA PAULINA QUESO CREMA LIGHT 290G,3429.0,,,,,,,
2026-08-08,sepa,HiperChangomas,queso-crema-light,7798060854352,PATAGON QSO REDU180G,2979.0,,,,,,,
2026-08-08,sepa,HiperChangomas,lavandina,7798131250380,HEROE LAVANDINA,1069.0,,,,,,,
2026-08-08,sepa,HiperChangomas,lavandina,7798131250397,HEROE LAVANDINA,2089.0,,,,,,,
2026-08-08,sepa,HiperChangomas,yogur-natural-sin-azucar,7798136870545,DAHI YOGUR FIRME NATURAL SIN AZUCAR 190G,2619.0,,,,,,,
2026-08-08,sepa,HiperChangomas,yogur-natural-sin-azucar,7798136870743,DAHI PROBIO NAT 190G,3159.0,,,,,,,
2026-08-08,sepa,HiperChangomas,yogur-natural-sin-azucar,7798136870859,DAHI YOGUR GRIEGO NATURAL 190G,3159.0,,,,,,,
2026-08-08,sepa,HiperChangomas,ricotta,7798179070018,SILVIA RICOTTA 500GR,3159.0,,,,,,,
2026-08-08,sepa,HiperChangomas,cafe-instantaneo,7798196990016,SEGA CAF INS PR 100G,18959.0,,,,,,,
2026-08-08,sepa,HiperChangomas,cafe-instantaneo,7798196990047,SEGA LIOFIL FRASCO,20479.0,,,,,,,
2026-08-08,sepa,HiperChangomas,queso-crema-light,7798312320567,CLARA QSO BLANCO LIG,2999.0,,,,,,,
2026-08-08,sepa,HiperChangomas,leche-protein,7798338291803,LAS TRES NINAS LECHE DESCREMADA CON PROTEINA 1L,2759.0,,,,,,,
2026-08-08,sepa,HiperChangomas,cafe-instantaneo,7891000426937,NESCAFE ICE 100G,10389.0,,,,,,,
2026-08-08,sepa,HiperChangomas,capsulas-nespresso-starbucks,8445290154125,STARBUCKS CAFE EN CAPSULAS NESPRESSO CARAMEL 10U,17059.0,,,,,,,
2026-08-08,sepa,HiperChangomas,capsulas-nespresso-starbucks,8445290814425,SBUX BLND ESPRS DECA,17059.0,,,,,,,
2026-08-08,sepa,HiperChangomas,cafe-instantaneo,8445291311510,NESCAFE NESTLE CAFE INSTANTANEO TRADICION 100G,9109.0,,,,,,,
2026-08-08,sepa,HiperChangomas,cafe-instantaneo,8445291738775,NESCAFE CAFE INSTANTANEO GOLD SIGNATURE 95G,21089.0,,,,,,,
2026-08-08,sepa,HiperChangomas,capsulas-nespresso-starbucks,8445291786721,SBUX CHOC HAZEL 51GR,17059.0,,,,,,,
2026-08-08,sepa,Hipermercado Carrefour,desodorante-barra-hombre,33200197447,ANTITRANS ULTRAMAX SPORT ARM HAMMER STICK X73GRS,12086.15,14219.0,,,,,Promo A valida desde el 06/08/2026 hasta 12/08/2026,
2026-08-08,sepa,Hipermercado Carrefour,desodorante-barra-hombre,7500435213882,ANTITRANSP BARRA COCONUT SECRET X 45 GRM,12800.0,,,,,,,
2026-08-08,sepa,Hipermercado Carrefour,desodorante-barra-hombre,7501001163983,ANTITRANSPIRANTE BARRA FRESH OLD SPICE X 50 GRS,9949.0,,,,,,,
2026-08-08,sepa,Hipermercado Carrefour,desodorante-barra-hombre,75083694,DESODORANTE STICK BLUE LAVENDER AXE X 58 GRM,8709.0,,,,,,,
2026-08-08,sepa,Hipermercado Carrefour,desodorante-barra-hombre,75083700,DESODORANTE STICK AQUA CITRUS AXE X 58 GRM,8709.0,,,,,,,
2026-08-08,sepa,Hipermercado Carrefour,cafe-instantaneo,7613035379213,CAFE DESCAFEINADO INSTANTANEO NESCAFE X 100 GRS,16535.0,,,,,,,
2026-08-08,sepa,Hipermercado Carrefour,cafe-instantaneo,7613036312752,CAFE INSTANTANEO EXPRESSO GOLD NESCAFE X 100 GRS,24475.0,,,,,,,
2026-08-08,sepa,Hipermercado Carrefour,capsulas-nespresso-starbucks,7613036961004,CAPSULAS CAFE BLOND ESPRESSO STARBUCKS X 10 UNI,17765.0,,,,,,,
2026-08-08,sepa,Hipermercado Carrefour,capsulas-nespresso-starbucks,7613036961448,CAPSULA CAFE NESPRESSO STARBUCKS COLOMBIA X 57 GRS,19200.0,,,,,,,
2026-08-08,sepa,Hipermercado Carrefour,suprema-pollo,7790070036063,SUPREMAS DE POLLO GRANJA DEL SOL BOLSA X 360 GRS,10665.0,,,,,,,
2026-08-08,sepa,Hipermercado Carrefour,vinagre-alcohol,7790130000034,VINAGRE DE ALCOHOL MENOYO PET X 500 CC,1379.0,,,,,,,
2026-08-08,sepa,Hipermercado Carrefour,vinagre-alcohol,7790130000058,VINAGRE DE ALCOHOL MENOYO PET X 1 LT,1750.0,,,,,,,
2026-08-08,sepa,Hipermercado Carrefour,vinagre-alcohol,7790130000102,VINAGRE DE ALCOHOL MENOYO BIDON X 5 LT,9830.0,,,,,,,
2026-08-08,sepa,Hipermercado Carrefour,vinagre-alcohol,7790130000263,VINAGRE DE ALCOHOL ALCAZAR PET 500 CC,1119.0,,,,,,,
2026-08-08,sepa,Hipermercado Carrefour,vinagre-alcohol,7790130000294,VINAGRE DE ALCOHOL ALCAZAR PET X 1 LT,1319.0,,,,,,,
2026-08-08,sepa,Hipermercado Carrefour,vinagre-alcohol,7790130000645,VINAGRE DE ALCOHOL MENOYO PET X 250 CC,1145.0,,,,,,,
2026-08-08,sepa,Hipermercado Carrefour,lavandina,7790132098459,LAVANDINA ORIGINAL AYUDIN X 1 LT,1279.0,,,,,,,
2026-08-08,sepa,Hipermercado Carrefour,vinagre-alcohol,7790139003166,VINAGRE DE ALCOHOL CLASICO CASALTA PET X500 CC,1205.0,,,,,,,
2026-08-08,sepa,Hipermercado Carrefour,vinagre-alcohol,7790139101138,VINAGRE DE ALCOHOL FAVINCO PET X 1 LT,1589.0,,,,,,,
2026-08-08,sepa,Hipermercado Carrefour,cafe-instantaneo,7790150100462,INSTANTANEO CLASICO ESP INST LA VIRGINIA DP 170GR,8039.0,,,,,,,
2026-08-08,sepa,Hipermercado Carrefour,cafe-instantaneo,7790150100486,CAFE INSTANTANEO ESP INST CLAS LA VIRGINIA X 170GR,8089.0,,,,,,,
2026-08-08,sepa,Hipermercado Carrefour,cafe-instantaneo,7790150100783,CAFE INSTANTANEO ESP INST CLAS LA VIRGINIA X 100GR,5859.0,,,,,,,
2026-08-08,sepa,Hipermercado Carrefour,cafe-instantaneo,7790150100806,CAFE INSTANTANEO CLASICO LA VIRGINA DP X 100 GRS,5150.0,,,,,,,
2026-08-08,sepa,Hipermercado Carrefour,cafe-instantaneo,7790150101476,CAFE INSTANTANEO SUAVE LA VIRGINA DOYPACK X 170GRS,8050.0,,,,,,,
2026-08-08,sepa,Hipermercado Carrefour,cafe-instantaneo,7790150101490,CAFE INSTANTANEO SUAVE LA VIRGINIA FRASCO X 170 GR,9215.0,,,,,,,
2026-08-08,sepa,Hipermercado Carrefour,cafe-instantaneo,7790150101773,CAFE INSTANTANEO SUAVE LA VIRGINIA FRASCO X 100GRS,5859.0,,,,,,,
2026-08-08,sepa,Hipermercado Carrefour,cafe-instantaneo,7790150101780,CAFE INSTANTANEO SUAVE LA VIRGINA DP X 100 GRS,5139.0,,,,,,,
2026-08-08,sepa,Hipermercado Carrefour,cafe-instantaneo,7790150150573,CAFE INSTANTANEO TOSTADO LA VIRGINIA FRASCO 100GR,8259.0,,,,,,,
2026-08-08,sepa,Hipermercado Carrefour,cafe-instantaneo,7790170904798,CAFE INSTANTANEO LA MORENITA FRASCO X 100 GRS,6350.0,,,,,,,
2026-08-08,sepa,Hipermercado Carrefour,queso-crema-light,7790244941605,QUESO CREMA LIGTH SAN IGNACIO POTE X 290 GR,3203.65,3769.0,,,,,Promo A valida desde el 06/08/2026 hasta 12/08/2026,
2026-08-08,sepa,Hipermercado Carrefour,queso-crema-light,7790244941612,QUESO CREMA LIGHT SAN IGNACIO POTE X480 GRS,4818.65,5669.0,,,,,Promo A valida desde el 06/08/2026 hasta 12/08/2026,
2026-08-08,sepa,Hipermercado Carrefour,papel-higienico-doble-hoja,7790250015536,PAPEL HIGIENICO D HOJA PLUS HIGIENOL 4 X 30 MTS,3435.0,,,,,,,
2026-08-08,sepa,Hipermercado Carrefour,papel-higienico-doble-hoja,7790250015567,PAPEL HIGIENICO DOBLE HOJA PLUS HIGIENOL 4 X 20 MT,3149.0,,,,,,,
2026-08-08,sepa,Hipermercado Carrefour,papel-higienico-doble-hoja,7790250019411,PAPEL HIGIENICO DH PLUS HIGIENOL 30M X 18,15510.0,,,,,,,
2026-08-08,sepa,Hipermercado Carrefour,papel-higienico-doble-hoja,7790250026075,PAPEL HIGIENICO D H ULTRA SUAVE ELITE 4 X 30 MTS,4399.0,,,,,,,
2026-08-08,sepa,Hipermercado Carrefour,papel-higienico-doble-hoja,7790250026082,PAPEL HIGIENICO ULTRA SOFT D HOJA ELITE 4 X 50 MTS,10349.0,,,,,,,
2026-08-08,sepa,Hipermercado Carrefour,rollo-cocina,7790250056881,ROLLO DE COCINA CLASICO SUSSEX 3 X 50 PAN,2920.0,2929.0,,,,,Promo A valida desde el 04/08/2026 hasta 10/08/2026,
2026-08-08,sepa,Hipermercado Carrefour,rollo-cocina,7790250056898,ROLLO DE COCINA ULTRA SUSSEX 60P X 3 UNI,4980.0,,,,,,,
2026-08-08,sepa,Hipermercado Carrefour,rollo-cocina,7790250056980,ROLLO DE COCINA MAXI SUSSEX 3 X 100 PAN,7489.0,,,,,,,
2026-08-08,sepa,Hipermercado Carrefour,rollo-cocina,7790250057086,ROLLO COCINA CLASICO MEGA SUSSEX X 200 PANOS,3350.0,,,,,,,
2026-08-08,sepa,Hipermercado Carrefour,papel-higienico-doble-hoja,7790250092452,PAPEL HIGIENICO DOBLE HOJA NOBLE 4 X 30 M,3669.0,,,,,,,
2026-08-08,sepa,Hipermercado Carrefour,papel-higienico-doble-hoja,7790250913368,PAPEL HIGIENICO DH CON YAPA HIGIENOL 50M X 4 UNI,9529.0,,,,,,,
2026-08-08,sepa,Hipermercado Carrefour,yerba-mananita,7790387015317,YERBA MATE BAJO POLVO MANANITA 4FLEX X 1 KG,4749.0,,,,,,,
2026-08-08,sepa,Hipermercado Carrefour,yerba-mananita,7790387015324,YERBA MATE BAJO POLVO MANANITA 4FLEX X 500 GRS,2379.0,,,,,,,
2026-08-08,sepa,Hipermercado Carrefour,cafe-instantaneo,7790550029431,CAFE INSTANTANEO CLASICO LA PLANTA FRASCO X 170 GR,13709.0,,,,,,,
2026-08-08,sepa,Hipermercado Carrefour,atun-lomitos-natural,7790580131364,ATUN AL NATURAL LOMITOS LA CAMPAGNOLA X 170 GRS,5745.0,,,,,,,
2026-08-08,sepa,Hipermercado Carrefour,vinagre-alcohol,7790673000188,VINAGRE DE ALCOHOL FAVINCO BIDON X 5 LT,8129.0,,,,,,,
2026-08-08,sepa,Hipermercado Carrefour,ricotta,7790742102805,RICOTTA ENTERA B SODIO GARCIA SACHET X 500 GRS,4699.0,,,,,,,
2026-08-08,sepa,Hipermercado Carrefour,ricotta,7790742114204,RICOTTA SEMIGRASA BAJO SODIO GARCIA X 500 GRS,4755.0,,,,,,,
2026-08-08,sepa,Hipermercado Carrefour,leche-protein,7790742358608,LECHE UAT DESC S LACT PROTEIN LA SERENISIMA BOTX1L,2999.0,,,,,,,
2026-08-08,sepa,Hipermercado Carrefour,queso-crema-light,7790742373304,QUESO FUNDIDO FINLANDIA LIGHT POTE 290 GRS,5479.0,,,,,,,
2026-08-08,sepa,Hipermercado Carrefour,yogur-natural-sin-azucar,7790787960934,YOGUR CREMOSO SAB NATURAL ILOLAY POTE X 350 G,3144.15,3699.0,,,,,Promo A valida desde el 06/08/2026 hasta 12/08/2026,
2026-08-08,sepa,Hipermercado Carrefour,gaseosa-cola-zero,7790895067532,GASEOSA COLA ZERO COCA COLA PET X 500 CC,2450.0,,,,,,,
2026-08-08,sepa,Hipermercado Carrefour,gaseosa-cola-zero,7790895067556,GASEOSA COLA SIN AZUCAR COCA COLA PET X 1.5LT,3979.0,,,,,,,
2026-08-08,sepa,Hipermercado Carrefour,gaseosa-cola-zero,7790895067570,GASEOSA COLA ZERO COCA COLA PET X 2.25 LT,5300.0,,,,,,,
2026-08-08,sepa,Hipermercado Carrefour,gaseosa-cola-zero,7790895067587,GASEOSA COLA SIN AZUCAR COCA COLA LATA X 354 CC,2359.0,,,,,,,
2026-08-08,sepa,Hipermercado Carrefour,gaseosa-cola-zero,7790895640438,GASEOSA COLA SIN AZUCAR COCA COLA PET X 3 LT,6650.0,,,,,,,
2026-08-08,sepa,Hipermercado Carrefour,detergente,7790990003022,DETERGENTE ULTRA LIMON MAGISTRAL BOT X 300 CC,2459.0,,,,,,,
2026-08-08,sepa,Hipermercado Carrefour,detergente,7790990003039,DETERGENTE ULTRA LIMON MAGISTRAL BOT X 500 CC,4389.0,,,,,,,
2026-08-08,sepa,Hipermercado Carrefour,detergente,7790990003046,DETERGENTE ULTRA LIMON MAGISTRAL BOT X 750 CC,6035.0,,,,,,,
2026-08-08,sepa,Hipermercado Carrefour,detergente,7790990003053,DETERGENTE ULTRA LIMON MAGISTRAL BOT 1400ML,13990.0,,,,,,,
2026-08-08,sepa,Hipermercado Carrefour,detergente,7790990003121,DETERGENTE ULTRA MARINA MAGISTRAL BOT X 300 CC,2459.0,,,,,,,
2026-08-08,sepa,Hipermercado Carrefour,detergente,7790990003138,DETERGENTE ULTRA MARINA MAGISTRAL BOT X 500 CC,4559.0,,,,,,,
2026-08-08,sepa,Hipermercado Carrefour,detergente,7790990003145,DETERGENTE ULTRA MARINA MAGISTRAL BOT X 750 CC,6035.0,,,,,,,
2026-08-08,sepa,Hipermercado Carrefour,detergente,7790990003381,DETERGENTE LIMON MAGISTRAL PLATINUM X 500 CC,6159.0,,,,,,,
2026-08-08,sepa,Hipermercado Carrefour,detergente,7790990003404,DETERGENTE CREMOSO ULTRA LIMON BOT X 300 CC,3450.0,,,,,,,
2026-08-08,sepa,Hipermercado Carrefour,detergente,7790990003411,DETERGENTE CREM ULTRA LIMON MAGISTRAL BOT X 500CC,4559.0,,,,,,,
2026-08-08,sepa,Hipermercado Carrefour,detergente,7790990003787,DETERGENTE ULTRA LIMON MAGISTRAL DP X 450 CC,4039.0,,,,,,,
2026-08-08,sepa,Hipermercado Carrefour,rollo-cocina,7791070005806,ROLLO DE COCINA CELESTIAL 3 X 50 PANOS,3189.0,,,,,,,
2026-08-08,sepa,Hipermercado Carrefour,lavandina,7791290793804,LIMPIADOR EN GEL C LAVANDINA CIF X 513G,3669.0,,,,,,,
2026-08-08,sepa,Hipermercado Carrefour,detergente,7791290794054,DETERGENTE BIOACTIVE LIMON CIF X 300 CC,2329.0,,,,,,,
2026-08-08,sepa,Hipermercado Carrefour,detergente,7791290794061,DETERGENTE BIOACTIVE LIMON CIF X 500 CC,3729.0,,,,,,,
2026-08-08,sepa,Hipermercado Carrefour,detergente,7791290794078,DETERGENTE BIOACTIVE LIMON CIF X 750 CC,6590.0,,,,,,,
2026-08-08,sepa,Hipermercado Carrefour,detergente,7791290794085,DETERGENTE BIOACTIVE LIMON CIF REPUESTO X 450 CC,2855.0,,,,,,,
2026-08-08,sepa,Hipermercado Carrefour,detergente,7791290794092,DETERGENTE BIOACTIVE LIMA CIF RESPUESTO X 450 CC,2855.0,,,,,,,
2026-08-08,sepa,Hipermercado Carrefour,detergente,7791290794108,DETERGENTE BIOACTIVE LIMA CIF X 300 CC,2329.0,,,,,,,
2026-08-08,sepa,Hipermercado Carrefour,detergente,7791290794115,DETERGENTE BIOACTIVE LIMA CIF X 500 CC,3729.0,,,,,,,
2026-08-08,sepa,Hipermercado Carrefour,lavandina,7791290794955,LAVANDINA EN GEL ORIGINAL VIM X 700 CC,3500.0,,,,,,,
2026-08-08,sepa,Hipermercado Carrefour,detergente,7791290796706,DETERGENTE ACTIVE GEL ORIG CIF BOT X 500 CC,4850.0,,,,,,,
2026-08-08,sepa,Hipermercado Carrefour,detergente,7791290796720,DETERGENTE ACTIVE GEL ORIG CIF DP X 400 CC,4289.0,,,,,,,
2026-08-08,sepa,Hipermercado Carrefour,detergente,7791290796737,DETERGENTE ACTIVE GEL LIMON CIF BOT X 500 CC,4850.0,,,,,,,
2026-08-08,sepa,Hipermercado Carrefour,detergente,7791290796744,DETERGENTE ACTIVE GEL LIMON CIF BOT X 750 CC,8229.0,,,,,,,
2026-08-08,sepa,Hipermercado Carrefour,detergente,7791290796751,DETERGENTE ACTIVE GEL LIMON CIF DP X 400 CC,4289.0,,,,,,,
2026-08-08,sepa,Hipermercado Carrefour,yogur-natural-sin-azucar,7791337007208,YOGUR NATURAL S LACTOSA SER POTE X 300 GR,4915.0,,,,,,,
2026-08-08,sepa,Hipermercado Carrefour,queso-crema-light,7791337009851,QUESO CREMA LIGHT LA SERENISIMA POTE X 460 GRS,6045.0,,,,,,,
2026-08-08,sepa,Hipermercado Carrefour,yogur-natural-sin-azucar,7791337010932,YOGUR GRIEGO FIR NATURAL YOGURISIMO POTE X 180 GR,2950.0,,,,,,,
2026-08-08,sepa,Hipermercado Carrefour,rollo-cocina,7791720002605,ROLLO DE COCINA CARREFOUR ESSENTIAL 3 X 40 PANOS,2350.0,,,,,,,
2026-08-08,sepa,Hipermercado Carrefour,rollo-cocina,7791720025543,ROLLO DE COCINA MAXI BLANCO CARREFOUR X 200 PANOS,2490.0,2850.0,,,,,Promo A valida desde el 04/08/2026 hasta 10/08/2026,
2026-08-08,sepa,Hipermercado Carrefour,queso-crema-light,7791720028506,QUESO CREMA LIGHT CARREFOUR CLASSIC X 290 GRS,3190.0,,,,,,,
2026-08-08,sepa,Hipermercado Carrefour,papel-higienico-doble-hoja,7791720032930,PAPEL HIGIENICO DH CARREFOUR ESSENTIAL 4X30 MTS,2990.0,3450.0,,,,,Promo A valida desde el 04/08/2026 hasta 10/08/2026,
2026-08-08,sepa,Hipermercado Carrefour,cafe-instantaneo,7791720035481,CAFE INSTANTANEO SUAVE CRF CLASSIC FRASCO X 170 GR,10650.0,,,,,,,
2026-08-08,sepa,Hipermercado Carrefour,vinagre-alcohol,7791720035955,VINAGRE DE ALCOHOL BULNEZ 1 LT,1190.0,,,,,,,
2026-08-08,sepa,Hipermercado Carrefour,vinagre-alcohol,7791720035962,VINAGRE DE ALCOHOL BULNEZ BIDON 5000 CC,5790.0,,,,,,,
2026-08-08,sepa,Hipermercado Carrefour,rollo-cocina,7791720045541,ROLLOS DE COCINA CARREFOUR ESSENTIAL 3 X 100 PANOS,4650.0,,,,,,,
2026-08-08,sepa,Hipermercado Carrefour,papel-higienico-doble-hoja,7791720045558,PAPEL HIG DOBLE HOJA CARREFOUR ESSENTIAL 4 X50MTS,5550.0,,,,,,,
2026-08-08,sepa,Hipermercado Carrefour,ricotta,7791720046951,RICOTTA ENTERA BULNEZ X 500 GRM,2966.5,3490.0,,,,,Promo A valida desde el 06/08/2026 hasta 12/08/2026,
2026-08-08,sepa,Hipermercado Carrefour,rollo-cocina,7791720047446,ROLLO DE COCINA DOBLE HOJA BULNEZ X 200 PANOS,2350.0,,,,,,,
2026-08-08,sepa,Hipermercado Carrefour,yogur-natural-sin-azucar,7791720048139,YOGUR NATURAL CARREFOUR CLASSIC POTE 300 X GR,2626.5,3090.0,,,,,Promo A valida desde el 06/08/2026 hasta 12/08/2026,
2026-08-08,sepa,Hipermercado Carrefour,gaseosa-cola-zero,7791813828365,GASEOSA COLA BLACK PEPSI N PET X 500 CC.,2200.0,,,,,,,
2026-08-08,sepa,Hipermercado Carrefour,gaseosa-cola-zero,7791813828419,GASEOSA COLA BLACK PEPSI NF PET X 1.5 LT,3950.0,,,,,,,
2026-08-08,sepa,Hipermercado Carrefour,gaseosa-cola-zero,7791813828464,GASEOSA COLA BLACK PEPSI N PET X 2 LT,4400.0,,,,,,,
2026-08-08,sepa,Hipermercado Carrefour,rollo-cocina,7791828000121,ROLLO COCINA PARA CADA DIA FELPITA 3 X 40 PANOS,2499.0,,,,,,,
2026-08-08,sepa,Hipermercado Carrefour,rollo-cocina,7791828900025,ROLLO DE COCINA DISNEY FELPITA 3 X 40 PANOS,3265.0,,,,,,,
2026-08-08,sepa,Hipermercado Carrefour,papel-higienico-doble-hoja,7791828900049,PAPEL HIGIENICO INFINITY FELPITA 4X30 MTS,4409.0,,,,,,,
2026-08-08,sepa,Hipermercado Carrefour,rollo-cocina,7791828900056,ROLLO DE COCINA BLANCO INFINITY FELPITA 3X100 MTS,5109.0,,,,,,,
2026-08-08,sepa,Hipermercado Carrefour,papel-higienico-doble-hoja,7791828900186,PAPEL HIGIENICO DH FELPITA PREMIUM 4X20 MTS,2940.0,,,,,,,
2026-08-08,sepa,Hipermercado Carrefour,papel-higienico-doble-hoja,7791828900278,PAPEL HIGIENICO D HOJA SUPER SUAVE FELPITA 6X30MTS,6405.0,,,,,,,
2026-08-08,sepa,Hipermercado Carrefour,papel-higienico-doble-hoja,7791828900285,PAPEL HIGIENICO DH INFINITY FELPITA 4 X 50 M,6860.0,,,,,,,
2026-08-08,sepa,Hipermercado Carrefour,rollo-cocina,7791828900377,ROLLO DE COCINA MAXIROLLO FELPITA X 200 PANOS,3069.0,,,,,,,
2026-08-08,sepa,Hipermercado Carrefour,papel-higienico-doble-hoja,7791828900520,PAPEL HIGIENICO DH FELPITA 12 X 30 MTS,14009.0,,,,,,,
2026-08-08,sepa,Hipermercado Carrefour,rollo-cocina,7791828900537,ROLLO DE COCINA PANO BLANCO FELPITA 3 X 60 UNI,2649.0,,,,,,,
2026-08-08,sepa,Hipermercado Carrefour,rollo-cocina,7791828900599,ROLLO DE COCINA MAXIROLLO FELPITA X 150 PANOS,3069.0,,,,,,,
2026-08-08,sepa,Hipermercado Carrefour,rollo-cocina,7791828900605,ROLLO DE COCINA FAMILIAR MAXIROLLO FELPITA 4 X 200,11039.0,,,,,,,
2026-08-08,sepa,Hipermercado Carrefour,lavandina,7791905000020,LAVANDINA CONCENTRADA QUERUBIN X 1 LT,1206.75,1609.0,,,,,Promo A valida desde el 06/08/2026 hasta 12/08/2026,
2026-08-08,sepa,Hipermercado Carrefour,lavandina,7791905003663,LAVANDINA ROPA BLANCA ADITIVADA QUERUBIN BOT X 1 L,2020.0,,,,,,,
2026-08-08,sepa,Hipermercado Carrefour,lavandina,7791905023203,LAVANDINA ORIGINAL ODEX X 1 LT,1295.0,,,,,,,
2026-08-08,sepa,Hipermercado Carrefour,lavandina,7791905023210,LAVANDINA ORIGINAL ODEX X 2 LT,2460.0,,,,,,,
2026-08-08,sepa,Hipermercado Carrefour,lavandina,7791905023227,LAVANDINA ORIGINAL ODEX X 4 LT,4809.0,,,,,,,
2026-08-08,sepa,Hipermercado Carrefour,lavandina,7791905024057,LAVANDINA ADITIVADA LAVANDA ODEX X 1 LT,1520.0,,,,,,,
2026-08-08,sepa,Hipermercado Carrefour,lavandina,7791905024064,LAVANDINA ADITIVADA LAVANDA ODEX X 2 LT,2810.0,,,,,,,
2026-08-08,sepa,Hipermercado Carrefour,lavandina,7791905024071,LAVANDINA ADITIVADA LAVANDA ODEX X 4 LT,4990.0,,,,,,,
2026-08-08,sepa,Hipermercado Carrefour,lavandina,7791905024095,LAVANDINA ADITIVADA BOSQUE ODEX X 2 LT,2810.0,,,,,,,
2026-08-08,sepa,Hipermercado Carrefour,lavandina,7791905024101,LAVANDINA ADITIVADA BOSQUE ODEX X 4 LT,4990.0,,,,,,,
2026-08-08,sepa,Hipermercado Carrefour,lavandina,7791905024248,LAVANDINA ADITIVADA EN GEL ORIGINAL ODEX X 700 CC,3000.0,,,,,,,
2026-08-08,sepa,Hipermercado Carrefour,lavandina,7793253003715,LAVANDINA MULTISUP LAVANDA TRIPLE PODER AYUDIN X1L,1909.0,,,,,,,
2026-08-08,sepa,Hipermercado Carrefour,lavandina,7793253003722,LAVANDINA MULTISUP LAVANDA TRIPLE PODER AYUDIN X2L,3465.0,,,,,,,
2026-08-08,sepa,Hipermercado Carrefour,lavandina,7793253003739,LAVANDINA MULTISUP LAVANDA TRIPLE PODER AYUDIN X4L,7179.0,,,,,,,
2026-08-08,sepa,Hipermercado Carrefour,lavandina,7793253003746,LAVANDINA MULTI PU GLACIAR TRIPLE PODER AYUDIN X1L,1909.0,,,,,,,
2026-08-08,sepa,Hipermercado Carrefour,lavandina,7793253003753,LAVANDINA MULTI PU GLACIAR TRIPLE PODER AYUDIN X2L,3465.0,,,,,,,
2026-08-08,sepa,Hipermercado Carrefour,lavandina,7793253003760,LAVANDINA MULTI PU GLACIAR TRIPLE PODER AYUDIN X4L,7179.0,,,,,,,
2026-08-08,sepa,Hipermercado Carrefour,lavandina,7793253003777,LAVANDINA ANTISPLASH TRADICIONAL AYUDIN X 1 LT,2225.0,,,,,,,
2026-08-08,sepa,Hipermercado Carrefour,lavandina,7793253003784,LAVANDINA ANTISPLASH TRADICIONAL AYUDIN X 2 LT,4185.0,,,,,,,
2026-08-08,sepa,Hipermercado Carrefour,lavandina,7793253003791,LAVANDINA EN GEL ORIGINAL AYUDIN BOTELLA X 700 CC,3519.0,,,,,,,
2026-08-08,sepa,Hipermercado Carrefour,lavandina,7793253003807,LAVANDINA EN GEL CITRUS AYUDIN BOTELLA X 700 CC,3519.0,,,,,,,
2026-08-08,sepa,Hipermercado Carrefour,lavandina,7793253003814,LAVANDINA EN GEL FLORAL AYUDIN BOTELLA X 700 CC,3519.0,,,,,,,
2026-08-08,sepa,Hipermercado Carrefour,lavandina,7793253003821,LAVANDINA EN GEL MENTA AYUDIN BOTELLA X 700 CC,3519.0,,,,,,,
2026-08-08,sepa,Hipermercado Carrefour,lavandina,7793253003838,LAVANDINA EN GEL LAVANDA AYUDIN X 700 CC,3519.0,,,,,,,
2026-08-08,sepa,Hipermercado Carrefour,lavandina,7793253003869,LAVANDINA EN GEL ORIGINAL AYUDIN BOTELLA X 1.5 LT,8300.0,,,,,,,
2026-08-08,sepa,Hipermercado Carrefour,lavandina,7793253003876,LAVANDINA EN GEL PUREZA CITRICA AYUDIN X 1.5 LT,8300.0,,,,,,,
2026-08-08,sepa,Hipermercado Carrefour,lavandina,7793253005856,LAVANDINA EN GEL ORIGINAL AYUDIN BOTELLA X 500 CC,2989.0,,,,,,,
2026-08-08,sepa,Hipermercado Carrefour,lavandina,7793253005863,LAVANDINA EN GEL CITRICA AYUDIN X 500 CC,2985.0,,,,,,,
2026-08-08,sepa,Hipermercado Carrefour,lavandina,7793253006709,LAVANDINA ORIGINAL DESINFECTANTE AYUDIN X 2 LT,2609.0,,,,,,,
2026-08-08,sepa,Hipermercado Carrefour,lavandina,7793253006716,LAVANDINA ORIGINAL DESINFECTANTE AYUDIN X 4 LT,5789.0,,,,,,,
2026-08-08,sepa,Hipermercado Carrefour,lavandina,7793253007263,LAVANDINA ANTISPLASH AYUDIN X 4 L,8280.0,,,,,,,
2026-08-08,sepa,Hipermercado Carrefour,papel-higienico-doble-hoja,7793344000517,PAPEL HIGIENICO D HOJA ELEGANTE 4 X 30 MT,3110.0,,,,,,,
2026-08-08,sepa,Hipermercado Carrefour,rollo-cocina,7793344009206,ROLLO DE COCINA GIGANTE ELEGANTE X 200 PANOS,2839.0,,,,,,,
2026-08-08,sepa,Hipermercado Carrefour,rollo-cocina,7793344009305,ROLLOS DE COCINA ELEGANTE GIRAMAS 3 X 100 PAN,5319.0,,,,,,,
2026-08-08,sepa,Hipermercado Carrefour,rollo-cocina,7793344904013,ROLLO DE COCINA ELEGANTE 3 X 50 PANOS,2839.0,,,,,,,
2026-08-08,sepa,Hipermercado Carrefour,rollo-cocina,7793344904853,ROLLO DE COCINA PREMIUM ELEGANTE 3 X 60 PAN,1899.0,3429.0,,,,,Promo A valida desde el 07/08/2026 hasta 09/08/2026,
2026-08-08,sepa,Hipermercado Carrefour,yogur-natural-sin-azucar,7793913002423,YOGUR ENTERO NATURAL TREGAR POTE X 140 GRS.,2029.0,,,,,,,
2026-08-08,sepa,Hipermercado Carrefour,queso-crema-light,7793913013214,QUESO CREMA LIGHT TREGAR X 190 GRS,3190.0,,,,,,,
2026-08-08,sepa,Hipermercado Carrefour,ricotta,7793913013665,RICOTTA ENTERA BAJO SODIO TREGAR POTE X 290 GRS,3790.0,,,,,,,
2026-08-08,sepa,Hipermercado Carrefour,ricotta,7793913013672,RICOTTA MAGRA BAJO SODIO TREGAR POTE X 290 GRS,3769.0,,,,,,,
2026-08-08,sepa,Hipermercado Carrefour,queso-crema-light,7794820015018,QUESO FUNDIDO LIGHT TRAD MILKAUT POTE X 190 GRS,3379.0,,,,,,,
2026-08-08,sepa,Hipermercado Carrefour,queso-crema-light,7794820903094,QUESO UNTABLE LIGHT CREMATTO POTE MILKAUT X 285GRS,5069.0,,,,,,,
2026-08-08,sepa,Hipermercado Carrefour,yogur-natural-sin-azucar,7794820903612,YOGUR ENT NATURAL CREMOSO MILKAUT POTE X 300 G,3879.0,,,,,,,
2026-08-08,sepa,Hipermercado Carrefour,yogur-natural-sin-azucar,7794820903711,YOGUR DESC NATURAL CREMOSO MILKAUT POTE X 300G,3879.0,,,,,,,
2026-08-08,sepa,Hipermercado Carrefour,vinagre-alcohol,7798033332610,VINAGRE DE ALCOHOL CARREFOUR PET X 500 CC,1190.0,,,,,,,
2026-08-08,sepa,Hipermercado Carrefour,vinagre-alcohol,7798033332641,VINAGRE DE ALCOHOL CARREFOUR PET X 1 LT,1550.0,,,,,,,
2026-08-08,sepa,Hipermercado Carrefour,atun-lomitos-natural,7798033333907,ATUN AL NATURAL LOMITOS CARREFOUR LATA X 170 GRS.,3490.0,,,,,,,
2026-08-08,sepa,Hipermercado Carrefour,atun-lomitos-natural,7798108349161,ATUN AL NATURAL LOMITOS CARREFOUR LATA X 354 GRS,6450.0,,,,,,,
2026-08-08,sepa,Hipermercado Carrefour,yogur-natural-sin-azucar,7798136870545,YOGUR FIRME NATURAL DAHI FRASCO X 190 GRS,544.0,2720.0,,,,,Promo A valida desde el 07/08/2026 hasta 08/08/2026,
2026-08-08,sepa,Hipermercado Carrefour,yogur-natural-sin-azucar,7798136870859,YOGUR NATURAL ESTILO GRIEGO DAHI FRASCO X 190 GRM,3289.0,,,,,,,
2026-08-08,sepa,Hipermercado Carrefour,rollo-cocina,7798141718221,ROLLO DE COCINA CARREFOUR 3 X 50 PANOS,2390.0,,,,,,,
2026-08-08,sepa,Hipermercado Carrefour,atun-lomitos-natural,7798152222151,ATUN AL NATURAL LOMITOS CARREFOUR 3 X 80 GRS,6150.0,,,,,,,
2026-08-08,sepa,Hipermercado Carrefour,papel-higienico-doble-hoja,7798159717520,PAPEL HIGIENICO D HOJA DECO CARREFOUR 4 X 50 MTS,6090.0,,,,,,,
2026-08-08,sepa,Hipermercado Carrefour,rollo-cocina,7798159717537,ROLLO DE COCINA DECORADO CARREFOUR 3 X 50 PANOS,2750.0,,,,,,,
2026-08-08,sepa,Hipermercado Carrefour,papel-higienico-doble-hoja,7798159718961,PAPEL HIGIENICO D HOJA CARREFOUR 4 X 30 MTS,2990.0,3450.0,,,,,Promo A valida desde el 04/08/2026 hasta 10/08/2026,
2026-08-08,sepa,Hipermercado Carrefour,ricotta,7798179070018,RICOTA G SILVIA X 500 GRS,3285.0,,,,,,,
2026-08-08,sepa,Hipermercado Carrefour,cafe-instantaneo,7798196990016,CAFE SOLUBLE SEGAFREDO FRASCO X 100 GRS,19500.0,,,,,,,
2026-08-08,sepa,Hipermercado Carrefour,cafe-instantaneo,7798196990047,CAFE INSTANTANEO LIOFILIZADO SEGAFREDO X 100 GRS,22100.0,,,,,,,
2026-08-08,sepa,Hipermercado Carrefour,queso-crema-light,7798312320567,QUESO UNTABLE LIGHT SANTA CLARA POTE X 300 GRS,3099.0,,,,,,,
2026-08-08,sepa,Hipermercado Carrefour,yogur-natural-sin-azucar,7798327950193,YOGUR NATURAL S AZUCAR SIN TACC BEAUDROIT 400 GR,4855.0,,,,,,,
2026-08-08,sepa,Hipermercado Carrefour,leche-protein,7798338291803,LECHE C PROTEINA VIDA ACTIVA LAS TRES NINAS X 1LT,2865.0,,,,,,,
2026-08-08,sepa,Hipermercado Carrefour,cafe-instantaneo,7891000426937,CAFE INSTANTANEO ICED COFFEE NESCAFE X 100 GRS,10210.0,,,,,,,
2026-08-08,sepa,Hipermercado Carrefour,capsulas-nespresso-starbucks,8445290154125,CAPSULA CAFE NESPRESSO STARBUCKS CARAMEL X 51 GRS,16599.0,,,,,,,
2026-08-08,sepa,Hipermercado Carrefour,capsulas-nespresso-starbucks,8445290814425,CAPSULA CAFE NESPRESSO STARBUCKS DECAF X 55 GRS,16599.0,,,,,,,
2026-08-08,sepa,Hipermercado Carrefour,cafe-instantaneo,8445291311510,CAFE INSTANTANEO TRADICION NESCAFE X 100 GRS,8750.0,,,,,,,
2026-08-08,sepa,Hipermercado Carrefour,cafe-instantaneo,8445291311558,CAFE INSTANTANEO SUAVE DOLCA DP X 100 GRS,6149.0,,,,,,,
2026-08-08,sepa,Hipermercado Carrefour,capsulas-nespresso-starbucks,8445291363656,CAPSULAS CAFE HOUSE BLEND STARBUCKS X 10 UNI,15995.0,,,,,,,
2026-08-08,sepa,Hipermercado Carrefour,capsulas-nespresso-starbucks,8445291367272,CAPSULAS CAFE ESPRESSO ROAST STARBUCKS X 10 UNI,16599.0,,,,,,,
2026-08-08,sepa,Hipermercado Carrefour,cafe-instantaneo,8445291738775,CAFE INSTANTANEO GOLD NESCAFE FRASCO X 95 GRS,21969.0,,,,,,,
2026-08-08,sepa,Hipermercado Carrefour,capsulas-nespresso-starbucks,8445291786721,CAPSULAS CAFE CHOCO HAZELNUT STARBUCKS X 10 UNI,17589.0,,,,,,,
2026-08-08,sepa,Market,desodorante-barra-hombre,7501001163983,ANTITRANSPIRANTE BARRA FRESH OLD SPICE X 50 GRS,9949.0,,,,,,,
2026-08-08,sepa,Market,desodorante-barra-hombre,75083694,DESODORANTE STICK BLUE LAVENDER AXE X 58 GRM,8709.0,,,,,,,
2026-08-08,sepa,Market,desodorante-barra-hombre,75083700,DESODORANTE STICK AQUA CITRUS AXE X 58 GRM,8709.0,,,,,,,
2026-08-08,sepa,Market,cafe-instantaneo,7613035379213,CAFE DESCAFEINADO INSTANTANEO NESCAFE X 100 GRS,16535.0,,,,,,,
2026-08-08,sepa,Market,cafe-instantaneo,7613036312752,CAFE INSTANTANEO EXPRESSO GOLD NESCAFE X 100 GRS,24475.0,,,,,,,
2026-08-08,sepa,Market,capsulas-nespresso-starbucks,7613036961004,CAPSULAS CAFE BLOND ESPRESSO STARBUCKS X 10 UNI,17765.0,,,,,,,
2026-08-08,sepa,Market,suprema-pollo,7790070036063,SUPREMAS DE POLLO GRANJA DEL SOL BOLSA X 360 GRS,10665.0,,,,,,,
2026-08-08,sepa,Market,vinagre-alcohol,7790130000034,VINAGRE DE ALCOHOL MENOYO PET X 500 CC,1379.0,,,,,,,
2026-08-08,sepa,Market,vinagre-alcohol,7790130000058,VINAGRE DE ALCOHOL MENOYO PET X 1 LT,1750.0,,,,,,,
2026-08-08,sepa,Market,vinagre-alcohol,7790130000263,VINAGRE DE ALCOHOL ALCAZAR PET 500 CC,1119.0,,,,,,,
2026-08-08,sepa,Market,vinagre-alcohol,7790130000294,VINAGRE DE ALCOHOL ALCAZAR PET X 1 LT,1319.0,,,,,,,
2026-08-08,sepa,Market,vinagre-alcohol,7790130000645,VINAGRE DE ALCOHOL MENOYO PET X 250 CC,1145.0,,,,,,,
2026-08-08,sepa,Market,lavandina,7790132098459,LAVANDINA ORIGINAL AYUDIN X 1 LT,1279.0,,,,,,,
2026-08-08,sepa,Market,vinagre-alcohol,7790139003166,VINAGRE DE ALCOHOL CLASICO CASALTA PET X500 CC,1205.0,,,,,,,
2026-08-08,sepa,Market,vinagre-alcohol,7790139101138,VINAGRE DE ALCOHOL FAVINCO PET X 1 LT,1589.0,,,,,,,
2026-08-08,sepa,Market,cafe-instantaneo,7790150100486,CAFE INSTANTANEO ESP INST CLAS LA VIRGINIA X 170GR,9209.0,,,,,,,
2026-08-08,sepa,Market,cafe-instantaneo,7790150100806,CAFE INSTANTANEO CLASICO LA VIRGINA DP X 100 GRS,5150.0,,,,,,,
2026-08-08,sepa,Market,cafe-instantaneo,7790150101780,CAFE INSTANTANEO SUAVE LA VIRGINA DP X 100 GRS,5139.0,,,,,,,
2026-08-08,sepa,Market,cafe-instantaneo,7790170904798,CAFE INSTANTANEO LA MORENITA FRASCO X 100 GRS,6350.0,,,,,,,
2026-08-08,sepa,Market,queso-crema-light,7790244941605,QUESO CREMA LIGTH SAN IGNACIO POTE X 290 GR,3769.0,,,,,,,
2026-08-08,sepa,Market,queso-crema-light,7790244941612,QUESO CREMA LIGHT SAN IGNACIO POTE X480 GRS,5669.0,,,,,,,
2026-08-08,sepa,Market,papel-higienico-doble-hoja,7790250015536,PAPEL HIGIENICO D HOJA PLUS HIGIENOL 4 X 30 MTS,3619.0,,,,,,,
2026-08-08,sepa,Market,papel-higienico-doble-hoja,7790250015567,PAPEL HIGIENICO DOBLE HOJA PLUS HIGIENOL 4 X 20 MT,3545.0,,,,,,,
2026-08-08,sepa,Market,papel-higienico-doble-hoja,7790250019411,PAPEL HIGIENICO DH PLUS HIGIENOL 30M X 18,20900.0,,,,,,,
2026-08-08,sepa,Market,papel-higienico-doble-hoja,7790250026075,PAPEL HIGIENICO D H ULTRA SUAVE ELITE 4 X 30 MTS,5599.0,,,,,,,
2026-08-08,sepa,Market,papel-higienico-doble-hoja,7790250026082,PAPEL HIGIENICO ULTRA SOFT D HOJA ELITE 4 X 50 MTS,10349.0,,,,,,,
2026-08-08,sepa,Market,rollo-cocina,7790250056881,ROLLO DE COCINA CLASICO SUSSEX 3 X 50 PAN,2546.67,2929.0,,,,,Promo A valida desde el 04/08/2026 hasta 10/08/2026,
2026-08-08,sepa,Market,rollo-cocina,7790250056898,ROLLO DE COCINA ULTRA SUSSEX 60P X 3 UNI,4980.0,,,,,,,
2026-08-08,sepa,Market,rollo-cocina,7790250056980,ROLLO DE COCINA MAXI SUSSEX 3 X 100 PAN,7489.0,,,,,,,
2026-08-08,sepa,Market,rollo-cocina,7790250057086,ROLLO COCINA CLASICO MEGA SUSSEX X 200 PANOS,3099.0,,,,,,,
2026-08-08,sepa,Market,papel-higienico-doble-hoja,7790250092452,PAPEL HIGIENICO DOBLE HOJA NOBLE 4 X 30 M,3669.0,,,,,,,
2026-08-08,sepa,Market,papel-higienico-doble-hoja,7790250913368,PAPEL HIGIENICO DH CON YAPA HIGIENOL 50M X 4 UNI,9529.0,,,,,,,
2026-08-08,sepa,Market,yerba-mananita,7790387015317,YERBA MATE BAJO POLVO MANANITA 4FLEX X 1 KG,4789.0,,,,,,,
2026-08-08,sepa,Market,yerba-mananita,7790387015324,YERBA MATE BAJO POLVO MANANITA 4FLEX X 500 GRS,2400.0,2570.0,,,,,Promo A valida desde el 07/08/2026 hasta 10/08/2026,
2026-08-08,sepa,Market,atun-lomitos-natural,7790580131364,ATUN AL NATURAL LOMITOS LA CAMPAGNOLA X 170 GRS,5745.0,,,,,,,
2026-08-08,sepa,Market,ricotta,7790742102805,RICOTTA ENTERA B SODIO GARCIA SACHET X 500 GRS,4509.0,,,,,,,
2026-08-08,sepa,Market,ricotta,7790742114204,RICOTTA SEMIGRASA BAJO SODIO GARCIA X 500 GRS,4755.0,,,,,,,
2026-08-08,sepa,Market,leche-protein,7790742358608,LECHE UAT DESC S LACT PROTEIN LA SERENISIMA BOTX1L,2999.0,,,,,,,
2026-08-08,sepa,Market,queso-crema-light,7790742373304,QUESO FUNDIDO FINLANDIA LIGHT POTE 290 GRS,5475.0,,,,,,,
2026-08-08,sepa,Market,yogur-natural-sin-azucar,7790787960934,YOGUR CREMOSO SAB NATURAL ILOLAY POTE X 350 G,3695.0,,,,,,,
2026-08-08,sepa,Market,gaseosa-cola-zero,7790895067532,GASEOSA COLA ZERO COCA COLA PET X 500 CC,1900.0,,,,,,,
2026-08-08,sepa,Market,gaseosa-cola-zero,7790895067556,GASEOSA COLA SIN AZUCAR COCA COLA PET X 1.5LT,3799.0,,,,,,,
2026-08-08,sepa,Market,gaseosa-cola-zero,7790895067570,GASEOSA COLA ZERO COCA COLA PET X 2.25 LT,5300.0,,,,,,,
2026-08-08,sepa,Market,gaseosa-cola-zero,7790895067587,GASEOSA COLA SIN AZUCAR COCA COLA LATA X 354 CC,2359.0,,,,,,,
2026-08-08,sepa,Market,gaseosa-cola-zero,7790895640438,GASEOSA COLA SIN AZUCAR COCA COLA PET X 3 LT,6650.0,,,,,,,
2026-08-08,sepa,Market,detergente,7790990003022,DETERGENTE ULTRA LIMON MAGISTRAL BOT X 300 CC,2595.0,,,,,,,
2026-08-08,sepa,Market,detergente,7790990003039,DETERGENTE ULTRA LIMON MAGISTRAL BOT X 500 CC,4189.0,,,,,,,
2026-08-08,sepa,Market,detergente,7790990003046,DETERGENTE ULTRA LIMON MAGISTRAL BOT X 750 CC,7550.0,,,,,,,
2026-08-08,sepa,Market,detergente,7790990003053,DETERGENTE ULTRA LIMON MAGISTRAL BOT 1400ML,13990.0,,,,,,,
2026-08-08,sepa,Market,detergente,7790990003121,DETERGENTE ULTRA MARINA MAGISTRAL BOT X 300 CC,3129.0,,,,,,,
2026-08-08,sepa,Market,detergente,7790990003138,DETERGENTE ULTRA MARINA MAGISTRAL BOT X 500 CC,4559.0,,,,,,,
2026-08-08,sepa,Market,detergente,7790990003145,DETERGENTE ULTRA MARINA MAGISTRAL BOT X 750 CC,7560.0,,,,,,,
2026-08-08,sepa,Market,detergente,7790990003381,DETERGENTE LIMON MAGISTRAL PLATINUM X 500 CC,6159.0,,,,,,,
2026-08-08,sepa,Market,detergente,7790990003404,DETERGENTE CREMOSO ULTRA LIMON BOT X 300 CC,3450.0,,,,,,,
2026-08-08,sepa,Market,detergente,7790990003411,DETERGENTE CREM ULTRA LIMON MAGISTRAL BOT X 500CC,4559.0,,,,,,,
2026-08-08,sepa,Market,detergente,7790990003787,DETERGENTE ULTRA LIMON MAGISTRAL DP X 450 CC,4315.0,,,,,,,
2026-08-08,sepa,Market,rollo-cocina,7791070005806,ROLLO DE COCINA CELESTIAL 3 X 50 PANOS,3189.0,,,,,,,
2026-08-08,sepa,Market,lavandina,7791290793781,LIMPIADOR CREMOSO C LAVANDINA CIF X 750G,4665.0,,,,,,,
2026-08-08,sepa,Market,lavandina,7791290793804,LIMPIADOR EN GEL C LAVANDINA CIF X 513G,3669.0,,,,,,,
2026-08-08,sepa,Market,detergente,7791290794054,DETERGENTE BIOACTIVE LIMON CIF X 300 CC,2710.0,,,,,,,
2026-08-08,sepa,Market,detergente,7791290794061,DETERGENTE BIOACTIVE LIMON CIF X 500 CC,3889.0,,,,,,,
2026-08-08,sepa,Market,detergente,7791290794078,DETERGENTE BIOACTIVE LIMON CIF X 750 CC,6590.0,,,,,,,
2026-08-08,sepa,Market,detergente,7791290794085,DETERGENTE BIOACTIVE LIMON CIF REPUESTO X 450 CC,2855.0,,,,,,,
2026-08-08,sepa,Market,detergente,7791290794092,DETERGENTE BIOACTIVE LIMA CIF RESPUESTO X 450 CC,2855.0,,,,,,,
2026-08-08,sepa,Market,detergente,7791290794108,DETERGENTE BIOACTIVE LIMA CIF X 300 CC,2710.0,,,,,,,
2026-08-08,sepa,Market,detergente,7791290794115,DETERGENTE BIOACTIVE LIMA CIF X 500 CC,3889.0,,,,,,,
2026-08-08,sepa,Market,lavandina,7791290794955,LAVANDINA EN GEL ORIGINAL VIM X 700 CC,3500.0,,,,,,,
2026-08-08,sepa,Market,detergente,7791290796706,DETERGENTE ACTIVE GEL ORIG CIF BOT X 500 CC,5485.0,,,,,,,
2026-08-08,sepa,Market,detergente,7791290796720,DETERGENTE ACTIVE GEL ORIG CIF DP X 400 CC,4289.0,,,,,,,
2026-08-08,sepa,Market,detergente,7791290796737,DETERGENTE ACTIVE GEL LIMON CIF BOT X 500 CC,5485.0,,,,,,,
2026-08-08,sepa,Market,detergente,7791290796751,DETERGENTE ACTIVE GEL LIMON CIF DP X 400 CC,4289.0,,,,,,,
2026-08-08,sepa,Market,yogur-natural-sin-azucar,7791337007208,YOGUR NATURAL S LACTOSA SER POTE X 300 GR,4915.0,,,,,,,
2026-08-08,sepa,Market,yogur-natural-sin-azucar,7791337010932,YOGUR GRIEGO FIR NATURAL YOGURISIMO POTE X 180 GR,2950.0,,,,,,,
2026-08-08,sepa,Market,rollo-cocina,7791720002605,ROLLO DE COCINA CARREFOUR ESSENTIAL 3 X 40 PANOS,2350.0,,,,,,,
2026-08-08,sepa,Market,rollo-cocina,7791720025543,ROLLO DE COCINA MAXI BLANCO CARREFOUR X 200 PANOS,2490.0,2850.0,,,,,Promo A valida desde el 04/08/2026 hasta 10/08/2026,
2026-08-08,sepa,Market,queso-crema-light,7791720028506,QUESO CREMA LIGHT CARREFOUR CLASSIC X 290 GRS,3190.0,,,,,,,
2026-08-08,sepa,Market,rollo-cocina,7791720045541,ROLLOS DE COCINA CARREFOUR ESSENTIAL 3 X 100 PANOS,4650.0,,,,,,,
2026-08-08,sepa,Market,papel-higienico-doble-hoja,7791720045558,PAPEL HIG DOBLE HOJA CARREFOUR ESSENTIAL 4 X50MTS,5550.0,,,,,,,
2026-08-08,sepa,Market,ricotta,7791720046951,RICOTTA ENTERA BULNEZ X 500 GRM,3490.0,,,,,,,
2026-08-08,sepa,Market,rollo-cocina,7791720047446,ROLLO DE COCINA DOBLE HOJA BULNEZ X 200 PANOS,2350.0,,,,,,,
2026-08-08,sepa,Market,yogur-natural-sin-azucar,7791720048122,YOGUR NATURAL CARREFOUR EXTRA FRASCO X 200 GR,2750.0,,,,,,,
2026-08-08,sepa,Market,yogur-natural-sin-azucar,7791720048139,YOGUR NATURAL CARREFOUR CLASSIC POTE 300 X GR,3090.0,,,,,,,
2026-08-08,sepa,Market,gaseosa-cola-zero,7791813828365,GASEOSA COLA BLACK PEPSI N PET X 500 CC.,2200.0,,,,,,,
2026-08-08,sepa,Market,gaseosa-cola-zero,7791813828419,GASEOSA COLA BLACK PEPSI NF PET X 1.5 LT,3950.0,,,,,,,
2026-08-08,sepa,Market,gaseosa-cola-zero,7791813828464,GASEOSA COLA BLACK PEPSI N PET X 2 LT,4400.0,,,,,,,
2026-08-08,sepa,Market,rollo-cocina,7791828000121,ROLLO COCINA PARA CADA DIA FELPITA 3 X 40 PANOS,2499.0,,,,,,,
2026-08-08,sepa,Market,papel-higienico-doble-hoja,7791828900049,PAPEL HIGIENICO INFINITY FELPITA 4X30 MTS,4449.0,,,,,,,
2026-08-08,sepa,Market,rollo-cocina,7791828900056,ROLLO DE COCINA BLANCO INFINITY FELPITA 3X100 MTS,5109.0,,,,,,,
2026-08-08,sepa,Market,papel-higienico-doble-hoja,7791828900186,PAPEL HIGIENICO DH FELPITA PREMIUM 4X20 MTS,2940.0,,,,,,,
2026-08-08,sepa,Market,papel-higienico-doble-hoja,7791828900278,PAPEL HIGIENICO D HOJA SUPER SUAVE FELPITA 6X30MTS,6405.0,,,,,,,
2026-08-08,sepa,Market,papel-higienico-doble-hoja,7791828900285,PAPEL HIGIENICO DH INFINITY FELPITA 4 X 50 M,6860.0,,,,,,,
2026-08-08,sepa,Market,rollo-cocina,7791828900377,ROLLO DE COCINA MAXIROLLO FELPITA X 200 PANOS,3069.0,,,,,,,
2026-08-08,sepa,Market,rollo-cocina,7791828900537,ROLLO DE COCINA PANO BLANCO FELPITA 3 X 60 UNI,2649.0,,,,,,,
2026-08-08,sepa,Market,lavandina,7791905000020,LAVANDINA CONCENTRADA QUERUBIN X 1 LT,1609.0,,,,,,,
2026-08-08,sepa,Market,lavandina,7791905000037,LAVANDINA CONCENTRADA QUERUBIN X 2 LT,3129.0,,,,,,,
2026-08-08,sepa,Market,lavandina,7791905003663,LAVANDINA ROPA BLANCA ADITIVADA QUERUBIN BOT X 1 L,2020.0,,,,,,,
2026-08-08,sepa,Market,lavandina,7791905023203,LAVANDINA ORIGINAL ODEX X 1 LT,1295.0,,,,,,,
2026-08-08,sepa,Market,lavandina,7791905023210,LAVANDINA ORIGINAL ODEX X 2 LT,2459.0,,,,,,,
2026-08-08,sepa,Market,lavandina,7791905023227,LAVANDINA ORIGINAL ODEX X 4 LT,4809.0,,,,,,,
2026-08-08,sepa,Market,lavandina,7791905024248,LAVANDINA ADITIVADA EN GEL ORIGINAL ODEX X 700 CC,3000.0,,,,,,,
2026-08-08,sepa,Market,lavandina,7793253003715,LAVANDINA MULTISUP LAVANDA TRIPLE PODER AYUDIN X1L,1909.0,,,,,,,
2026-08-08,sepa,Market,lavandina,7793253003722,LAVANDINA MULTISUP LAVANDA TRIPLE PODER AYUDIN X2L,3609.0,,,,,,,
2026-08-08,sepa,Market,lavandina,7793253003739,LAVANDINA MULTISUP LAVANDA TRIPLE PODER AYUDIN X4L,7179.0,,,,,,,
2026-08-08,sepa,Market,lavandina,7793253003746,LAVANDINA MULTI PU GLACIAR TRIPLE PODER AYUDIN X1L,1909.0,,,,,,,
2026-08-08,sepa,Market,lavandina,7793253003753,LAVANDINA MULTI PU GLACIAR TRIPLE PODER AYUDIN X2L,3609.0,,,,,,,
2026-08-08,sepa,Market,lavandina,7793253003760,LAVANDINA MULTI PU GLACIAR TRIPLE PODER AYUDIN X4L,7179.0,,,,,,,
2026-08-08,sepa,Market,lavandina,7793253003777,LAVANDINA ANTISPLASH TRADICIONAL AYUDIN X 1 LT,2225.0,,,,,,,
2026-08-08,sepa,Market,lavandina,7793253003784,LAVANDINA ANTISPLASH TRADICIONAL AYUDIN X 2 LT,4309.0,,,,,,,
2026-08-08,sepa,Market,lavandina,7793253003791,LAVANDINA EN GEL ORIGINAL AYUDIN BOTELLA X 700 CC,3519.0,,,,,,,
2026-08-08,sepa,Market,lavandina,7793253003807,LAVANDINA EN GEL CITRUS AYUDIN BOTELLA X 700 CC,3519.0,,,,,,,
2026-08-08,sepa,Market,lavandina,7793253003821,LAVANDINA EN GEL MENTA AYUDIN BOTELLA X 700 CC,3519.0,,,,,,,
2026-08-08,sepa,Market,lavandina,7793253003838,LAVANDINA EN GEL LAVANDA AYUDIN X 700 CC,3519.0,,,,,,,
2026-08-08,sepa,Market,lavandina,7793253005856,LAVANDINA EN GEL ORIGINAL AYUDIN BOTELLA X 500 CC,2989.0,,,,,,,
2026-08-08,sepa,Market,lavandina,7793253005863,LAVANDINA EN GEL CITRICA AYUDIN X 500 CC,2985.0,,,,,,,
2026-08-08,sepa,Market,lavandina,7793253006709,LAVANDINA ORIGINAL DESINFECTANTE AYUDIN X 2 LT,2925.0,,,,,,,
2026-08-08,sepa,Market,lavandina,7793253006716,LAVANDINA ORIGINAL DESINFECTANTE AYUDIN X 4 LT,5789.0,,,,,,,
2026-08-08,sepa,Market,papel-higienico-doble-hoja,7793344000517,PAPEL HIGIENICO D HOJA ELEGANTE 4 X 30 MT,3900.0,,,,,,,
2026-08-08,sepa,Market,rollo-cocina,7793344009206,ROLLO DE COCINA GIGANTE ELEGANTE X 200 PANOS,2839.0,,,,,,,
2026-08-08,sepa,Market,rollo-cocina,7793344009305,ROLLOS DE COCINA ELEGANTE GIRAMAS 3 X 100 PAN,5319.0,,,,,,,
2026-08-08,sepa,Market,rollo-cocina,7793344904013,ROLLO DE COCINA ELEGANTE 3 X 50 PANOS,2839.0,,,,,,,
2026-08-08,sepa,Market,rollo-cocina,7793344904853,ROLLO DE COCINA PREMIUM ELEGANTE 3 X 60 PAN,1899.0,3429.0,,,,,Promo A valida desde el 07/08/2026 hasta 09/08/2026,
2026-08-08,sepa,Market,queso-crema-light,7793913013641,QUESO NEUFCHATEL LIGHT TREGAR POTE X 180 GRS,3089.0,,,,,,,
2026-08-08,sepa,Market,ricotta,7793913013665,RICOTTA ENTERA BAJO SODIO TREGAR POTE X 290 GRS,3790.0,,,,,,,
2026-08-08,sepa,Market,ricotta,7793913013672,RICOTTA MAGRA BAJO SODIO TREGAR POTE X 290 GRS,3790.0,,,,,,,
2026-08-08,sepa,Market,queso-crema-light,7794820015018,QUESO FUNDIDO LIGHT TRAD MILKAUT POTE X 190 GRS,3379.0,,,,,,,
2026-08-08,sepa,Market,queso-crema-light,7794820903094,QUESO UNTABLE LIGHT CREMATTO POTE MILKAUT X 285GRS,5069.0,,,,,,,
2026-08-08,sepa,Market,yogur-natural-sin-azucar,7794820903612,YOGUR ENT NATURAL CREMOSO MILKAUT POTE X 300 G,3879.0,,,,,,,
2026-08-08,sepa,Market,yogur-natural-sin-azucar,7794820903711,YOGUR DESC NATURAL CREMOSO MILKAUT POTE X 300G,3879.0,,,,,,,
2026-08-08,sepa,Market,queso-crema-light,7794990879663,QUESO CREMA LIGHT LA PAULINA POTE X 290 GRS,3429.0,,,,,,,
2026-08-08,sepa,Market,vinagre-alcohol,7798033332610,VINAGRE DE ALCOHOL CARREFOUR PET X 500 CC,1190.0,,,,,,,
2026-08-08,sepa,Market,vinagre-alcohol,7798033332641,VINAGRE DE ALCOHOL CARREFOUR PET X 1 LT,1550.0,,,,,,,
2026-08-08,sepa,Market,atun-lomitos-natural,7798033333907,ATUN AL NATURAL LOMITOS CARREFOUR LATA X 170 GRS.,3490.0,,,,,,,
2026-08-08,sepa,Market,atun-lomitos-natural,7798108349161,ATUN AL NATURAL LOMITOS CARREFOUR LATA X 354 GRS,6450.0,,,,,,,
2026-08-08,sepa,Market,rollo-cocina,7798141718221,ROLLO DE COCINA CARREFOUR 3 X 50 PANOS,2390.0,,,,,,,
2026-08-08,sepa,Market,atun-lomitos-natural,7798152222151,ATUN AL NATURAL LOMITOS CARREFOUR 3 X 80 GRS,6150.0,,,,,,,
2026-08-08,sepa,Market,papel-higienico-doble-hoja,7798159717520,PAPEL HIGIENICO D HOJA DECO CARREFOUR 4 X 50 MTS,6090.0,,,,,,,
2026-08-08,sepa,Market,rollo-cocina,7798159717537,ROLLO DE COCINA DECORADO CARREFOUR 3 X 50 PANOS,2750.0,,,,,,,
2026-08-08,sepa,Market,papel-higienico-doble-hoja,7798159718961,PAPEL HIGIENICO D HOJA CARREFOUR 4 X 30 MTS,2990.0,3450.0,,,,,Promo A valida desde el 04/08/2026 hasta 10/08/2026,
2026-08-08,sepa,Market,ricotta,7798179070018,RICOTA G SILVIA X 500 GRS,3285.0,,,,,,,
2026-08-08,sepa,Market,cafe-instantaneo,7798196990016,CAFE SOLUBLE SEGAFREDO FRASCO X 100 GRS,19500.0,,,,,,,
2026-08-08,sepa,Market,leche-protein,7798338291803,LECHE C PROTEINA VIDA ACTIVA LAS TRES NINAS X 1LT,2865.0,,,,,,,
2026-08-08,sepa,Market,capsulas-nespresso-starbucks,8445290154125,CAPSULA CAFE NESPRESSO STARBUCKS CARAMEL X 51 GRS,16599.0,,,,,,,
2026-08-08,sepa,Market,capsulas-nespresso-starbucks,8445290814425,CAPSULA CAFE NESPRESSO STARBUCKS DECAF X 55 GRS,16599.0,,,,,,,
2026-08-08,sepa,Market,cafe-instantaneo,8445291311510,CAFE INSTANTANEO TRADICION NESCAFE X 100 GRS,8949.0,,,,,,,
2026-08-08,sepa,Market,cafe-instantaneo,8445291311558,CAFE INSTANTANEO SUAVE DOLCA DP X 100 GRS,6149.0,,,,,,,
2026-08-08,sepa,Market,capsulas-nespresso-starbucks,8445291363656,CAPSULAS CAFE HOUSE BLEND STARBUCKS X 10 UNI,15995.0,,,,,,,
2026-08-08,sepa,Market,capsulas-nespresso-starbucks,8445291367272,CAPSULAS CAFE ESPRESSO ROAST STARBUCKS X 10 UNI,16599.0,,,,,,,
2026-08-08,sepa,Market,cafe-instantaneo,8445291738775,CAFE INSTANTANEO GOLD NESCAFE FRASCO X 95 GRS,20729.0,,,,,,,
2026-08-08,sepa,Market,capsulas-nespresso-starbucks,8445291786721,CAPSULAS CAFE CHOCO HAZELNUT STARBUCKS X 10 UNI,17589.0,,,,,,,
2026-08-08,sepa,Supermercados DIA,desodorante-barra-hombre,75083694,DEO BLUE LAVEN BARRA,8699.0,,,,,,,
2026-08-08,sepa,Supermercados DIA,desodorante-barra-hombre,75083700,DEO AQUA CITRUS BARR,8699.0,,,,,,,
2026-08-08,sepa,Supermercados DIA,suprema-pollo,7790070036063,SUPR DE POLL CROCANT,10665.0,,,,,,,
2026-08-08,sepa,Supermercados DIA,vinagre-alcohol,7790130000034,VINAGRE DE ALCOHOL,1400.0,,,,,,,
2026-08-08,sepa,Supermercados DIA,vinagre-alcohol,7790130000058,VINAGRE DE ALCOHOL,1965.0,,,,,,,
2026-08-08,sepa,Supermercados DIA,lavandina,7790132098459,LAVANDINA ORIG MULTI,1279.0,,,,,,,
2026-08-08,sepa,Supermercados DIA,cafe-instantaneo,7790150100462,CAFE INSTANT CLASICO,8050.0,,,,,,,
2026-08-08,sepa,Supermercados DIA,cafe-instantaneo,7790150100806,CAFE INST CLAS DOYPA,5145.0,,,,,,,
2026-08-08,sepa,Supermercados DIA,cafe-instantaneo,7790150101476,CAFE INSTANTA SUAVE,8050.0,,,,,,,
2026-08-08,sepa,Supermercados DIA,cafe-instantaneo,7790150101780,CAFE INSTANT SUAV DP,5145.0,,,,,,,
2026-08-08,sepa,Supermercados DIA,papel-higienico-doble-hoja,7790250015536,P HIG DOBLE FUSION,3619.0,,,,,,,
2026-08-08,sepa,Supermercados DIA,papel-higienico-doble-hoja,7790250026075,P HIG DOBL HOJA 30MT,5615.0,,,,,,,
2026-08-08,sepa,Supermercados DIA,rollo-cocina,7790250056881,ROLLO COCINA CLASICO,2840.0,,,,,,,
2026-08-08,sepa,Supermercados DIA,rollo-cocina,7790250057086,RC CLASICO MEGARROLL,3249.0,,,,,,,
2026-08-08,sepa,Supermercados DIA,yerba-mananita,7790387015317,YERBA MATE 4FLEX,3790.0,,,,,,,
2026-08-08,sepa,Supermercados DIA,yerba-mananita,7790387015324,YERBA MATE 4 FLEX,2505.0,,,,,,,
2026-08-08,sepa,Supermercados DIA,atun-lomitos-natural,7790580131364,ATUN LOMITO NATURAL,5745.0,,,,,,,
2026-08-08,sepa,Supermercados DIA,ricotta,7790742102805,RICOTTA ENTERA,4699.0,,,,,,,
2026-08-08,sepa,Supermercados DIA,leche-protein,7790742358608,LECHE PROTEIN DES 0%,2999.0,,,,,,,
2026-08-08,sepa,Supermercados DIA,queso-crema-light,7790742373304,QUESO UNT LIGHT,5475.0,,,,,,,
2026-08-08,sepa,Supermercados DIA,gaseosa-cola-zero,7790895067532,GASEO COLA ZERO,2450.0,,,,,,,
2026-08-08,sepa,Supermercados DIA,gaseosa-cola-zero,7790895067556,GASEO COLA S/AZUCAR,4150.0,,,,,,,
2026-08-08,sepa,Supermercados DIA,gaseosa-cola-zero,7790895067570,GASEO COLA ZERO,5500.0,,,,,,,
2026-08-08,sepa,Supermercados DIA,detergente,7790990003022,DETERGEN ULTRA LIMON,2595.0,,,,,,,
2026-08-08,sepa,Supermercados DIA,detergente,7790990003039,DETER ULTRA LIMON,4189.0,,,,,,,
2026-08-08,sepa,Supermercados DIA,detergente,7790990003046,LAVAVAJ ULTRA LIMON,7550.0,,,,,,,
2026-08-08,sepa,Supermercados DIA,detergente,7790990003138,DETERG ULTRA MARINA,5040.0,,,,,,,
2026-08-08,sepa,Supermercados DIA,detergente,7790990003787,LAVAVAJI ULTRA LIMON,3200.0,,,,,,,
2026-08-08,sepa,Supermercados DIA,lavandina,7791290793781,LIMPIADOR CREMOSO,3400.0,4650.0,,,,,27% de descuento. Precio Promocional Exclusivo DIA en Sucursales Indicadas Hasta Agotar Stock o Finalice Vigencia.,
2026-08-08,sepa,Supermercados DIA,lavandina,7791290793804,LIMPIADOR GEL LAV/CL,3650.0,,,,,,,
2026-08-08,sepa,Supermercados DIA,detergente,7791290794054,LAVAVAJILL BIOACT LI,2700.0,,,,,,,
2026-08-08,sepa,Supermercados DIA,detergente,7791290794061,LAVAVAJ BIOACT LIMON,3772.0,,,,,,,
2026-08-08,sepa,Supermercados DIA,detergente,7791290794078,LAVAVAJ BIOACT LIMON,6550.0,,,,,,,
2026-08-08,sepa,Supermercados DIA,detergente,7791290794085,LAVAVAJ BIO LIMON DP,3850.0,,,,,,,
2026-08-08,sepa,Supermercados DIA,detergente,7791290794092,LAVAVAJ BIOAC LIMA D,3850.0,,,,,,,
2026-08-08,sepa,Supermercados DIA,detergente,7791290794108,LAVAVAJI BIOACT LIMA,2700.0,,,,,,,
2026-08-08,sepa,Supermercados DIA,detergente,7791290794115,LAVAVAJI BIOACT LIMA,3889.0,,,,,,,
2026-08-08,sepa,Supermercados DIA,lavandina,7791290794955,LAVANDINA GEL ORIGIN,3500.0,,,,,,,
2026-08-08,sepa,Supermercados DIA,detergente,7791290796706,LAVAVAJ ACT GEL ORIG,5450.0,,,,,,,
2026-08-08,sepa,Supermercados DIA,detergente,7791290796720,DET ACTIVEGEL ORIGIN,4280.0,,,,,,,
2026-08-08,sepa,Supermercados DIA,detergente,7791290796737,DET ACTIVEGEL LIMON,5450.0,,,,,,,
2026-08-08,sepa,Supermercados DIA,detergente,7791290796751,LAVAVAJ ACTIV LIM DP,4280.0,,,,,,,
2026-08-08,sepa,Supermercados DIA,yogur-natural-sin-azucar,7791337007208,YOGUR NATURAL BIGPOT,4915.0,,,,,,,
2026-08-08,sepa,Supermercados DIA,queso-crema-light,7791337009851,QUESO BLANCO LIGHT,6045.0,,,,,,,
2026-08-08,sepa,Supermercados DIA,yogur-natural-sin-azucar,7791337010932,YOG FIRME GRIEG NATU,2950.0,,,,,,,
2026-08-08,sepa,Supermercados DIA,gaseosa-cola-zero,7791813828365,GASEO PEPSI BLACK,2200.0,,,,,,,
2026-08-08,sepa,Supermercados DIA,gaseosa-cola-zero,7791813828419,GASEO COLA BLACK,3900.0,,,,,,,
2026-08-08,sepa,Supermercados DIA,gaseosa-cola-zero,7791813828464,GASEO COLA BLACK,4300.0,,,,,,,
2026-08-08,sepa,Supermercados DIA,lavandina,7793253003715,LAVAN LAV TRI PODER,1890.0,,,,,,,
2026-08-08,sepa,Supermercados DIA,lavandina,7793253003722,LAVANDINA LAVA TR PO,3640.0,,,,,,,
2026-08-08,sepa,Supermercados DIA,lavandina,7793253003753,LAVA PUR GLA TRI POD,3640.0,,,,,,,
2026-08-08,sepa,Supermercados DIA,lavandina,7793253003777,LAVANDINA ANTISPLASH,2240.0,,,,,,,
2026-08-08,sepa,Supermercados DIA,lavandina,7793253003791,LAVANDINA EN GEL,3590.0,,,,,,,
2026-08-08,sepa,Supermercados DIA,lavandina,7793253003807,LAVANDINA EN GEL CIT,3590.0,,,,,,,
2026-08-08,sepa,Supermercados DIA,lavandina,7793253003838,LAVANDINA EN GEL LAV,3590.0,,,,,,,
2026-08-08,sepa,Supermercados DIA,lavandina,7793253006709,LAVANDINA ORIGINAL,2950.0,,,,,,,
2026-08-08,sepa,Supermercados DIA,lavandina,7793253006716,LAVANDINA ORIGINAL,5890.0,,,,,,,
2026-08-08,sepa,Supermercados DIA,queso-crema-light,7794820903094,QUESO CREMATTO LIGHT,5069.0,,,,,,,
2026-08-08,sepa,Supermercados DIA,yogur-natural-sin-azucar,7794820903612,YOG NATURAL CREMOSO,3879.0,,,,,,,
2026-08-08,sepa,Supermercados DIA,queso-crema-light,7794990879663,QUESO CREMA LIGHT,3420.0,,,,,,,
2026-08-08,sepa,Supermercados DIA,lavandina,7798131250380,LAVANDINA CLÁSICA,1100.0,,,,,,,
2026-08-08,sepa,Supermercados DIA,lavandina,7798131250397,LAVANDINA CLÁSICA,2170.0,,,,,,,
2026-08-08,sepa,Supermercados DIA,yogur-natural-sin-azucar,7798136870545,YOG FIRME NAT S/AZUC,2720.0,,,,,,,
2026-08-08,sepa,Supermercados DIA,yogur-natural-sin-azucar,7798136870743,YOG NAT DESLAC C/PRO,3290.0,,,,,,,
2026-08-08,sepa,Supermercados DIA,yogur-natural-sin-azucar,7798136870859,YOG EST GRIEGO NATUR,3290.0,,,,,,,
2026-08-08,sepa,Supermercados DIA,leche-protein,7798338291803,LECH PROTEIN,2100.0,2865.0,,,,,27% de descuento. Precio Promocional Exclusivo DIA en Sucursales Indicadas Hasta Agotar Stock o Finalice Vigencia.,
2026-08-08,sepa,Supermercados DIA,capsulas-nespresso-starbucks,8445291363656,LUNGO CAPS COFFEE,16605.0,,,,,,,
2026-08-08,sepa,Supermercados DIA,cafe-instantaneo,8445291738775,CAFE GOLD,15545.0,21969.0,,,,,29% de descuento. Precio Promocional Exclusivo DIA en Sucursales Indicadas Hasta Agotar Stock o Finalice Vigencia.,
2026-08-08,sepa,Vea,cafe-instantaneo,7613035379213,Cafe Descafeinado NESCAFE MasAroma 100g FCO-100-gr.,15499.0,,,,,,,
2026-08-08,sepa,Vea,cafe-instantaneo,7613036312752,Nescafe GOLD espresso 100g FCO-100-gr.,21299.0,,,,,,,
2026-08-08,sepa,Vea,capsulas-nespresso-starbucks,7613036961004,Capsulas STARBUCKS Blonde Espresso Roast CJA-53-gr.,15699.0,,,,,,,
2026-08-08,sepa,Vea,capsulas-nespresso-starbucks,7613036961448,Capsulas Café STARBUCKS Colombia x57g CJA-57-gr.,15699.0,,,,,,,
2026-08-08,sepa,Vea,suprema-pollo,7790070036063,Suprema de pollo GRANJA DEL SOL 360g PAQ-360-gr.,10990.0,,,,,,,
2026-08-08,sepa,Vea,vinagre-alcohol,7790130000034,Vinagre MENOYO de alcohol PVC-500-cc.,1350.0,,,,,,,
2026-08-08,sepa,Vea,vinagre-alcohol,7790130000058,Vinagre MENOYO de alcohol PVC-1-lt.,1850.0,,,,,,,
2026-08-08,sepa,Vea,vinagre-alcohol,7790130000263,Vinagre alcazar de alcohol PVC-500-cc.,1150.0,,,,,,,
2026-08-08,sepa,Vea,lavandina,7790132098459,lavandina AYUDIN original 1L       PVC-1000-ml.,1290.0,,,,,,,
2026-08-08,sepa,Vea,vinagre-alcohol,7790139101138,Vinagre de Alcohol Favinco S/T x 1lt BOT-1000-ml.,1290.0,,,,,,,
2026-08-08,sepa,Vea,cafe-instantaneo,7790150100462,café LA VIRGINIA Clásico Espuma DPx170g DOY-170-gr.,7590.0,,,,,,,
2026-08-08,sepa,Vea,cafe-instantaneo,7790150100486,café LA VIRGINIA Clasico Espuma x170G FCO-170-gr.,6799.0,,,,,,,
2026-08-08,sepa,Vea,cafe-instantaneo,7790150100783,café LA VIRGINIA Clasico Espuma x100G FCO-100-gr.,5399.0,,,,,,,
2026-08-08,sepa,Vea,cafe-instantaneo,7790150101476,café LA VIRGINIA Suave Espuma DP x170g DOY-170-gr.,7590.0,,,,,,,
2026-08-08,sepa,Vea,cafe-instantaneo,7790150101780,Café LA VIRGINIA Suave Espuma DPx100g DOY-100-gr.,5199.0,,,,,,,
2026-08-08,sepa,Vea,cafe-instantaneo,7790170904798,café LA MORENITA Intenso x100g FCO-100-gr.,5899.0,,,,,,,
2026-08-08,sepa,Vea,queso-crema-light,7790244941605,Q.Blancrem Light S.Ignacio 290g POT-290-gr.,3599.0,,,,,,,
2026-08-08,sepa,Vea,queso-crema-light,7790244941612,Q.Blancrem Light S.Ignacio 480g POT-480-gr.,5199.0,,,,,,,
2026-08-08,sepa,Vea,papel-higienico-doble-hoja,7790250015536,papel higieni HIGIENOL dob h fus 4x30m BSA-4-m2,3290.0,,,,,,,
2026-08-08,sepa,Vea,rollo-cocina,7790250056881,rollo cocina SUSSEX clasic 3x50paños PAQ-15-m2,2890.0,,,,,,,
2026-08-08,sepa,Vea,rollo-cocina,7790250056980,rollo cocina SUSSEX ultra 3x100p PAQ-300-un.,6790.0,,,,,,,
2026-08-08,sepa,Vea,yerba-mananita,7790387015317,Yerba Mate MAÑANITA 4FLEX 1kg PAQ-1000-gr.,4990.0,,,,,,,
2026-08-08,sepa,Vea,yerba-mananita,7790387015324,Yerba Mate MAÑANITA 4FLEX 1/2kg PAQ-500-gr.,2690.0,,,,,,,
2026-08-08,sepa,Vea,ricotta,7790742102805,ricota entera GARCIA baja en sodio SCH-500-gr.,5050.0,,,,,,,
2026-08-08,sepa,Vea,ricotta,7790742114204,Ricotta Garcia Semigrasa Sachet 500GR SCH-500-gr.,4950.0,,,,,,,
2026-08-08,sepa,Vea,leche-protein,7790742358608,Leche Uat Proteina La serenisima 1l BOT-1000-ml.,2890.0,,,,,,,
2026-08-08,sepa,Vea,queso-crema-light,7790742373304,Q.Procesado Finlandia Light 290g POT-290-gr.,5199.0,,,,,,,
2026-08-08,sepa,Vea,gaseosa-cola-zero,7790895067532,gaseosa COCA COLA Zero 500cc PET-500-ml.,2199.0,,,,,,,
2026-08-08,sepa,Vea,gaseosa-cola-zero,7790895067556,gaseosa COCA COLA Zero 1.5lt PET-1500-ml.,4150.0,,,,,,,
2026-08-08,sepa,Vea,gaseosa-cola-zero,7790895067570,gaseosa COCA COLA Zero 2.25lt PET-2250-ml.,5500.0,,,,,,,
2026-08-08,sepa,Vea,gaseosa-cola-zero,7790895067587,gaseosa COCA COLA Zero 354cc LAT-354-ml.,2790.0,,,,,,,
2026-08-08,sepa,Vea,gaseosa-cola-zero,7790895640438,gaseosa COCA COLA Zero  3lt PET-3000-ml.,6490.0,,,,,,,
2026-08-08,sepa,Vea,detergente,7790990003022,detergente MAGISTRAL ult lim bot 300ml BOT-300-ml.,2390.0,,,,,,,
2026-08-08,sepa,Vea,detergente,7790990003039,detergente MAGISTRAL ult lim bot 500ml BOT-500-ml.,4290.0,,,,,,,
2026-08-08,sepa,Vea,detergente,7790990003046,detergente MAGISTRAL ult lim bot 750ml BOT-750-ml.,6290.0,,,,,,,
2026-08-08,sepa,Vea,detergente,7790990003121,detergente MAGISTRAL ult mar bot 300ml BOT-300-ml.,2990.0,,,,,,,
2026-08-08,sepa,Vea,detergente,7790990003138,detergente MAGISTRAL ult mar bot 500ml BOT-500-ml.,4290.0,,,,,,,
2026-08-08,sepa,Vea,detergente,7790990003145,detergente MAGISTRAL ult mar bot 750ml BOT-750-ml.,6290.0,,,,,,,
2026-08-08,sepa,Vea,lavandina,7791290793781,limpiador CIF crema lavand cloro 750gr BOT-750-gr.,4850.0,,,,,,,
2026-08-08,sepa,Vea,lavandina,7791290793804,limpiador CIF  gel lavandina cloro 513gr BOT-513-ml.,3800.0,,,,,,,
2026-08-08,sepa,Vea,detergente,7791290794054,lavavajilla CIF bioactive limon 300ml. BOT-300-ml.,2690.0,,,,,,,
2026-08-08,sepa,Vea,detergente,7791290794061,lavavajilla CIF bioactive limon 500ml BOT-500-ml.,4390.0,,,,,,,
2026-08-08,sepa,Vea,detergente,7791290794078,lavavajilla CIF bioactive limon 750ml BOT-750-ml.,6590.0,,,,,,,
2026-08-08,sepa,Vea,detergente,7791290794085,lavavajilla CIF limon bioactiv DP 450ml DOY-450-ml.,3890.0,,,,,,,
2026-08-08,sepa,Vea,detergente,7791290794092,lavavajilla CIF lima bioactive DP 450ml DOY-450-ml.,3890.0,,,,,,,
2026-08-08,sepa,Vea,detergente,7791290794108,lavavajilla CIF bioactive lima 300ml BOT-300-ml.,2690.0,,,,,,,
2026-08-08,sepa,Vea,detergente,7791290794115,lavavajilla CIF bioactive lima 500ml BOT-500-ml.,4390.0,,,,,,,
2026-08-08,sepa,Vea,yogur-natural-sin-azucar,7791337007208,Yog SER Natural 300g POT-300-gr.,4990.0,,,,,,,
2026-08-08,sepa,Vea,gaseosa-cola-zero,7791813828365,gaseosa PEPSI Black 500cc BOT-500-ml.,2100.0,,,,,,,
2026-08-08,sepa,Vea,gaseosa-cola-zero,7791813828419,gaseosa PEPSI Black 1.5lt BOT-1500-ml.,3899.0,,,,,,,
2026-08-08,sepa,Vea,gaseosa-cola-zero,7791813828464,gaseosa PEPSI Black 2lt BOT-2000-ml.,4300.0,,,,,,,
2026-08-08,sepa,Vea,lavandina,7793253003715,Lavandina Ayudin Triple Poder 1L BOT-1000-ml.,1690.0,,,,,,,
2026-08-08,sepa,Vea,lavandina,7793253003722,lavandina AYUDIN Glaciar Triple Poder La BOT-2000-ml.,3190.0,,,,,,,
2026-08-08,sepa,Vea,lavandina,7793253003739,Lavandina Ayudin Triple Poder 4L BOT-4000-ml.,6590.0,,,,,,,
2026-08-08,sepa,Vea,lavandina,7793253003746,Ayudin Pureza Glaciar Triple Poder 1L BOT-1000-ml.,1690.0,,,,,,,
2026-08-08,sepa,Vea,lavandina,7793253003753,lavandina AYUDIN Glaciar Triple Poder 2l BOT-2000-ml.,3190.0,,,,,,,
2026-08-08,sepa,Vea,lavandina,7793253003777,Lavandina Ayudin Anti-Splash Tradi 1L BOT-1000-ml.,1990.0,,,,,,,
2026-08-08,sepa,Vea,lavandina,7793253003784,lavandina AYUDIN Anti Splash 2lt BOT-2000-ml.,3990.0,,,,,,,
2026-08-08,sepa,Vea,lavandina,7793253003791,Ayudín Lavandina en Gel Original 700ml BOT-700-ml.,3190.0,,,,,,,
2026-08-08,sepa,Vea,lavandina,7793253003807,Ayudín Lavandina en Gel Citrica 700ml BOT-700-ml.,3190.0,,,,,,,
2026-08-08,sepa,Vea,lavandina,7793253003814,Ayudín Lavandina en Gel Floral 700ml BOT-700-ml.,3190.0,,,,,,,
2026-08-08,sepa,Vea,lavandina,7793253003821,Ayudín Lavandina en Gel Menta 700ml BOT-700-ml.,3190.0,,,,,,,
2026-08-08,sepa,Vea,lavandina,7793253003838,Ayudín Lavandina en Gel Lavanda 700ml BOT-700-ml.,3190.0,,,,,,,
2026-08-08,sepa,Vea,papel-higienico-doble-hoja,7793344000517,Papel hig New ELEGANTE Extra bl 30m x 4u PAQ-12-m2,3390.0,,,,,,,
2026-08-08,sepa,Vea,rollo-cocina,7793344009206,rollo cocina ELEGANTE dobl h 1x200 paños PCK-1-un.,2690.0,,,,,,,
2026-08-08,sepa,Vea,rollo-cocina,7793344904013,rollo cocina ELEGANTE dobl h 3x50 paños BSA-3-un.,2490.0,,,,,,,
2026-08-08,sepa,Vea,queso-crema-light,7793913013412,Queso Crema Light Tregar 280g POT-280-gr.,3799.0,,,,,,,
2026-08-08,sepa,Vea,ricotta,7793913013665,RICOTTA ENTERA TREGAR X 290 GRS POT-290-gr.,3290.0,,,,,,,
2026-08-08,sepa,Vea,ricotta,7793913013672,RICOTTA LIGHT TREGAR X 290 GRS POT-290-gr.,3550.0,,,,,,,
2026-08-08,sepa,Vea,queso-crema-light,7794820903094,Queso Crematto Balance MILKAUT x 285 grs POT-285-gr.,4399.0,,,,,,,
2026-08-08,sepa,Vea,queso-crema-light,7794990879663,queso crema LA PAULINA light. POT-290-gr.,2999.0,,,,,,,
2026-08-08,sepa,Vea,lavandina,7798131250397,lavandina clasica HEROE 2lt BOT-2000-ml.,2090.0,,,,,,,
2026-08-08,sepa,Vea,yogur-natural-sin-azucar,7798136870545,Yog. Ent. Natural s/az DAHÍ 190g FCO-190-gr.,2799.0,,,,,,,
2026-08-08,sepa,Vea,yogur-natural-sin-azucar,7798136870743,Yog. Desc. Deslac Nat DAHÍ 190g FCO-200-gr.,3399.0,,,,,,,
2026-08-08,sepa,Vea,capsulas-nespresso-starbucks,8445291363656,Capsulas STARBUCKS House Blend 12u CJA-52-gr.,16699.0,,,,,,,
2026-08-08,sepa,Vea,capsulas-nespresso-starbucks,8445291367272,Capsulas STARBUCKS Espresso Roast 12u CJA-78-gr.,16699.0,,,,,,,
2026-08-09,sepa,Axion Energy,gaseosa-cola-zero,7790895067532,COCA COLA ZERO 500 ML,3400.0,,,,,,,
2026-08-09,sepa,Axion Energy,gaseosa-cola-zero,7790895067556,COCA COLA ZERO 1.5 L,7300.0,,,,,,,
2026-08-09,sepa,Axion Energy,gaseosa-cola-zero,7790895067570,DISC:DISC COCA COLA ZERO 2.25L,7200.0,,,,,,,
2026-08-09,sepa,Axion Energy,gaseosa-cola-zero,7790895067587,COCA COLA ZERO LATA 354ML,3200.0,,,,,,,
2026-08-09,sepa,Axion Energy,gaseosa-cola-zero,7791813828365,PEPSI BLACK 500ML,3000.0,,,,,,,
2026-08-09,sepa,Axion Energy,gaseosa-cola-zero,7791813828419,PEPSI BLACK 1.5L,6600.0,,,,,,,
2026-08-09,sepa,COTO CICSA,desodorante-barra-hombre,75083694,DESODORANTE BARRA BLUE LAVEN. AXE BAR 58 GRM,8711.99,,,,,,,
2026-08-09,sepa,COTO CICSA,desodorante-barra-hombre,75083700,DESODORANTE BARRA AQUA CITRUS AXE BAR 58 GRM,8711.99,,,,,,,
2026-08-09,sepa,COTO CICSA,cafe-instantaneo,7613035379213,CAFE INSTANTANEO NESCAFE DESCAFEINADO FRA 95 GRM,16650.0,,,,,,,
2026-08-09,sepa,COTO CICSA,capsulas-nespresso-starbucks,7613036961004,CAPSULA CAFÉ STARBUCKS BLONDE ESPRESSO CJA 53 GRM,17766.0,,,,,,,
2026-08-09,sepa,COTO CICSA,suprema-pollo,7790070036063,SUPREMAS DE POLLO GRANJA DEL SOL PAQ 360 GRM,10665.0,,,,,,,
2026-08-09,sepa,COTO CICSA,vinagre-alcohol,7790130000034,VINAGRE DE ALCOHOL MENOYO BOT 500 CC,1399.0,,,,,,,
2026-08-09,sepa,COTO CICSA,vinagre-alcohol,7790130000058,VINAGRE DE ALCOHOL MENOYO BOT 1 LTR,1765.0,,,,,,,
2026-08-09,sepa,COTO CICSA,vinagre-alcohol,7790130000263,VINAGRE DE ALCOHOL ALCAZAR PET 500 CMQ,1119.0,,,,,,,
2026-08-09,sepa,COTO CICSA,lavandina,7790132098459,LAVANDINA AYUDIN BOT 1 LTR,1453.99,,,,,,,
2026-08-09,sepa,COTO CICSA,vinagre-alcohol,7790139003166,VINAGRE DE ALCOHOL CASALTA CLASICO BOT 500 CC,1205.0,,,,,,,
2026-08-09,sepa,COTO CICSA,vinagre-alcohol,7790139101138,VINAGRE DE ALCOHOL  FAVINCO PET 1000 CC,1587.0,,,,,,,
2026-08-09,sepa,COTO CICSA,vinagre-alcohol,7790139101145,VINAGRE DE ALCOHOL FAVINCO BOT 500 ML,1162.0,,,,,,,
2026-08-09,sepa,COTO CICSA,cafe-instantaneo,7790150100486,CAFÉ INSTANTÁNEO CLÁSICO LA VIRGINIA FRA 170 GRM,9215.0,,,,,,,
2026-08-09,sepa,COTO CICSA,cafe-instantaneo,7790170904798,CAFÉ INSTANTÁNEO INTENSO MORENITA FRA 100 GRM,6350.0,,,,,,,
2026-08-09,sepa,COTO CICSA,queso-crema-light,7790244941605,QUESO D/CREMA DIETETICO SAN IGNACIO POT 290 GRM,3769.0,,,,,,,
2026-08-09,sepa,COTO CICSA,queso-crema-light,7790244941612,QUESO D/CREMA DIETETICO SAN IGNACIO POT 480 GRM,5669.0,,,,,,,
2026-08-09,sepa,COTO CICSA,papel-higienico-doble-hoja,7790250015536,P.HIGIÉNICO DOBLE HOJA PLUS HIGIENOL PAQ X4 UNI 30M,4593.99,,,,,,,
2026-08-09,sepa,COTO CICSA,papel-higienico-doble-hoja,7790250015567,PAPEL HIGIÉNICO DH PLUS HIGIENOL PAQ 4 UNI 20 M2,3545.99,,,,,,,
2026-08-09,sepa,COTO CICSA,papel-higienico-doble-hoja,7790250026075,PAPEL HIGIENICO ULTRA SUAVE 4 X 30M ELITE PAQ 12 M2,5617.99,,,,,,,
2026-08-09,sepa,COTO CICSA,papel-higienico-doble-hoja,7790250026082,PAPEL HIG.ULTR.SUAV. ELITE PAQ 20 M2,10352.99,,,,,,,
2026-08-09,sepa,COTO CICSA,rollo-cocina,7790250056881,"ROLLO D/COCINA CLÁSICO 3X 50 PAÑOS SUSSEX PAQ 6,33 MT2",2957.99,,,,,,,
2026-08-09,sepa,COTO CICSA,rollo-cocina,7790250056898,ROLLO D/COCINA ULTRA 180 PAÑOS SUSSEX PAQ 7.59 M2,4979.99,,,,,,,
2026-08-09,sepa,COTO CICSA,yerba-mananita,7790387015317,YERBA MATE 4 FLEX MAÑANITA PAQ 1 KGM,5370.0,,,,,,,
2026-08-09,sepa,COTO CICSA,yerba-mananita,7790387015324,YERBA MATE 4 FLEX MAÑANITA PAQ 500 GRM,2750.0,,,,,,,
2026-08-09,sepa,COTO CICSA,atun-lomitos-natural,7790580131364,LOMO D/ATÚN AL NATURAL LA CAMPAGNOLA LAT 170 GRM,5813.0,,,,,,,
2026-08-09,sepa,COTO CICSA,ricotta,7790742102805,RICOTTA ENTERA GARCIA BAJA EN SODIO SHC 500 GRM,4755.0,,,,,,,
2026-08-09,sepa,COTO CICSA,ricotta,7790742114204,RICOTTA GARCIA SCH 500 GRM,4755.0,,,,,,,
2026-08-09,sepa,COTO CICSA,leche-protein,7790742358608,LECHE DESC. LA SERENISIMA PROTEIN BOT 1 LTR,2999.0,,,,,,,
2026-08-09,sepa,COTO CICSA,queso-crema-light,7790742373304,QUESO PROCESADO LIGHT FINLANDIA POT 290 GRM,5479.0,,,,,,,
2026-08-09,sepa,COTO CICSA,yogur-natural-sin-azucar,7790787960934,YOGURT DESC.SAB.NATURAL ILOLAY POT 350 GRM,3699.0,,,,,,,
2026-08-09,sepa,COTO CICSA,gaseosa-cola-zero,7790895067532,GASEOSA COCA COLA SIN AZUCAR  BOT 500 CC,2450.0,,,,,,,
2026-08-09,sepa,COTO CICSA,gaseosa-cola-zero,7790895067556,"GASEOSA COCA COLA  SIN AZUCAR BOT 1,5 LTR",4150.0,,,,,,,
2026-08-09,sepa,COTO CICSA,gaseosa-cola-zero,7790895067570,"GASEOSA COCA COLA SIN AZUCAR  BOT 2,25 LTR",5500.0,,,,,,,
2026-08-09,sepa,COTO CICSA,gaseosa-cola-zero,7790895640438,GASEOSA COCA COLA SIN AZUCAR  BOT 3 LTR,6650.0,,,,,,,
2026-08-09,sepa,COTO CICSA,detergente,7790990003022,DETERGENTE LAVAV.ULTRA LIMÓN MAGISTRAL BOT 300 ML,3129.99,,,,,,,
2026-08-09,sepa,COTO CICSA,detergente,7790990003039,DETERGENTE LAVAV.ULTRA LIMÓN MAGISTRAL BOT 500 ML,5049.99,,,,,,,
2026-08-09,sepa,COTO CICSA,detergente,7790990003046,DETERGENTE LAVAV.ULTRA LIMÓN MAGISTRAL BOT 750 ML,7559.99,,,,,,,
2026-08-09,sepa,COTO CICSA,detergente,7790990003053,DETERGENTE LIMÓN MAGISTRAL BOT 1.4 LTR,13989.99,,,,,,,
2026-08-09,sepa,COTO CICSA,detergente,7790990003121,DETERGENTE LAVAV.ULTRA MARINA MAGISTRAL BOT 300 ML,3129.99,,,,,,,
2026-08-09,sepa,COTO CICSA,detergente,7790990003138,DETERGENTE LAVAV.ULTRA MARINA MAGISTRAL BOT 500 ML,5049.99,,,,,,,
2026-08-09,sepa,COTO CICSA,detergente,7790990003381,DETER.LAVAV.ULTRA LIMÓN MAGISTRAL PLATINUM+ BOT 500 ML,6219.99,,,,,,,
2026-08-09,sepa,COTO CICSA,detergente,7790990003404,DETERGENTE ULTRA DESENG.LIMÓN MAGISTRAL BOT 300 ML,3489.99,,,,,,,
2026-08-09,sepa,COTO CICSA,detergente,7790990003411,DETERGENTE ULTRA DESENG.LIMÓN MAGISTRAL BOT 500 ML,5049.99,,,,,,,
2026-08-09,sepa,COTO CICSA,detergente,7790990003787,REPUESTO DETERG.ULTRA DESENG. LIMÓN MAGISTRAL DOY 450 ML,4319.99,,,,,,,
2026-08-09,sepa,COTO CICSA,rollo-cocina,7791070005806,"ROLLOS D/COCINA 50 PAÑOS 3 UNI CELESTIAL PAQ 5,32 MT2",3188.99,,,,,,,
2026-08-09,sepa,COTO CICSA,lavandina,7791290793781,LIMP.CREMOSO C/LAVANDINA CLORO CLORO CIF BOT 750 GRM,4665.99,,,,,,,
2026-08-09,sepa,COTO CICSA,lavandina,7791290793804,LIMP.DESINF.E/GEL C/LAVANDINA CLORO CIF BOT 513 GRM,3671.99,,,,,,,
2026-08-09,sepa,COTO CICSA,detergente,7791290794054,DETERGENTE BIO ACTIVE LIMON CIF BOT 300 ML,2710.99,,,,,,,
2026-08-09,sepa,COTO CICSA,detergente,7791290794061,DETERGENTE BIO ACT.LIMON CIF BOT 500 ML,4390.99,,,,,,,
2026-08-09,sepa,COTO CICSA,detergente,7791290794085,DETERGENTE BIOACTIVE LIMÓN CIF DOY 450 ML,3864.99,,,,,,,
2026-08-09,sepa,COTO CICSA,detergente,7791290794092,DETERGENTE BIOACTIVE LIMA CIF DOY 450 ML,3864.99,,,,,,,
2026-08-09,sepa,COTO CICSA,detergente,7791290794108,DETERGENTE BIO ACTIVE LIMA CIF BOT 300 ML,2710.99,,,,,,,
2026-08-09,sepa,COTO CICSA,detergente,7791290794115,DETERGENTE BIO ACT.LIMA CIF BOT 500 ML,4390.99,,,,,,,
2026-08-09,sepa,COTO CICSA,lavandina,7791290794955,LAVANDINA EN GEL ORIGINAL VIM BOT 700 ML,3519.99,,,,,,,
2026-08-09,sepa,COTO CICSA,lavandina,7791290794962,LAVANDINA EN GEL LAVANDA VIM BOT 700 ML,3519.99,,,,,,,
2026-08-09,sepa,COTO CICSA,lavandina,7791290794979,LAVANDINA EN GEL CITRUS VIM BOT 700 ML,3519.99,,,,,,,
2026-08-09,sepa,COTO CICSA,detergente,7791290796706,DETERGENTE ORIGINAL CIF BOT 500 ML,5484.99,,,,,,,
2026-08-09,sepa,COTO CICSA,detergente,7791290796713,DETERGENTE ORIGINAL CIF BOT 750 ML,8232.99,,,,,,,
2026-08-09,sepa,COTO CICSA,detergente,7791290796737,DETERGENTE LIMON CIF BOT 500 ML,5484.99,,,,,,,
2026-08-09,sepa,COTO CICSA,detergente,7791290796744,DETERGENTE LIMON CIF BOT 750 ML,8232.99,,,,,,,
2026-08-09,sepa,COTO CICSA,detergente,7791290796751,DETERGENTE LIMON CIF DOY 400 ML,4289.99,,,,,,,
2026-08-09,sepa,COTO CICSA,queso-crema-light,7791337009851,QUESO BLANCO CLÁSICO SUAVE LA SERENISIMA POT 460 GRM,6045.0,,,,,,,
2026-08-09,sepa,COTO CICSA,gaseosa-cola-zero,7791813828365,GASEOSA COLA BLACK PEPSI BOT 500 ML,2200.0,,,,,,,
2026-08-09,sepa,COTO CICSA,gaseosa-cola-zero,7791813828419,GASEOSA COLA PEPSI BLACK  BOT. 1500 CMQ,3950.0,,,,,,,
2026-08-09,sepa,COTO CICSA,gaseosa-cola-zero,7791813828464,GASEOSA COLA PEPSI BLACK BOT 2000 CMQ,4400.0,,,,,,,
2026-08-09,sepa,COTO CICSA,rollo-cocina,7791828000121,ROLLO COCINA FELPITA DOBLE HOJA PAQ 3 UNI,2855.99,,,,,,,
2026-08-09,sepa,COTO CICSA,rollo-cocina,7791828900025,ROLLOS DE COCINA FELPITA  DISNEY BSA 3 UNI 4.968MT2,3267.99,,,,,,,
2026-08-09,sepa,COTO CICSA,papel-higienico-doble-hoja,7791828900049,P. HIGIENICO D/H FELPITA  INFIN 12MT2 4ROLL 30MT,4449.99,,,,,,,
2026-08-09,sepa,COTO CICSA,rollo-cocina,7791828900056,ROLL. COC INFIN X3 - 300 PAÑ,5106.99,,,,,,,
2026-08-09,sepa,COTO CICSA,papel-higienico-doble-hoja,7791828900186,P. HIGIENICO D/H FELPITA   PAQ 8 MT2 4ROLL 20MT,2939.99,,,,,,,
2026-08-09,sepa,COTO CICSA,papel-higienico-doble-hoja,7791828900278,PAPEL HIGIÉNICO PURA CARICIA  FELPITA PAQ X6 UNI 30 MTR,6405.99,,,,,,,
2026-08-09,sepa,COTO CICSA,papel-higienico-doble-hoja,7791828900285,PAPEL HIGIÉNICO INFINITY FELPITA PAQ X4 UNI 5 M2,6859.99,,,,,,,
2026-08-09,sepa,COTO CICSA,rollo-cocina,7791828900377,"ROLLO D/COCINA MAXIROLLO FELPITA ROL 2,8 MTR",3070.99,,,,,,,
2026-08-09,sepa,COTO CICSA,rollo-cocina,7791828900537,ROLLO DE COCI.180 PAÑOS D.HOJ. FELPITA BSA 7.59 M2,2799.99,,,,,,,
2026-08-09,sepa,COTO CICSA,rollo-cocina,7791828900599,"ROLL.D/COCIN.ALTO 150 PAÑOS FELPITA ROL 5,67 M2",3075.99,,,,,,,
2026-08-09,sepa,COTO CICSA,lavandina,7791905000020,LAVANDINA QUERUBIN BOT 1 LTR,1620.99,,,,,,,
2026-08-09,sepa,COTO CICSA,lavandina,7791905000037,LAVANDINA QUERUBIN BOT 2 LTR,3130.99,,,,,,,
2026-08-09,sepa,COTO CICSA,lavandina,7791905000372,LAVANDINA QUERUBIN BID 4 LTR,6030.99,,,,,,,
2026-08-09,sepa,COTO CICSA,lavandina,7793253003715,LAVANDINA TRIPLE PODER LAVANDA AYUDIN BOT 1 LTR,1886.99,,,,,,,
2026-08-09,sepa,COTO CICSA,lavandina,7793253003722,LAVANDINA TRIPLE PODER LAVANDA AYUDIN BOT 2 LTR,3606.99,,,,,,,
2026-08-09,sepa,COTO CICSA,lavandina,7793253003739,LAVANDINA TRIPLE PODER LAVANDA AYUDIN BID 4 LTR,7204.99,,,,,,,
2026-08-09,sepa,COTO CICSA,lavandina,7793253003746,LAVANDINA TRIPLE PODER PUREZA GLAC AYUDIN BOT 1 LTR,1886.99,,,,,,,
2026-08-09,sepa,COTO CICSA,lavandina,7793253003753,LAVANDINA TRIPLE PODER PUREZA GLAC AYUDIN BOT 2 LTR,3606.99,,,,,,,
2026-08-09,sepa,COTO CICSA,lavandina,7793253003760,LAVANDINA TRIPLE PODER PUREZA GLAC AYUDIN BID 4 LTR,7204.99,,,,,,,
2026-08-09,sepa,COTO CICSA,lavandina,7793253003777,LAVANDINA ANTI SPLASH AYUDIN BOT 1 LTR,2225.99,,,,,,,
2026-08-09,sepa,COTO CICSA,lavandina,7793253003784,LAVANDINA ANTI SPLASH AYUDIN BOT 2 LTR,4311.99,,,,,,,
2026-08-09,sepa,COTO CICSA,lavandina,7793253003791,LAVANDINA EN GEL ORIGINAL AYUDIN BOT 700 ML,3558.99,,,,,,,
2026-08-09,sepa,COTO CICSA,lavandina,7793253003807,LAVANDINA EN GEL CÍTRICA AYUDIN BOT 700 ML,3558.99,,,,,,,
2026-08-09,sepa,COTO CICSA,lavandina,7793253003814,LAVANDINA EN GEL FLORAL AYUDIN BOT 700 ML,3558.99,,,,,,,
2026-08-09,sepa,COTO CICSA,lavandina,7793253003821,LAVANDINA EN GEL MENTA AYUDIN BOT 700 ML,3558.99,,,,,,,
2026-08-09,sepa,COTO CICSA,lavandina,7793253003838,LAVANDINA EN GEL LAVANDA AYUDIN BOT 700 ML,3558.99,,,,,,,
2026-08-09,sepa,COTO CICSA,lavandina,7793253005856,LAVANDINA EN GEL ORIGINAL AYUDIN BOT 500 ML,3011.99,,,,,,,
2026-08-09,sepa,COTO CICSA,lavandina,7793253006709,LAVANDINA ORIGINAL AYUDIN BOT 2 LTR,2925.99,,,,,,,
2026-08-09,sepa,COTO CICSA,lavandina,7793253006716,LAVANDINA ORIGINAL AYUDIN BID 4 LTR,5842.99,,,,,,,
2026-08-09,sepa,COTO CICSA,lavandina,7793253007263,LAVANDINA ANTISPLASH AYUDIN BID 4 LTR,8280.99,,,,,,,
2026-08-09,sepa,COTO CICSA,yogur-natural-sin-azucar,7793913002423,YOGUR ENTERO NATURAL TREGAR POTE X140 GRS.,2090.0,,,,,,,
2026-08-09,sepa,COTO CICSA,queso-crema-light,7793913013412,QUESO CREMA DESCREMADO TREGAR POT 280 GRM,4190.0,,,,,,,
2026-08-09,sepa,COTO CICSA,queso-crema-light,7793913013641,QUESO UNTABLE DESCREMADO TREGAR POT 180 GRM,3090.0,,,,,,,
2026-08-09,sepa,COTO CICSA,ricotta,7793913013665,RICOTTA ENTERA TREGAR POT 290 GRM,3790.0,,,,,,,
2026-08-09,sepa,COTO CICSA,ricotta,7793913013672,RICOTTA SEMIDESCREMADA S/SAL TREGAR POT 290 GRM,3790.0,,,,,,,
2026-08-09,sepa,COTO CICSA,yogur-natural-sin-azucar,7794820903612,YOG.CREMOSO SAB.NATURAL MILKAUT  POT 300 GRM,3879.0,,,,,,,
2026-08-09,sepa,COTO CICSA,yogur-natural-sin-azucar,7794820903711,YOG.CREM.DESC.SAB.NATURAL BALANCE MILKAUT  POT 300 GRM,3879.0,,,,,,,
2026-08-09,sepa,COTO CICSA,queso-crema-light,7794990879663,QUESO CREMA LA PAULINA LIGHT POT 290 GRM,3435.0,,,,,,,
2026-08-09,sepa,COTO CICSA,yogur-natural-sin-azucar,7798136870545,YOGUR FIRME ENT.NAT.S/AZUC DAHI FRA 190 GRM,2725.0,,,,,,,
2026-08-09,sepa,COTO CICSA,yogur-natural-sin-azucar,7798136870859,YOGUR ESTILO GRIEGO NATURAL DAHI FRA 190 GRM,3295.0,,,,,,,
2026-08-09,sepa,COTO CICSA,ricotta,7798179070018,RICOTA CON CREMA SILVIA SCH 500 GRM,3285.0,,,,,,,
2026-08-09,sepa,COTO CICSA,leche-protein,7798338291803,LECHE C/PROTEINA TRES NIÑAS TTB 1 LTR,2865.0,,,,,,,
2026-08-09,sepa,COTO CICSA,atun-lomitos-natural,7891167831100,ATUN GOMES DA COSTA LOMO AL NATURAL LAT 170 GRM,4050.0,,,,,,,
2026-08-09,sepa,COTO CICSA,capsulas-nespresso-starbucks,8445290154125,CAFÉ CAPS.SMOOTH CARAMEL STARBUCKS CJA 51 GRM,16605.0,,,,,,,
2026-08-09,sepa,COTO CICSA,cafe-instantaneo,8445291311510,CAFÉ INSTANTANEO TRADICIÓN NESCAFE DOY 100 GRM,8952.0,,,,,,,
2026-08-09,sepa,COTO CICSA,capsulas-nespresso-starbucks,8445291363656,CAFÉ CAPSULA HOUSE BLEND LUNGO STARBUCKS CJA 78 GRM,15995.0,,,,,,,
2026-08-09,sepa,COTO CICSA,capsulas-nespresso-starbucks,8445291367272,CAFÉ CAPSULA ESPRESO ROAST STARBUCKS CJA 78 GRM,16605.0,,,,,,,
2026-08-09,sepa,Cooperativa Obrera Limitada de Consumo y Vivienda,desodorante-barra-hombre,7501001163983,DEO BARRA OLD SPICE FRESH,10128.0,,,,,,,
2026-08-09,sepa,Cooperativa Obrera Limitada de Consumo y Vivienda,cafe-instantaneo,7613035379213,CAFE NESCAFE SOLUBLE DESC,18170.0,,,,,,,
2026-08-09,sepa,Cooperativa Obrera Limitada de Consumo y Vivienda,cafe-instantaneo,7613036312752,CAFE NESCAFE ESPRESSO FRA,18990.0,25860.0,,,,,Vigencia desde el 30/07/2026 al 12/08/2026,
2026-08-09,sepa,Cooperativa Obrera Limitada de Consumo y Vivienda,lavandina,7790132098459,LAVANDINA AYUDIN ORIGINAL,1270.0,,,,,,,
2026-08-09,sepa,Cooperativa Obrera Limitada de Consumo y Vivienda,vinagre-alcohol,7790139003166,VINAGRE CASALTA ALCOHOL,1239.0,,,,,,,
2026-08-09,sepa,Cooperativa Obrera Limitada de Consumo y Vivienda,vinagre-alcohol,7790139101138,VINAGRE FAVINCO ALCOHOL,1585.0,,,,,,,
2026-08-09,sepa,Cooperativa Obrera Limitada de Consumo y Vivienda,vinagre-alcohol,7790139101145,VINAGRE FAVINCO ALC S/TAC,1229.0,,,,,,,
2026-08-09,sepa,Cooperativa Obrera Limitada de Consumo y Vivienda,cafe-instantaneo,7790150100462,CAFE INST LV CLAS.DPACK,6990.0,8005.0,,,,,Vigencia desde el 30/07/2026 al 12/08/2026 hasta agotar Stock de 32 unidades.,
2026-08-09,sepa,Cooperativa Obrera Limitada de Consumo y Vivienda,cafe-instantaneo,7790150100486,CAFE INST LV FRAS CLASICO,8550.0,,,,,,,
2026-08-09,sepa,Cooperativa Obrera Limitada de Consumo y Vivienda,cafe-instantaneo,7790150100783,CAFE INST LV CLASICO ESP,5920.0,,,,,,,
2026-08-09,sepa,Cooperativa Obrera Limitada de Consumo y Vivienda,cafe-instantaneo,7790150100806,CAFE INST LA VIRGINIA DP,6779.0,,,,,,,
2026-08-09,sepa,Cooperativa Obrera Limitada de Consumo y Vivienda,cafe-instantaneo,7790150101476,CAFE INST LV SUAVE DP,6990.0,8005.0,,,,,Vigencia desde el 30/07/2026 al 12/08/2026 hasta agotar Stock de 66 unidades.,
2026-08-09,sepa,Cooperativa Obrera Limitada de Consumo y Vivienda,cafe-instantaneo,7790150101490,CAFE INST LV SUAVE FRASCO,8550.0,,,,,,,
2026-08-09,sepa,Cooperativa Obrera Limitada de Consumo y Vivienda,cafe-instantaneo,7790150101773,CAFE INST LV SUAVE FRASCO,6179.0,,,,,,,
2026-08-09,sepa,Cooperativa Obrera Limitada de Consumo y Vivienda,cafe-instantaneo,7790150101780,CAFE INST LV SUAVE DP,5138.0,,,,,,,
2026-08-09,sepa,Cooperativa Obrera Limitada de Consumo y Vivienda,rollo-cocina,7790250056881,ROLLO SUSSEX CLAS BLANCO,2990.0,,,,,,,
2026-08-09,sepa,Cooperativa Obrera Limitada de Consumo y Vivienda,rollo-cocina,7790250056898,ROLLO COCINA SUSSEX ULTRA,4390.0,,,,,,,
2026-08-09,sepa,Cooperativa Obrera Limitada de Consumo y Vivienda,rollo-cocina,7790250056980,ROLLO COC SUSSEX MAXI,6590.0,,,,,,,
2026-08-09,sepa,Cooperativa Obrera Limitada de Consumo y Vivienda,rollo-cocina,7790250057086,SUSSEX CLASICO MEGARROLLO,2490.0,3320.0,,,,,Vigencia desde el 30/07/2026 al 12/08/2026 hasta agotar Stock de 26 unidades.,
2026-08-09,sepa,Cooperativa Obrera Limitada de Consumo y Vivienda,yerba-mananita,7790387015317,YERBA MAÑANITA 4FLEX,5350.0,,,,,,,
2026-08-09,sepa,Cooperativa Obrera Limitada de Consumo y Vivienda,yerba-mananita,7790387015324,YERBA MAÑANITA 4FLEX 1/2,2750.0,,,,,,,
2026-08-09,sepa,Cooperativa Obrera Limitada de Consumo y Vivienda,cafe-instantaneo,7790550029431,CAFE LPC FRASCO CLASICO,10091.0,,,,,,,
2026-08-09,sepa,Cooperativa Obrera Limitada de Consumo y Vivienda,atun-lomitos-natural,7790580131364,ATUN LC LOMO NATURAL,5740.0,,,,,,,
2026-08-09,sepa,Cooperativa Obrera Limitada de Consumo y Vivienda,leche-protein,7790742358608,LECHE DESC LS PROTEIN BOT,2490.0,3149.0,,,,,Vigencia desde el 30/07/2026 al 12/08/2026 hasta agotar Stock de 143 unidades.,
2026-08-09,sepa,Cooperativa Obrera Limitada de Consumo y Vivienda,yogur-natural-sin-azucar,7790787960934,YOGUR NATURAL CREM ILOLAY,3599.0,,,,,,,
2026-08-09,sepa,Cooperativa Obrera Limitada de Consumo y Vivienda,gaseosa-cola-zero,7790895067532,COCA COLA SIN AZUCAR,2450.0,,,,,,,
2026-08-09,sepa,Cooperativa Obrera Limitada de Consumo y Vivienda,gaseosa-cola-zero,7790895067556,COCA COLA SIN AZUCAR,4150.0,,,,,,,
2026-08-09,sepa,Cooperativa Obrera Limitada de Consumo y Vivienda,gaseosa-cola-zero,7790895067570,COCA COLA SIN AZUCAR,4200.0,5500.0,,,,,Llevando 2 paga $4200.00 c/u - Vigencia desde el 30/07/2026 al 12/08/2026 o hasta agotar Stock de 149 unidades.,
2026-08-09,sepa,Cooperativa Obrera Limitada de Consumo y Vivienda,detergente,7790990003022,DET MAGISTRAL ULTRA LIMON,3400.0,,,,,,,
2026-08-09,sepa,Cooperativa Obrera Limitada de Consumo y Vivienda,detergente,7790990003039,DET MAGISTRAL ULTRA LIMON,4700.0,,,,,,,
2026-08-09,sepa,Cooperativa Obrera Limitada de Consumo y Vivienda,detergente,7790990003046,DET MAGISTRAL ULTRA LIMON,7990.0,,,,,,,
2026-08-09,sepa,Cooperativa Obrera Limitada de Consumo y Vivienda,detergente,7790990003121,DET MAGISTRAL ULTRA MARIN,3400.0,,,,,,,
2026-08-09,sepa,Cooperativa Obrera Limitada de Consumo y Vivienda,detergente,7790990003138,DET MAGISTRAL ULTRA MARIN,4700.0,,,,,,,
2026-08-09,sepa,Cooperativa Obrera Limitada de Consumo y Vivienda,detergente,7790990003145,DET MAGISTRAL ULTRA MARIN,7990.0,,,,,,,
2026-08-09,sepa,Cooperativa Obrera Limitada de Consumo y Vivienda,detergente,7790990003787,DET MAGISTRAL ULT LIM DP,4550.0,,,,,,,
2026-08-09,sepa,Cooperativa Obrera Limitada de Consumo y Vivienda,lavandina,7791290793781,CIF CREMA C/LAVAND Y CLOR,3490.0,4790.0,,,,,Vigencia desde el 30/07/2026 al 12/08/2026 hasta agotar Stock de 4 unidades.,
2026-08-09,sepa,Cooperativa Obrera Limitada de Consumo y Vivienda,lavandina,7791290793804,CIF GEL C/LAVAND Y CLORO,3790.0,,,,,,,
2026-08-09,sepa,Cooperativa Obrera Limitada de Consumo y Vivienda,detergente,7791290794054,DET CIF BIOACTIVE LIMON,2749.0,,,,,,,
2026-08-09,sepa,Cooperativa Obrera Limitada de Consumo y Vivienda,detergente,7791290794061,DET CIF BIOACTIVE LIMON,2990.0,4209.0,,,,,Vigencia desde el 30/07/2026 al 12/08/2026 hasta agotar Stock de 36 unidades.,
2026-08-09,sepa,Cooperativa Obrera Limitada de Consumo y Vivienda,detergente,7791290794078,DET CIF BIOACTIVE LIMON,6690.0,,,,,,,
2026-08-09,sepa,Cooperativa Obrera Limitada de Consumo y Vivienda,detergente,7791290794085,CIF BIOACTIVE LIMON DP,3870.0,,,,,,,
2026-08-09,sepa,Cooperativa Obrera Limitada de Consumo y Vivienda,detergente,7791290794092,CIF BIOACTIVE LIMA DP,3870.0,,,,,,,
2026-08-09,sepa,Cooperativa Obrera Limitada de Consumo y Vivienda,detergente,7791290794108,DET CIF BIOACTIVE LIMA,2790.0,,,,,,,
2026-08-09,sepa,Cooperativa Obrera Limitada de Consumo y Vivienda,detergente,7791290794115,DET CIF BIOACTIVE LIMA,2990.0,4209.0,,,,,Vigencia desde el 30/07/2026 al 12/08/2026 hasta agotar Stock de 4 unidades.,
2026-08-09,sepa,Cooperativa Obrera Limitada de Consumo y Vivienda,detergente,7791290796706,DET CIF ACTIVE GEL ORIGIN,5550.0,,,,,,,
2026-08-09,sepa,Cooperativa Obrera Limitada de Consumo y Vivienda,detergente,7791290796720,DET CIF ACTIV GEL ORIG DP,4390.0,,,,,,,
2026-08-09,sepa,Cooperativa Obrera Limitada de Consumo y Vivienda,detergente,7791290796737,DET CIF ACTIVE GEL LIMON,5550.0,,,,,,,
2026-08-09,sepa,Cooperativa Obrera Limitada de Consumo y Vivienda,detergente,7791290796751,DET CIF ACT GEL LIMON DP,4390.0,,,,,,,
2026-08-09,sepa,Cooperativa Obrera Limitada de Consumo y Vivienda,yogur-natural-sin-azucar,7791337007208,YOGUR SER DESC S/LACT NAT,4999.0,,,,,,,
2026-08-09,sepa,Cooperativa Obrera Limitada de Consumo y Vivienda,yogur-natural-sin-azucar,7791337010932,YOGURISIMO GRIEGO FIRME N,3250.0,,,,,,,
2026-08-09,sepa,Cooperativa Obrera Limitada de Consumo y Vivienda,gaseosa-cola-zero,7791813828365,PEPSI BLACK,1290.0,2500.0,,,,,Vigencia desde el 30/07/2026 al 12/08/2026 hasta agotar Stock de 47 unidades.,
2026-08-09,sepa,Cooperativa Obrera Limitada de Consumo y Vivienda,gaseosa-cola-zero,7791813828419,PEPSI BLACK,4300.0,,,,,,,
2026-08-09,sepa,Cooperativa Obrera Limitada de Consumo y Vivienda,gaseosa-cola-zero,7791813828464,PEPSI BLACK,2500.0,4750.0,,,,,Vigencia desde el 30/07/2026 al 12/08/2026 hasta agotar Stock de 81 unidades.,
2026-08-09,sepa,Cooperativa Obrera Limitada de Consumo y Vivienda,rollo-cocina,7791828000121,ROLLO COCI FELPITA BLANCO,2695.0,,,,,,,
2026-08-09,sepa,Cooperativa Obrera Limitada de Consumo y Vivienda,rollo-cocina,7791828900056,ROLLO FELPITA INFINITY BL,5249.0,,,,,,,
2026-08-09,sepa,Cooperativa Obrera Limitada de Consumo y Vivienda,rollo-cocina,7791828900377,ROLLO FELPITA BLANCO,3090.0,,,,,,,
2026-08-09,sepa,Cooperativa Obrera Limitada de Consumo y Vivienda,lavandina,7791905003663,LAVAN ADIT QUERUBIN RO BL,2350.0,,,,,,,
2026-08-09,sepa,Cooperativa Obrera Limitada de Consumo y Vivienda,lavandina,7791905023203,LAVANDINA ODEX,1550.0,,,,,,,
2026-08-09,sepa,Cooperativa Obrera Limitada de Consumo y Vivienda,lavandina,7791905023210,LAVANDINA ODEX,2850.0,,,,,,,
2026-08-09,sepa,Cooperativa Obrera Limitada de Consumo y Vivienda,lavandina,7791905023227,LAVANDINA ODEX,5590.0,,,,,,,
2026-08-09,sepa,Cooperativa Obrera Limitada de Consumo y Vivienda,lavandina,7793253003715,LAV AYUDIN LAVANDA TRIPLE,1885.0,,,,,,,
2026-08-09,sepa,Cooperativa Obrera Limitada de Consumo y Vivienda,lavandina,7793253003722,LAV AYUDIN LAVANDA TRIPLE,3600.0,,,,,,,
2026-08-09,sepa,Cooperativa Obrera Limitada de Consumo y Vivienda,lavandina,7793253003746,LAV AYUDIN GLACIAR TRIPLE,1885.0,,,,,,,
2026-08-09,sepa,Cooperativa Obrera Limitada de Consumo y Vivienda,lavandina,7793253003753,LAV AYUDIN GLACIAR TRIPLE,3600.0,,,,,,,
2026-08-09,sepa,Cooperativa Obrera Limitada de Consumo y Vivienda,lavandina,7793253003777,LAV AYUDIN ANTISPLASH,2319.0,,,,,,,
2026-08-09,sepa,Cooperativa Obrera Limitada de Consumo y Vivienda,lavandina,7793253003784,LAV AYUDIN ANTISPLASH X2,4650.0,,,,,,,
2026-08-09,sepa,Cooperativa Obrera Limitada de Consumo y Vivienda,lavandina,7793253006709,LAVANDINA AYUDIN ORIGINAL,2680.0,,,,,,,
2026-08-09,sepa,Cooperativa Obrera Limitada de Consumo y Vivienda,lavandina,7793253006716,LAVANDINA AYUDIN ORIGINAL,6990.0,,,,,,,
2026-08-09,sepa,Cooperativa Obrera Limitada de Consumo y Vivienda,rollo-cocina,7793344009206,ROLLO COC ELEGANTE,3190.0,,,,,,,
2026-08-09,sepa,Cooperativa Obrera Limitada de Consumo y Vivienda,rollo-cocina,7793344009305,ROLLO COC ELEGANTE PREM,3675.0,5390.0,,,,,Vigencia desde el 30/07/2026 al 12/08/2026 hasta agotar Stock de 23 unidades.,
2026-08-09,sepa,Cooperativa Obrera Limitada de Consumo y Vivienda,rollo-cocina,7793344904013,ROLLO COC ELEGANTE,2830.0,,,,,,,
2026-08-09,sepa,Cooperativa Obrera Limitada de Consumo y Vivienda,rollo-cocina,7793344904853,ROLLO COC ELEGANTE,3490.0,,,,,,,
2026-08-09,sepa,Cooperativa Obrera Limitada de Consumo y Vivienda,yogur-natural-sin-azucar,7794820903612,YOGUR NAT CREMOSO MILKAUT,2850.0,3790.0,,,,,Vigencia desde el 06/08/2026 al 12/08/2026 hasta agotar Stock de 1 unidades.,
2026-08-09,sepa,Cooperativa Obrera Limitada de Consumo y Vivienda,yogur-natural-sin-azucar,7794820903711,YOGUR NAT DESCR MILKAUT,2850.0,3790.0,,,,,Vigencia desde el 06/08/2026 al 12/08/2026 hasta agotar Stock de 1 unidades.,
2026-08-09,sepa,Cooperativa Obrera Limitada de Consumo y Vivienda,lavandina,7798131250380,LAVANDINA HEROE CLASIC,1190.0,,,,,,,
2026-08-09,sepa,Cooperativa Obrera Limitada de Consumo y Vivienda,yogur-natural-sin-azucar,7798136870545,YOG DAHI FIRME NATUR S/AZ,2659.0,,,,,,,
2026-08-09,sepa,Cooperativa Obrera Limitada de Consumo y Vivienda,yogur-natural-sin-azucar,7798136870743,YOGUR NAT DESLACT DAHI,3190.0,,,,,,,
2026-08-09,sepa,Cooperativa Obrera Limitada de Consumo y Vivienda,yogur-natural-sin-azucar,7798136870859,YOGUR GRIEGO NAT DAHI,3190.0,,,,,,,
2026-08-09,sepa,Cooperativa Obrera Limitada de Consumo y Vivienda,leche-protein,7798338291803,LECHE LV LAS3 NIÑAS PROTE,2890.0,,,,,,,
2026-08-09,sepa,Cooperativa Obrera Limitada de Consumo y Vivienda,cafe-instantaneo,8445291311510,NESCAFE TRADICION DP,9290.0,,,,,,,
2026-08-09,sepa,DEHEZA S.A.I.C.F. e I.,yerba-mananita,7790387015324,MAÑANITA YERBA 4FLEX X 500 GR,4400.0,,,,,,,
2026-08-09,sepa,DEHEZA S.A.I.C.F. e I.,gaseosa-cola-zero,7791813828365,PEPSI BLACK PET X 500CC,2900.0,,,,,,,
2026-08-09,sepa,Disco,cafe-instantaneo,7613035379213,Cafe Descafeinado NESCAFE MasAroma 100g FCO-100-gr.,18000.0,,,,,,,
2026-08-09,sepa,Disco,cafe-instantaneo,7613036312752,Nescafe GOLD espresso 100g FCO-100-gr.,24000.0,,,,,,,
2026-08-09,sepa,Disco,capsulas-nespresso-starbucks,7613036961004,Capsulas STARBUCKS Blonde Espresso Roast CJA-53-gr.,19050.0,,,,,,,
2026-08-09,sepa,Disco,capsulas-nespresso-starbucks,7613036961448,Capsulas Café STARBUCKS Colombia x57g CJA-57-gr.,19050.0,,,,,,,
2026-08-09,sepa,Disco,suprema-pollo,7790070036063,Suprema de pollo GRANJA DEL SOL 360g PAQ-360-gr.,11350.0,,,,,,,
2026-08-09,sepa,Disco,vinagre-alcohol,7790130000034,Vinagre MENOYO de alcohol PVC-500-cc.,1350.0,,,,,,,
2026-08-09,sepa,Disco,vinagre-alcohol,7790130000058,Vinagre MENOYO de alcohol PVC-1-lt.,1850.0,,,,,,,
2026-08-09,sepa,Disco,vinagre-alcohol,7790130000263,Vinagre alcazar de alcohol PVC-500-cc.,1200.0,,,,,,,
2026-08-09,sepa,Disco,lavandina,7790132098459,lavandina AYUDIN original 1L       PVC-1000-ml.,1278.0,,,,,,,
2026-08-09,sepa,Disco,vinagre-alcohol,7790139003166,Vinagre de Alcohol CASALTA x 500cc. BOT-500-cc.,1300.0,,,,,,,
2026-08-09,sepa,Disco,vinagre-alcohol,7790139101138,Vinagre de Alcohol Favinco S/T x 1lt BOT-1000-ml.,1717.0,,,,,,,
2026-08-09,sepa,Disco,cafe-instantaneo,7790150100462,café LA VIRGINIA Clásico Espuma DPx170g DOY-170-gr.,8150.0,,,,,,,
2026-08-09,sepa,Disco,cafe-instantaneo,7790150100486,café LA VIRGINIA Clasico Espuma x170G FCO-170-gr.,9450.0,,,,,,,
2026-08-09,sepa,Disco,cafe-instantaneo,7790150101476,café LA VIRGINIA Suave Espuma DP x170g DOY-170-gr.,8600.0,,,,,,,
2026-08-09,sepa,Disco,cafe-instantaneo,7790150101490,café LA VIRGINIA Suave Espuma x170g FCO-170-gr.,10850.0,,,,,,,
2026-08-09,sepa,Disco,cafe-instantaneo,7790150101773,café LA VIRGINIA Suave Espuma x100g FCO-100-gr.,6600.0,,,,,,,
2026-08-09,sepa,Disco,cafe-instantaneo,7790150101780,Café LA VIRGINIA Suave Espuma DPx100g DOY-100-gr.,5550.0,,,,,,,
2026-08-09,sepa,Disco,cafe-instantaneo,7790170904798,café LA MORENITA Intenso x100g FCO-100-gr.,6550.0,,,,,,,
2026-08-09,sepa,Disco,queso-crema-light,7790244941605,Q.Blancrem Light S.Ignacio 290g POT-290-gr.,4000.0,,,,,,,
2026-08-09,sepa,Disco,queso-crema-light,7790244941612,Q.Blancrem Light S.Ignacio 480g POT-480-gr.,5800.0,,,,,,,
2026-08-09,sepa,Disco,papel-higienico-doble-hoja,7790250015536,papel higieni HIGIENOL dob h fus 4x30m BSA-4-m2,4300.0,,,,,,,
2026-08-09,sepa,Disco,papel-higienico-doble-hoja,7790250026075,papel higienic ELITE dobl h soft 4x30m PAQ-12-m2,5180.0,,,,,,,
2026-08-09,sepa,Disco,papel-higienico-doble-hoja,7790250026082,papel higienic ELITE ult dobl h 4x50m PAQ-20-m2,10550.0,,,,,,,
2026-08-09,sepa,Disco,rollo-cocina,7790250056881,rollo cocina SUSSEX clasic 3x50paños PAQ-15-m2,3100.0,,,,,,,
2026-08-09,sepa,Disco,rollo-cocina,7790250056980,rollo cocina SUSSEX ultra 3x100p PAQ-300-un.,8050.0,,,,,,,
2026-08-09,sepa,Disco,yerba-mananita,7790387015317,Yerba Mate MAÑANITA 4FLEX 1kg PAQ-1000-gr.,5350.0,,,,,,,
2026-08-09,sepa,Disco,yerba-mananita,7790387015324,Yerba Mate MAÑANITA 4FLEX 1/2kg PAQ-500-gr.,2800.0,,,,,,,
2026-08-09,sepa,Disco,atun-lomitos-natural,7790580131364,Atun LA CAMPAGNOLA al natural x170g LAT-170-gr.,6300.0,,,,,,,
2026-08-09,sepa,Disco,ricotta,7790742102805,ricota entera GARCIA baja en sodio SCH-500-gr.,5100.0,,,,,,,
2026-08-09,sepa,Disco,ricotta,7790742114204,Ricotta Garcia Semigrasa Sachet 500GR SCH-500-gr.,5100.0,,,,,,,
2026-08-09,sepa,Disco,leche-protein,7790742358608,Leche Uat Proteina La serenisima 1l BOT-1000-ml.,3100.0,,,,,,,
2026-08-09,sepa,Disco,queso-crema-light,7790742373304,Q.Procesado Finlandia Light 290g POT-290-gr.,5900.0,,,,,,,
2026-08-09,sepa,Disco,gaseosa-cola-zero,7790895067532,gaseosa COCA COLA Zero 500cc PET-500-ml.,2650.0,,,,,,,
2026-08-09,sepa,Disco,gaseosa-cola-zero,7790895067556,gaseosa COCA COLA Zero 1.5lt PET-1500-ml.,4150.0,,,,,,,
2026-08-09,sepa,Disco,gaseosa-cola-zero,7790895067570,gaseosa COCA COLA Zero 2.25lt PET-2250-ml.,5500.0,,,,,,,
2026-08-09,sepa,Disco,gaseosa-cola-zero,7790895067587,gaseosa COCA COLA Zero 354cc LAT-354-ml.,2750.0,,,,,,,
2026-08-09,sepa,Disco,gaseosa-cola-zero,7790895640438,gaseosa COCA COLA Zero  3lt PET-3000-ml.,6454.0,,,,,,,
2026-08-09,sepa,Disco,detergente,7790990003022,detergente MAGISTRAL ult lim bot 300ml BOT-300-ml.,3350.0,,,,,,,
2026-08-09,sepa,Disco,detergente,7790990003039,detergente MAGISTRAL ult lim bot 500ml BOT-500-ml.,4542.0,,,,,,,
2026-08-09,sepa,Disco,detergente,7790990003046,detergente MAGISTRAL ult lim bot 750ml BOT-750-ml.,7850.0,,,,,,,
2026-08-09,sepa,Disco,detergente,7790990003121,detergente MAGISTRAL ult mar bot 300ml BOT-300-ml.,3350.0,,,,,,,
2026-08-09,sepa,Disco,detergente,7790990003138,detergente MAGISTRAL ult mar bot 500ml BOT-500-ml.,4542.0,,,,,,,
2026-08-09,sepa,Disco,detergente,7790990003145,detergente MAGISTRAL ult mar bot 750ml BOT-750-ml.,7850.0,,,,,,,
2026-08-09,sepa,Disco,lavandina,7791290793804,limpiador CIF  gel lavandina cloro 513gr BOT-513-ml.,3950.0,,,,,,,
2026-08-09,sepa,Disco,detergente,7791290794054,lavavajilla CIF bioactive limon 300ml. BOT-300-ml.,2700.0,,,,,,,
2026-08-09,sepa,Disco,detergente,7791290794061,lavavajilla CIF bioactive limon 500ml BOT-500-ml.,4400.0,,,,,,,
2026-08-09,sepa,Disco,detergente,7791290794078,lavavajilla CIF bioactive limon 750ml BOT-750-ml.,6850.0,,,,,,,
2026-08-09,sepa,Disco,detergente,7791290794085,lavavajilla CIF limon bioactiv DP 450ml DOY-450-ml.,3900.0,,,,,,,
2026-08-09,sepa,Disco,detergente,7791290794092,lavavajilla CIF lima bioactive DP 450ml DOY-450-ml.,3900.0,,,,,,,
2026-08-09,sepa,Disco,detergente,7791290794108,lavavajilla CIF bioactive lima 300ml BOT-300-ml.,2700.0,,,,,,,
2026-08-09,sepa,Disco,detergente,7791290794115,lavavajilla CIF bioactive lima 500ml BOT-500-ml.,4400.0,,,,,,,
2026-08-09,sepa,Disco,yogur-natural-sin-azucar,7791337007208,Yog SER Natural 300g POT-300-gr.,5250.0,,,,,,,
2026-08-09,sepa,Disco,gaseosa-cola-zero,7791813828365,gaseosa PEPSI Black 500cc BOT-500-ml.,2250.0,,,,,,,
2026-08-09,sepa,Disco,gaseosa-cola-zero,7791813828419,gaseosa PEPSI Black 1.5lt BOT-1500-ml.,3899.0,,,,,,,
2026-08-09,sepa,Disco,gaseosa-cola-zero,7791813828464,gaseosa PEPSI Black 2lt BOT-2000-ml.,4300.0,,,,,,,
2026-08-09,sepa,Disco,rollo-cocina,7791828900056,Rollo Cocina FELPITA DH Infinity 3x100 PCK-300-un.,5350.0,,,,,,,
2026-08-09,sepa,Disco,papel-higienico-doble-hoja,7791828900285,Papel Higienico FELPITA Doble Hoj 4x50 PAQ-50-hjs,7250.0,,,,,,,
2026-08-09,sepa,Disco,lavandina,7793253003715,Lavandina Ayudin Triple Poder 1L BOT-1000-ml.,2050.0,,,,,,,
2026-08-09,sepa,Disco,lavandina,7793253003722,lavandina AYUDIN Glaciar Triple Poder La BOT-2000-ml.,3850.0,,,,,,,
2026-08-09,sepa,Disco,lavandina,7793253003739,Lavandina Ayudin Triple Poder 4L BOT-4000-ml.,7700.0,,,,,,,
2026-08-09,sepa,Disco,lavandina,7793253003746,Ayudin Pureza Glaciar Triple Poder 1L BOT-1000-ml.,2050.0,,,,,,,
2026-08-09,sepa,Disco,lavandina,7793253003753,lavandina AYUDIN Glaciar Triple Poder 2l BOT-2000-ml.,3950.0,,,,,,,
2026-08-09,sepa,Disco,lavandina,7793253003760,Ayudin Pureza Glaciar Triple Poder 4L BOT-4000-ml.,7800.0,,,,,,,
2026-08-09,sepa,Disco,lavandina,7793253003777,Lavandina Ayudin Anti-Splash Tradi 1L BOT-1000-ml.,2400.0,,,,,,,
2026-08-09,sepa,Disco,lavandina,7793253003784,lavandina AYUDIN Anti Splash 2lt BOT-2000-ml.,4600.0,,,,,,,
2026-08-09,sepa,Disco,lavandina,7793253003791,Ayudín Lavandina en Gel Original 700ml BOT-700-ml.,3800.0,,,,,,,
2026-08-09,sepa,Disco,lavandina,7793253003807,Ayudín Lavandina en Gel Citrica 700ml BOT-700-ml.,3800.0,,,,,,,
2026-08-09,sepa,Disco,lavandina,7793253003814,Ayudín Lavandina en Gel Floral 700ml BOT-700-ml.,3800.0,,,,,,,
2026-08-09,sepa,Disco,lavandina,7793253003821,Ayudín Lavandina en Gel Menta 700ml BOT-700-ml.,3800.0,,,,,,,
2026-08-09,sepa,Disco,lavandina,7793253003838,Ayudín Lavandina en Gel Lavanda 700ml BOT-700-ml.,3800.0,,,,,,,
2026-08-09,sepa,Disco,lavandina,7793253003869,Ayudín Lavandina en Gel Original 1500ml BOT-1500-ml.,8300.0,,,,,,,
2026-08-09,sepa,Disco,lavandina,7793253003876,Ayudín Lavandina en Gel Citrica 1500ml BOT-1500-ml.,8300.0,,,,,,,
2026-08-09,sepa,Disco,papel-higienico-doble-hoja,7793344000517,Papel hig New ELEGANTE Extra bl 30m x 4u PAQ-12-m2,3650.0,,,,,,,
2026-08-09,sepa,Disco,rollo-cocina,7793344009206,rollo cocina ELEGANTE dobl h 1x200 paños PCK-1-un.,3050.0,,,,,,,
2026-08-09,sepa,Disco,rollo-cocina,7793344009305,Rollos de Cocina Elegante 3u x 100 paños LAM-300-un.,5700.0,,,,,,,
2026-08-09,sepa,Disco,rollo-cocina,7793344904013,rollo cocina ELEGANTE dobl h 3x50 paños BSA-3-un.,3000.0,,,,,,,
2026-08-09,sepa,Disco,queso-crema-light,7793913013412,Queso Crema Light Tregar 280g POT-280-gr.,4400.0,,,,,,,
2026-08-09,sepa,Disco,ricotta,7793913013665,RICOTTA ENTERA TREGAR X 290 GRS POT-290-gr.,3850.0,,,,,,,
2026-08-09,sepa,Disco,ricotta,7793913013672,RICOTTA LIGHT TREGAR X 290 GRS POT-290-gr.,3850.0,,,,,,,
2026-08-09,sepa,Disco,queso-crema-light,7794820015018,Qso Proces para untar Light Milkaut 190g POT-190-gr.,3550.0,,,,,,,
2026-08-09,sepa,Disco,queso-crema-light,7794820903094,Queso Crematto Balance MILKAUT x 285 grs POT-285-gr.,5200.0,,,,,,,
2026-08-09,sepa,Disco,queso-crema-light,7794990879663,queso crema LA PAULINA light. POT-290-gr.,3500.0,,,,,,,
2026-08-09,sepa,Disco,lavandina,7798131250380,lavandina clasica HEROE 1lt BOT-1000-ml.,1150.0,,,,,,,
2026-08-09,sepa,Disco,lavandina,7798131250397,lavandina clasica HEROE 2lt BOT-2000-ml.,2250.0,,,,,,,
2026-08-09,sepa,Disco,yogur-natural-sin-azucar,7798136870545,Yog. Ent. Natural s/az DAHÍ 190g FCO-190-gr.,2850.0,,,,,,,
2026-08-09,sepa,Disco,yogur-natural-sin-azucar,7798136870743,Yog. Desc. Deslac Nat DAHÍ 190g FCO-200-gr.,3450.0,,,,,,,
2026-08-09,sepa,Disco,yogur-natural-sin-azucar,7798327950193,Yog. Entero Natural Flia Beudroit 400g POT-400-gr.,4750.0,,,,,,,
2026-08-09,sepa,Disco,capsulas-nespresso-starbucks,8445291363656,Capsulas STARBUCKS House Blend 12u CJA-52-gr.,19050.0,,,,,,,
2026-08-09,sepa,Disco,capsulas-nespresso-starbucks,8445291367272,Capsulas STARBUCKS Espresso Roast 12u CJA-78-gr.,19050.0,,,,,,,
2026-08-09,sepa,Express,cafe-instantaneo,7613035379213,CAFE DESCAFEINADO INSTANTANEO NESCAFE X 100 GRS,17029.0,,,,,,,
2026-08-09,sepa,Express,cafe-instantaneo,7613036312752,CAFE INSTANTANEO EXPRESSO GOLD NESCAFE X 100 GRS,25209.0,,,,,,,
2026-08-09,sepa,Express,capsulas-nespresso-starbucks,7613036961004,CAPSULAS CAFE BLOND ESPRESSO STARBUCKS X 10 UNI,18299.0,,,,,,,
2026-08-09,sepa,Express,suprema-pollo,7790070036063,SUPREMAS DE POLLO GRANJA DEL SOL BOLSA X 360 GRS,10985.0,,,,,,,
2026-08-09,sepa,Express,vinagre-alcohol,7790130000034,VINAGRE DE ALCOHOL MENOYO PET X 500 CC,1599.0,,,,,,,
2026-08-09,sepa,Express,vinagre-alcohol,7790130000058,VINAGRE DE ALCOHOL MENOYO PET X 1 LT,2025.0,,,,,,,
2026-08-09,sepa,Express,lavandina,7790132098459,LAVANDINA ORIGINAL AYUDIN X 1 LT,1319.0,,,,,,,
2026-08-09,sepa,Express,cafe-instantaneo,7790170904798,CAFE INSTANTANEO LA MORENITA FRASCO X 100 GRS,6540.0,,,,,,,
2026-08-09,sepa,Express,papel-higienico-doble-hoja,7790250015536,PAPEL HIGIENICO D HOJA PLUS HIGIENOL 4 X 30 MTS,3729.0,,,,,,,
2026-08-09,sepa,Express,papel-higienico-doble-hoja,7790250026075,PAPEL HIGIENICO D H ULTRA SUAVE ELITE 4 X 30 MTS,5785.0,,,,,,,
2026-08-09,sepa,Express,rollo-cocina,7790250056881,ROLLO DE COCINA CLASICO SUSSEX 3 X 50 PAN,2546.67,2929.0,,,,,Promo A valida desde el 04/08/2026 hasta 10/08/2026,
2026-08-09,sepa,Express,rollo-cocina,7790250057086,ROLLO COCINA CLASICO MEGA SUSSEX X 200 PANOS,3450.0,,,,,,,
2026-08-09,sepa,Express,yerba-mananita,7790387015317,YERBA MATE BAJO POLVO MANANITA 4FLEX X 1 KG,4929.0,,,,,,,
2026-08-09,sepa,Express,yerba-mananita,7790387015324,YERBA MATE BAJO POLVO MANANITA 4FLEX X 500 GRS,2566.67,2570.0,,,,,Promo A valida desde el 04/08/2026 hasta 10/08/2026,
2026-08-09,sepa,Express,atun-lomitos-natural,7790580131364,ATUN AL NATURAL LOMITOS LA CAMPAGNOLA X 170 GRS,6469.0,,,,,,,
2026-08-09,sepa,Express,ricotta,7790742102805,RICOTTA ENTERA B SODIO GARCIA SACHET X 500 GRS,4840.0,,,,,,,
2026-08-09,sepa,Express,ricotta,7790742114204,RICOTTA SEMIGRASA BAJO SODIO GARCIA X 500 GRS,4899.0,,,,,,,
2026-08-09,sepa,Express,leche-protein,7790742358608,LECHE UAT DESC S LACT PROTEIN LA SERENISIMA BOTX1L,3089.0,,,,,,,
2026-08-09,sepa,Express,queso-crema-light,7790742373304,QUESO FUNDIDO FINLANDIA LIGHT POTE 290 GRS,5640.0,,,,,,,
2026-08-09,sepa,Express,gaseosa-cola-zero,7790895067532,GASEOSA COLA ZERO COCA COLA PET X 500 CC,1959.0,,,,,,,
2026-08-09,sepa,Express,gaseosa-cola-zero,7790895067556,GASEOSA COLA SIN AZUCAR COCA COLA PET X 1.5LT,3799.0,,,,,,,
2026-08-09,sepa,Express,gaseosa-cola-zero,7790895067570,GASEOSA COLA ZERO COCA COLA PET X 2.25 LT,5300.0,,,,,,,
2026-08-09,sepa,Express,gaseosa-cola-zero,7790895067587,GASEOSA COLA SIN AZUCAR COCA COLA LATA X 354 CC,2525.0,,,,,,,
2026-08-09,sepa,Express,detergente,7790990003022,DETERGENTE ULTRA LIMON MAGISTRAL BOT X 300 CC,2669.0,,,,,,,
2026-08-09,sepa,Express,detergente,7790990003039,DETERGENTE ULTRA LIMON MAGISTRAL BOT X 500 CC,4315.0,,,,,,,
2026-08-09,sepa,Express,detergente,7790990003046,DETERGENTE ULTRA LIMON MAGISTRAL BOT X 750 CC,7779.0,,,,,,,
2026-08-09,sepa,Express,detergente,7790990003787,DETERGENTE ULTRA LIMON MAGISTRAL DP X 450 CC,4445.0,,,,,,,
2026-08-09,sepa,Express,lavandina,7791290793804,LIMPIADOR EN GEL C LAVANDINA CIF X 513G,3760.0,,,,,,,
2026-08-09,sepa,Express,detergente,7791290794054,DETERGENTE BIOACTIVE LIMON CIF X 300 CC,2710.0,,,,,,,
2026-08-09,sepa,Express,detergente,7791290794061,DETERGENTE BIOACTIVE LIMON CIF X 500 CC,4005.0,,,,,,,
2026-08-09,sepa,Express,detergente,7791290794085,DETERGENTE BIOACTIVE LIMON CIF REPUESTO X 450 CC,3965.0,,,,,,,
2026-08-09,sepa,Express,detergente,7791290794115,DETERGENTE BIOACTIVE LIMA CIF X 500 CC,4005.0,,,,,,,
2026-08-09,sepa,Express,detergente,7791290796706,DETERGENTE ACTIVE GEL ORIG CIF BOT X 500 CC,5615.0,,,,,,,
2026-08-09,sepa,Express,detergente,7791290796720,DETERGENTE ACTIVE GEL ORIG CIF DP X 400 CC,4409.0,,,,,,,
2026-08-09,sepa,Express,yogur-natural-sin-azucar,7791337007208,YOGUR NATURAL S LACTOSA SER POTE X 300 GR,5059.0,,,,,,,
2026-08-09,sepa,Express,queso-crema-light,7791337009851,QUESO CREMA LIGHT LA SERENISIMA POTE X 460 GRS,6229.0,,,,,,,
2026-08-09,sepa,Express,rollo-cocina,7791720002605,ROLLO DE COCINA CARREFOUR ESSENTIAL 3 X 40 PANOS,2350.0,,,,,,,
2026-08-09,sepa,Express,rollo-cocina,7791720025543,ROLLO DE COCINA MAXI BLANCO CARREFOUR X 200 PANOS,2850.0,,,,,,,
2026-08-09,sepa,Express,yogur-natural-sin-azucar,7791720048122,YOGUR NATURAL CARREFOUR EXTRA FRASCO X 200 GR,2750.0,,,,,,,
2026-08-09,sepa,Express,yogur-natural-sin-azucar,7791720048139,YOGUR NATURAL CARREFOUR CLASSIC POTE 300 X GR,3090.0,,,,,,,
2026-08-09,sepa,Express,gaseosa-cola-zero,7791813828365,GASEOSA COLA BLACK PEPSI N PET X 500 CC.,2159.0,,,,,,,
2026-08-09,sepa,Express,gaseosa-cola-zero,7791813828419,GASEOSA COLA BLACK PEPSI NF PET X 1.5 LT,4120.0,,,,,,,
2026-08-09,sepa,Express,gaseosa-cola-zero,7791813828464,GASEOSA COLA BLACK PEPSI N PET X 2 LT,4689.0,,,,,,,
2026-08-09,sepa,Express,rollo-cocina,7791828900377,ROLLO DE COCINA MAXIROLLO FELPITA X 200 PANOS,3165.0,,,,,,,
2026-08-09,sepa,Express,lavandina,7791905000020,LAVANDINA CONCENTRADA QUERUBIN X 1 LT,1670.0,,,,,,,
2026-08-09,sepa,Express,lavandina,7791905023203,LAVANDINA ORIGINAL ODEX X 1 LT,1335.0,,,,,,,
2026-08-09,sepa,Express,lavandina,7791905023210,LAVANDINA ORIGINAL ODEX X 2 LT,2535.0,,,,,,,
2026-08-09,sepa,Express,lavandina,7793253003715,LAVANDINA MULTISUP LAVANDA TRIPLE PODER AYUDIN X1L,1989.0,,,,,,,
2026-08-09,sepa,Express,lavandina,7793253003722,LAVANDINA MULTISUP LAVANDA TRIPLE PODER AYUDIN X2L,3750.0,,,,,,,
2026-08-09,sepa,Express,lavandina,7793253003746,LAVANDINA MULTI PU GLACIAR TRIPLE PODER AYUDIN X1L,1989.0,,,,,,,
2026-08-09,sepa,Express,lavandina,7793253003777,LAVANDINA ANTISPLASH TRADICIONAL AYUDIN X 1 LT,2309.0,,,,,,,
2026-08-09,sepa,Express,lavandina,7793253003791,LAVANDINA EN GEL ORIGINAL AYUDIN BOTELLA X 700 CC,3699.0,,,,,,,
2026-08-09,sepa,Express,lavandina,7793253003807,LAVANDINA EN GEL CITRUS AYUDIN BOTELLA X 700 CC,3699.0,,,,,,,
2026-08-09,sepa,Express,lavandina,7793253003838,LAVANDINA EN GEL LAVANDA AYUDIN X 700 CC,3699.0,,,,,,,
2026-08-09,sepa,Express,lavandina,7793253006709,LAVANDINA ORIGINAL DESINFECTANTE AYUDIN X 2 LT,3039.0,,,,,,,
2026-08-09,sepa,Express,papel-higienico-doble-hoja,7793344000517,PAPEL HIGIENICO D HOJA ELEGANTE 4 X 30 MT,3965.0,,,,,,,
2026-08-09,sepa,Express,rollo-cocina,7793344009206,ROLLO DE COCINA GIGANTE ELEGANTE X 200 PANOS,3189.0,,,,,,,
2026-08-09,sepa,Express,vinagre-alcohol,7798033332641,VINAGRE DE ALCOHOL CARREFOUR PET X 1 LT,1550.0,,,,,,,
2026-08-09,sepa,Express,atun-lomitos-natural,7798033333907,ATUN AL NATURAL LOMITOS CARREFOUR LATA X 170 GRS.,3490.0,,,,,,,
2026-08-09,sepa,Express,atun-lomitos-natural,7798108349161,ATUN AL NATURAL LOMITOS CARREFOUR LATA X 354 GRS,6450.0,,,,,,,
2026-08-09,sepa,Express,yogur-natural-sin-azucar,7798136870859,YOGUR NATURAL ESTILO GRIEGO DAHI FRASCO X 190 GRM,3389.0,,,,,,,
2026-08-09,sepa,Express,atun-lomitos-natural,7798152222151,ATUN AL NATURAL LOMITOS CARREFOUR 3 X 80 GRS,6150.0,,,,,,,
2026-08-09,sepa,Express,papel-higienico-doble-hoja,7798159717520,PAPEL HIGIENICO D HOJA DECO CARREFOUR 4 X 50 MTS,6090.0,,,,,,,
2026-08-09,sepa,Express,papel-higienico-doble-hoja,7798159718961,PAPEL HIGIENICO D HOJA CARREFOUR 4 X 30 MTS,3450.0,,,,,,,
2026-08-09,sepa,Express,ricotta,7798179070018,RICOTA G SILVIA X 500 GRS,3479.0,,,,,,,
2026-08-09,sepa,Express,leche-protein,7798338291803,LECHE C PROTEINA VIDA ACTIVA LAS TRES NINAS X 1LT,2950.0,,,,,,,
2026-08-09,sepa,Express,cafe-instantaneo,8445291311510,CAFE INSTANTANEO TRADICION NESCAFE X 100 GRS,9219.0,,,,,,,
2026-08-09,sepa,Express,cafe-instantaneo,8445291311558,CAFE INSTANTANEO SUAVE DOLCA DP X 100 GRS,6149.0,,,,,,,
2026-08-09,sepa,Express,capsulas-nespresso-starbucks,8445291363656,CAPSULAS CAFE HOUSE BLEND STARBUCKS X 10 UNI,17105.0,,,,,,,
2026-08-09,sepa,Express,cafe-instantaneo,8445291738775,CAFE INSTANTANEO GOLD NESCAFE FRASCO X 95 GRS,21350.0,,,,,,,
2026-08-09,sepa,HiperChangomas,desodorante-barra-hombre,33200197447,AYH DEO MASC ULTRAMX,14739.0,,,,,,,
2026-08-09,sepa,HiperChangomas,desodorante-barra-hombre,75083694,AXE STI BLUE LAVEND,8349.0,,,,,,,
2026-08-09,sepa,HiperChangomas,desodorante-barra-hombre,75083700,AXE STI AQUA CITRUS,8349.0,,,,,,,
2026-08-09,sepa,HiperChangomas,cafe-instantaneo,7613035379213,NESCAFE DESCAFEINADO,17239.0,,,,,,,
2026-08-09,sepa,HiperChangomas,cafe-instantaneo,7613036312752,NESCAFE PURO ESPRESS,23949.0,,,,,,,
2026-08-09,sepa,HiperChangomas,capsulas-nespresso-starbucks,7613036961448,STARB NESP COLMB 10U,17059.0,,,,,,,
2026-08-09,sepa,HiperChangomas,suprema-pollo,7790070036063,GDS SUPREMAS 360GR,10239.0,,,,,,,
2026-08-09,sepa,HiperChangomas,vinagre-alcohol,7790130000034,MENOYO VINAGRE ALCOH,1349.0,,,,,,,
2026-08-09,sepa,HiperChangomas,vinagre-alcohol,7790130000058,MENOYO VINAGRE DE ALCOHOL 1L,1689.0,,,,,,,
2026-08-09,sepa,HiperChangomas,lavandina,7790132098459,AYUDIN LAVANDINA ORIGINAL 1L,1479.0,,,,,,,
2026-08-09,sepa,HiperChangomas,vinagre-alcohol,7790139000424,CASALTA VINAGRE DE ALCOHOL 1.3L,2189.0,,,,,,,
2026-08-09,sepa,HiperChangomas,vinagre-alcohol,7790139003166,CASALTA VINAGRE DE A,1309.0,,,,,,,
2026-08-09,sepa,HiperChangomas,vinagre-alcohol,7790139101138,FAVINCO VINAGRE DE A,1669.0,,,,,,,
2026-08-09,sepa,HiperChangomas,queso-crema-light,7790244941605,BLANCREM DIETE 290GR,3719.0,,,,,,,
2026-08-09,sepa,HiperChangomas,queso-crema-light,7790244941612,BLANCREM DIETE 480GR,5589.0,,,,,,,
2026-08-09,sepa,HiperChangomas,papel-higienico-doble-hoja,7790250015536,HIGIENOL PAPEL HIGENICO PLUS DOBLE HOJA 30M 4U,3549.0,,,,,,,
2026-08-09,sepa,HiperChangomas,rollo-cocina,7790250056881,SUSSEX ROLLO DE COCINA CLASICO DOBLE HOJA 50 PANOS 3U,2829.0,,,,,,,
2026-08-09,sepa,HiperChangomas,rollo-cocina,7790250056898,SUSSEX PREM 3X60 PAN,4799.0,,,,,,,
2026-08-09,sepa,HiperChangomas,rollo-cocina,7790250057086,SUSSEX ROLLO DE COCINA HOJA SIMPLE 200 PANOS 1U,3319.0,,,,,,,
2026-08-09,sepa,HiperChangomas,papel-higienico-doble-hoja,7790250913368,HIGIENOL PH DH YAPA,9239.0,,,,,,,
2026-08-09,sepa,HiperChangomas,yerba-mananita,7790387015317,MANANITA YERBA MATE 1KG,5519.0,,,,,,,
2026-08-09,sepa,HiperChangomas,cafe-instantaneo,7790550029431,LPC INS FR CLAS 170G,13299.0,,,,,,,
2026-08-09,sepa,HiperChangomas,atun-lomitos-natural,7790580131364,LA CAMPAGNOLA ATUN LOMITO 170G,6029.0,,,,,,,
2026-08-09,sepa,HiperChangomas,vinagre-alcohol,7790673000188,FAVINCO VINA ALCO 5L,7799.0,,,,,,,
2026-08-09,sepa,HiperChangomas,ricotta,7790742102805,RICOTTA GARCIA BAJA EN SODIO X 500 G,4759.0,,,,,,,
2026-08-09,sepa,HiperChangomas,ricotta,7790742114204,GARCIA RICOTA SEMIGRASA BAJA EN SODIO 500G,4759.0,,,,,,,
2026-08-09,sepa,HiperChangomas,leche-protein,7790742358608,LA SERENISIMA LECHE PROTEIN 1L,2999.0,,,,,,,
2026-08-09,sepa,HiperChangomas,queso-crema-light,7790742373304,FINLANDIA QUESO UNTABLE LIGHT 290G,5479.0,,,,,,,
2026-08-09,sepa,HiperChangomas,yogur-natural-sin-azucar,7790787960934,ILOLAY YOG NAT 350GR,3549.0,,,,,,,
2026-08-09,sepa,HiperChangomas,gaseosa-cola-zero,7790895067570,COCA COLA GASEOSA ZERO 2.25L,5279.0,,,,,,,
2026-08-09,sepa,HiperChangomas,gaseosa-cola-zero,7790895067587,COCA COLA GASEOSA ZERO 354ML,2359.0,,,,,,,
2026-08-09,sepa,HiperChangomas,detergente,7790990003022,MAGISTRAL DETERGENTE ULTRA LIMON 300ML,2999.0,,,,,,,
2026-08-09,sepa,HiperChangomas,detergente,7790990003039,MAGISTRAL DETERGENTE ULTRA LIMON 500ML,4849.0,,,,,,,
2026-08-09,sepa,HiperChangomas,detergente,7790990003046,MAGISTRAL LIMON,7259.0,,,,,,,
2026-08-09,sepa,HiperChangomas,detergente,7790990003121,MAGISTRAL MARINA,2999.0,,,,,,,
2026-08-09,sepa,HiperChangomas,detergente,7790990003138,MAGISTRAL MARINA,4849.0,,,,,,,
2026-08-09,sepa,HiperChangomas,detergente,7790990003145,MAGISTRAL MARINA,7259.0,,,,,,,
2026-08-09,sepa,HiperChangomas,detergente,7790990003381,MAGISTRAL DETERGENTE PLATINUM LIMON 500ML,5969.0,,,,,,,
2026-08-09,sepa,HiperChangomas,detergente,7790990003404,MAGISTRAL LIMON,3349.0,,,,,,,
2026-08-09,sepa,HiperChangomas,detergente,7790990003411,MAGISTRAL DETERGENTE ULTRA LIMON CREMOSO 500ML,4849.0,,,,,,,
2026-08-09,sepa,HiperChangomas,detergente,7790990003787,MAGISTRAL DETERGENTE ULTRA LIMON 450ML,4149.0,,,,,,,
2026-08-09,sepa,HiperChangomas,detergente,7791290794054,CIF BIOACTIVE,2609.0,,,,,,,
2026-08-09,sepa,HiperChangomas,detergente,7791290794061,CIF DETERGENTE BIOACTIVE LIMON 500ML,4219.0,,,,,,,
2026-08-09,sepa,HiperChangomas,detergente,7791290794108,CIF LAVAVAJILL LIMA,2609.0,,,,,,,
2026-08-09,sepa,HiperChangomas,detergente,7791290794115,CIF DETERGENTE BIOACTIVE LIMA 500ML,4219.0,,,,,,,
2026-08-09,sepa,HiperChangomas,detergente,7791290796706,CIF ACTIVE GEL,5269.0,,,,,,,
2026-08-09,sepa,HiperChangomas,detergente,7791290796713,CIF ACTIVE GEL,7909.0,,,,,,,
2026-08-09,sepa,HiperChangomas,detergente,7791290796720,CIF ACTIVE GEL,4119.0,,,,,,,
2026-08-09,sepa,HiperChangomas,detergente,7791290796737,CIF ACTIVE GEL,5269.0,,,,,,,
2026-08-09,sepa,HiperChangomas,detergente,7791290796744,CIF ACTIVE GEL,7909.0,,,,,,,
2026-08-09,sepa,HiperChangomas,detergente,7791290796751,CIF ACTIVE GEL,4119.0,,,,,,,
2026-08-09,sepa,HiperChangomas,yogur-natural-sin-azucar,7791337007208,SER NATU CON AZU300G,4915.0,,,,,,,
2026-08-09,sepa,HiperChangomas,queso-crema-light,7791337009851,LSC QSO CREMA LIGHT,6045.0,,,,,,,
2026-08-09,sepa,HiperChangomas,yogur-natural-sin-azucar,7791337010932,YYS FIRM ENT NAT180G,2959.0,,,,,,,
2026-08-09,sepa,HiperChangomas,rollo-cocina,7791828900025,FELPIT DISNEY RC3X40,2369.0,,,,,,,
2026-08-09,sepa,HiperChangomas,papel-higienico-doble-hoja,7791828900049,FELPITA PAPEL HIGIENICO DOBLE HOJA 30M 4U,4269.0,,,,,,,
2026-08-09,sepa,HiperChangomas,rollo-cocina,7791828900377,FELPITA MAXI ROLLO DE COCINA DOBLE HOJA 200 PANOS 1U,3069.0,,,,,,,
2026-08-09,sepa,HiperChangomas,papel-higienico-doble-hoja,7791828900520,FELPITA PH12x30DH,12719.0,,,,,,,
2026-08-09,sepa,HiperChangomas,rollo-cocina,7791828900537,FELPITA ROLLO DE COCINA 60 PANOS 3U,2539.0,,,,,,,
2026-08-09,sepa,HiperChangomas,rollo-cocina,7791828900599,FELPITA RC 150 MAXI,2949.0,,,,,,,
2026-08-09,sepa,HiperChangomas,lavandina,7791905000020,QUERUBIN CONCENTRADA,1559.0,,,,,,,
2026-08-09,sepa,HiperChangomas,lavandina,7791905000037,QUERUBIN CONCENTRADA,2999.0,,,,,,,
2026-08-09,sepa,HiperChangomas,lavandina,7791905000372,QUERUBIN CONCENTRADA,5789.0,,,,,,,
2026-08-09,sepa,HiperChangomas,lavandina,7791905023203,ODEX LAVANDINA 1L,1259.0,,,,,,,
2026-08-09,sepa,HiperChangomas,lavandina,7793253003715,AYUDIN LAVANDINA TRIPLE PODER LAVANDA 1L,1819.0,,,,,,,
2026-08-09,sepa,HiperChangomas,lavandina,7793253003722,AYUDIN TRIPLE PODER,3469.0,,,,,,,
2026-08-09,sepa,HiperChangomas,lavandina,7793253003739,AYUDIN TRIPLE PODER,6919.0,,,,,,,
2026-08-09,sepa,HiperChangomas,lavandina,7793253003746,AYUDIN TRIPLE PODER,1819.0,,,,,,,
2026-08-09,sepa,HiperChangomas,lavandina,7793253003753,AYUDIN TRIPLE PODER,3469.0,,,,,,,
2026-08-09,sepa,HiperChangomas,lavandina,7793253003760,AYUDIN TRIPLE PODER,6919.0,,,,,,,
2026-08-09,sepa,HiperChangomas,lavandina,7793253003777,AYUDIN ANTI SPLASH T,2139.0,,,,,,,
2026-08-09,sepa,HiperChangomas,lavandina,7793253003784,AYUDIN ANTI SPLASH T,4149.0,,,,,,,
2026-08-09,sepa,HiperChangomas,lavandina,7793253003791,AYUDIN LAVANDINA EN GEL ORIGINAL 700ML,3419.0,,,,,,,
2026-08-09,sepa,HiperChangomas,lavandina,7793253003807,AYUDIN LAVANDINA EN GEL PUREZA CITRICA 700ML,3419.0,,,,,,,
2026-08-09,sepa,HiperChangomas,lavandina,7793253003814,AYUDIN LAVANDINA GEL,3419.0,,,,,,,
2026-08-09,sepa,HiperChangomas,lavandina,7793253003821,AYUDIN LAVANDINA EN,3419.0,,,,,,,
2026-08-09,sepa,HiperChangomas,lavandina,7793253003838,AYUDIN LAVANDINA EN,3419.0,,,,,,,
2026-08-09,sepa,HiperChangomas,lavandina,7793253003869,AYUDIN LAVAN ORIGINA,7179.0,,,,,,,
2026-08-09,sepa,HiperChangomas,lavandina,7793253003876,AYUDIN LAVANDINA GEL,7179.0,,,,,,,
2026-08-09,sepa,HiperChangomas,lavandina,7793253005856,AYUDIN LAVAN ORIGINA,2899.0,,,,,,,
2026-08-09,sepa,HiperChangomas,lavandina,7793253005863,AYUDIN LAVANDINA GEL,2869.0,,,,,,,
2026-08-09,sepa,HiperChangomas,lavandina,7793253006709,AYUDIN LAVANDINA ORIGINAL 2L,2809.0,,,,,,,
2026-08-09,sepa,HiperChangomas,lavandina,7793253006716,AYUDIN LAVAN ORIGINA,5619.0,,,,,,,
2026-08-09,sepa,HiperChangomas,lavandina,7793253007263,AYUDIN ANTI SPLASH E,7949.0,,,,,,,
2026-08-09,sepa,HiperChangomas,rollo-cocina,7793344009206,ELEGANTE ROLLO DE COCINA 200 PANOS,2829.0,,,,,,,
2026-08-09,sepa,HiperChangomas,rollo-cocina,7793344009305,ELEGANTE RC 3X100P,5109.0,,,,,,,
2026-08-09,sepa,HiperChangomas,rollo-cocina,7793344904013,ELEGANTE ROLLO DE COCINA 3X50 HOJAS,2839.0,,,,,,,
2026-08-09,sepa,HiperChangomas,yogur-natural-sin-azucar,7793913002423,TREG ENT BAT NAT140G,2019.0,,,,,,,
2026-08-09,sepa,HiperChangomas,queso-crema-light,7793913013214,TREG QSO CREMA LIGHT,3059.0,,,,,,,
2026-08-09,sepa,HiperChangomas,queso-crema-light,7793913013412,TREGA QSO CREMA DESC,4019.0,,,,,,,
2026-08-09,sepa,HiperChangomas,queso-crema-light,7793913013641,CHATEL QSO DESCR180G,2969.0,,,,,,,
2026-08-09,sepa,HiperChangomas,ricotta,7793913013665,TREG RICOT ENTER290G,3639.0,,,,,,,
2026-08-09,sepa,HiperChangomas,ricotta,7793913013672,TREG RICOT LIGHT290G,3639.0,,,,,,,
2026-08-09,sepa,HiperChangomas,queso-crema-light,7794820015018,MILKAU QSO LIGHT190G,3519.0,,,,,,,
2026-08-09,sepa,HiperChangomas,queso-crema-light,7794820903094,CREMATTO BALANCE285G,5079.0,,,,,,,
2026-08-09,sepa,HiperChangomas,yogur-natural-sin-azucar,7794820903612,MILKAUT YOGUR ENTERO NATURAL CREMOSO 300G,3879.0,,,,,,,
2026-08-09,sepa,HiperChangomas,yogur-natural-sin-azucar,7794820903711,MILK YOG NAT BALANCE,3719.0,,,,,,,
2026-08-09,sepa,HiperChangomas,queso-crema-light,7794990879663,LA PAULINA QUESO CREMA LIGHT 290G,3429.0,,,,,,,
2026-08-09,sepa,HiperChangomas,queso-crema-light,7798060854352,PATAGON QSO REDU180G,2979.0,,,,,,,
2026-08-09,sepa,HiperChangomas,lavandina,7798131250380,HEROE LAVANDINA,1069.0,,,,,,,
2026-08-09,sepa,HiperChangomas,lavandina,7798131250397,HEROE LAVANDINA,2089.0,,,,,,,
2026-08-09,sepa,HiperChangomas,yogur-natural-sin-azucar,7798136870545,DAHI YOGUR FIRME NATURAL SIN AZUCAR 190G,2619.0,,,,,,,
2026-08-09,sepa,HiperChangomas,yogur-natural-sin-azucar,7798136870743,DAHI PROBIO NAT 190G,3159.0,,,,,,,
2026-08-09,sepa,HiperChangomas,yogur-natural-sin-azucar,7798136870859,DAHI YOGUR GRIEGO NATURAL 190G,3159.0,,,,,,,
2026-08-09,sepa,HiperChangomas,ricotta,7798179070018,SILVIA RICOTTA 500GR,3159.0,,,,,,,
2026-08-09,sepa,HiperChangomas,cafe-instantaneo,7798196990016,SEGA CAF INS PR 100G,18959.0,,,,,,,
2026-08-09,sepa,HiperChangomas,cafe-instantaneo,7798196990047,SEGA LIOFIL FRASCO,20479.0,,,,,,,
2026-08-09,sepa,HiperChangomas,queso-crema-light,7798312320567,CLARA QSO BLANCO LIG,2999.0,,,,,,,
2026-08-09,sepa,HiperChangomas,leche-protein,7798338291803,LAS TRES NINAS LECHE DESCREMADA CON PROTEINA 1L,2759.0,,,,,,,
2026-08-09,sepa,HiperChangomas,cafe-instantaneo,7891000426937,NESCAFE ICE 100G,10389.0,,,,,,,
2026-08-09,sepa,HiperChangomas,capsulas-nespresso-starbucks,8445290154125,STARBUCKS CAFE EN CAPSULAS NESPRESSO CARAMEL 10U,17059.0,,,,,,,
2026-08-09,sepa,HiperChangomas,capsulas-nespresso-starbucks,8445290814425,SBUX BLND ESPRS DECA,17059.0,,,,,,,
2026-08-09,sepa,HiperChangomas,cafe-instantaneo,8445291311510,NESCAFE NESTLE CAFE INSTANTANEO TRADICION 100G,9109.0,,,,,,,
2026-08-09,sepa,HiperChangomas,cafe-instantaneo,8445291738775,NESCAFE CAFE INSTANTANEO GOLD SIGNATURE 95G,21089.0,,,,,,,
2026-08-09,sepa,HiperChangomas,capsulas-nespresso-starbucks,8445291786721,SBUX CHOC HAZEL 51GR,17059.0,,,,,,,
2026-08-09,sepa,Hipermercado Carrefour,desodorante-barra-hombre,33200197447,ANTITRANS ULTRAMAX SPORT ARM HAMMER STICK X73GRS,12086.15,14219.0,,,,,Promo A valida desde el 06/08/2026 hasta 12/08/2026,
2026-08-09,sepa,Hipermercado Carrefour,desodorante-barra-hombre,7500435213882,ANTITRANSP BARRA COCONUT SECRET X 45 GRM,12800.0,,,,,,,
2026-08-09,sepa,Hipermercado Carrefour,desodorante-barra-hombre,7501001163983,ANTITRANSPIRANTE BARRA FRESH OLD SPICE X 50 GRS,9949.0,,,,,,,
2026-08-09,sepa,Hipermercado Carrefour,desodorante-barra-hombre,75083694,DESODORANTE STICK BLUE LAVENDER AXE X 58 GRM,8709.0,,,,,,,
2026-08-09,sepa,Hipermercado Carrefour,desodorante-barra-hombre,75083700,DESODORANTE STICK AQUA CITRUS AXE X 58 GRM,8709.0,,,,,,,
2026-08-09,sepa,Hipermercado Carrefour,cafe-instantaneo,7613035379213,CAFE DESCAFEINADO INSTANTANEO NESCAFE X 100 GRS,16535.0,,,,,,,
2026-08-09,sepa,Hipermercado Carrefour,cafe-instantaneo,7613036312752,CAFE INSTANTANEO EXPRESSO GOLD NESCAFE X 100 GRS,24475.0,,,,,,,
2026-08-09,sepa,Hipermercado Carrefour,capsulas-nespresso-starbucks,7613036961004,CAPSULAS CAFE BLOND ESPRESSO STARBUCKS X 10 UNI,17765.0,,,,,,,
2026-08-09,sepa,Hipermercado Carrefour,capsulas-nespresso-starbucks,7613036961448,CAPSULA CAFE NESPRESSO STARBUCKS COLOMBIA X 57 GRS,19200.0,,,,,,,
2026-08-09,sepa,Hipermercado Carrefour,suprema-pollo,7790070036063,SUPREMAS DE POLLO GRANJA DEL SOL BOLSA X 360 GRS,10665.0,,,,,,,
2026-08-09,sepa,Hipermercado Carrefour,vinagre-alcohol,7790130000034,VINAGRE DE ALCOHOL MENOYO PET X 500 CC,1379.0,,,,,,,
2026-08-09,sepa,Hipermercado Carrefour,vinagre-alcohol,7790130000058,VINAGRE DE ALCOHOL MENOYO PET X 1 LT,1750.0,,,,,,,
2026-08-09,sepa,Hipermercado Carrefour,vinagre-alcohol,7790130000102,VINAGRE DE ALCOHOL MENOYO BIDON X 5 LT,9830.0,,,,,,,
2026-08-09,sepa,Hipermercado Carrefour,vinagre-alcohol,7790130000263,VINAGRE DE ALCOHOL ALCAZAR PET 500 CC,1119.0,,,,,,,
2026-08-09,sepa,Hipermercado Carrefour,vinagre-alcohol,7790130000294,VINAGRE DE ALCOHOL ALCAZAR PET X 1 LT,1319.0,,,,,,,
2026-08-09,sepa,Hipermercado Carrefour,vinagre-alcohol,7790130000645,VINAGRE DE ALCOHOL MENOYO PET X 250 CC,1145.0,,,,,,,
2026-08-09,sepa,Hipermercado Carrefour,lavandina,7790132098459,LAVANDINA ORIGINAL AYUDIN X 1 LT,1279.0,,,,,,,
2026-08-09,sepa,Hipermercado Carrefour,vinagre-alcohol,7790139003166,VINAGRE DE ALCOHOL CLASICO CASALTA PET X500 CC,1205.0,,,,,,,
2026-08-09,sepa,Hipermercado Carrefour,vinagre-alcohol,7790139101138,VINAGRE DE ALCOHOL FAVINCO PET X 1 LT,1589.0,,,,,,,
2026-08-09,sepa,Hipermercado Carrefour,cafe-instantaneo,7790150100462,INSTANTANEO CLASICO ESP INST LA VIRGINIA DP 170GR,8039.0,,,,,,,
2026-08-09,sepa,Hipermercado Carrefour,cafe-instantaneo,7790150100486,CAFE INSTANTANEO ESP INST CLAS LA VIRGINIA X 170GR,8089.0,,,,,,,
2026-08-09,sepa,Hipermercado Carrefour,cafe-instantaneo,7790150100783,CAFE INSTANTANEO ESP INST CLAS LA VIRGINIA X 100GR,5859.0,,,,,,,
2026-08-09,sepa,Hipermercado Carrefour,cafe-instantaneo,7790150100806,CAFE INSTANTANEO CLASICO LA VIRGINA DP X 100 GRS,5150.0,,,,,,,
2026-08-09,sepa,Hipermercado Carrefour,cafe-instantaneo,7790150101476,CAFE INSTANTANEO SUAVE LA VIRGINA DOYPACK X 170GRS,8050.0,,,,,,,
2026-08-09,sepa,Hipermercado Carrefour,cafe-instantaneo,7790150101490,CAFE INSTANTANEO SUAVE LA VIRGINIA FRASCO X 170 GR,9215.0,,,,,,,
2026-08-09,sepa,Hipermercado Carrefour,cafe-instantaneo,7790150101773,CAFE INSTANTANEO SUAVE LA VIRGINIA FRASCO X 100GRS,5859.0,,,,,,,
2026-08-09,sepa,Hipermercado Carrefour,cafe-instantaneo,7790150101780,CAFE INSTANTANEO SUAVE LA VIRGINA DP X 100 GRS,5139.0,,,,,,,
2026-08-09,sepa,Hipermercado Carrefour,cafe-instantaneo,7790150150573,CAFE INSTANTANEO TOSTADO LA VIRGINIA FRASCO 100GR,8259.0,,,,,,,
2026-08-09,sepa,Hipermercado Carrefour,cafe-instantaneo,7790170904798,CAFE INSTANTANEO LA MORENITA FRASCO X 100 GRS,6350.0,,,,,,,
2026-08-09,sepa,Hipermercado Carrefour,queso-crema-light,7790244941605,QUESO CREMA LIGTH SAN IGNACIO POTE X 290 GR,3203.65,3769.0,,,,,Promo A valida desde el 06/08/2026 hasta 12/08/2026,
2026-08-09,sepa,Hipermercado Carrefour,queso-crema-light,7790244941612,QUESO CREMA LIGHT SAN IGNACIO POTE X480 GRS,4818.65,5669.0,,,,,Promo A valida desde el 06/08/2026 hasta 12/08/2026,
2026-08-09,sepa,Hipermercado Carrefour,papel-higienico-doble-hoja,7790250015536,PAPEL HIGIENICO D HOJA PLUS HIGIENOL 4 X 30 MTS,3435.0,,,,,,,
2026-08-09,sepa,Hipermercado Carrefour,papel-higienico-doble-hoja,7790250015567,PAPEL HIGIENICO DOBLE HOJA PLUS HIGIENOL 4 X 20 MT,3149.0,,,,,,,
2026-08-09,sepa,Hipermercado Carrefour,papel-higienico-doble-hoja,7790250019411,PAPEL HIGIENICO DH PLUS HIGIENOL 30M X 18,15510.0,,,,,,,
2026-08-09,sepa,Hipermercado Carrefour,papel-higienico-doble-hoja,7790250026075,PAPEL HIGIENICO D H ULTRA SUAVE ELITE 4 X 30 MTS,4399.0,,,,,,,
2026-08-09,sepa,Hipermercado Carrefour,papel-higienico-doble-hoja,7790250026082,PAPEL HIGIENICO ULTRA SOFT D HOJA ELITE 4 X 50 MTS,10349.0,,,,,,,
2026-08-09,sepa,Hipermercado Carrefour,rollo-cocina,7790250056881,ROLLO DE COCINA CLASICO SUSSEX 3 X 50 PAN,2920.0,2929.0,,,,,Promo A valida desde el 04/08/2026 hasta 10/08/2026,
2026-08-09,sepa,Hipermercado Carrefour,rollo-cocina,7790250056898,ROLLO DE COCINA ULTRA SUSSEX 60P X 3 UNI,4980.0,,,,,,,
2026-08-09,sepa,Hipermercado Carrefour,rollo-cocina,7790250056980,ROLLO DE COCINA MAXI SUSSEX 3 X 100 PAN,7489.0,,,,,,,
2026-08-09,sepa,Hipermercado Carrefour,rollo-cocina,7790250057086,ROLLO COCINA CLASICO MEGA SUSSEX X 200 PANOS,3350.0,,,,,,,
2026-08-09,sepa,Hipermercado Carrefour,papel-higienico-doble-hoja,7790250092452,PAPEL HIGIENICO DOBLE HOJA NOBLE 4 X 30 M,3669.0,,,,,,,
2026-08-09,sepa,Hipermercado Carrefour,papel-higienico-doble-hoja,7790250913368,PAPEL HIGIENICO DH CON YAPA HIGIENOL 50M X 4 UNI,9529.0,,,,,,,
2026-08-09,sepa,Hipermercado Carrefour,yerba-mananita,7790387015317,YERBA MATE BAJO POLVO MANANITA 4FLEX X 1 KG,4749.0,,,,,,,
2026-08-09,sepa,Hipermercado Carrefour,yerba-mananita,7790387015324,YERBA MATE BAJO POLVO MANANITA 4FLEX X 500 GRS,2379.0,,,,,,,
2026-08-09,sepa,Hipermercado Carrefour,cafe-instantaneo,7790550029431,CAFE INSTANTANEO CLASICO LA PLANTA FRASCO X 170 GR,13709.0,,,,,,,
2026-08-09,sepa,Hipermercado Carrefour,atun-lomitos-natural,7790580131364,ATUN AL NATURAL LOMITOS LA CAMPAGNOLA X 170 GRS,5745.0,,,,,,,
2026-08-09,sepa,Hipermercado Carrefour,vinagre-alcohol,7790673000188,VINAGRE DE ALCOHOL FAVINCO BIDON X 5 LT,8129.0,,,,,,,
2026-08-09,sepa,Hipermercado Carrefour,ricotta,7790742102805,RICOTTA ENTERA B SODIO GARCIA SACHET X 500 GRS,4699.0,,,,,,,
2026-08-09,sepa,Hipermercado Carrefour,ricotta,7790742114204,RICOTTA SEMIGRASA BAJO SODIO GARCIA X 500 GRS,4755.0,,,,,,,
2026-08-09,sepa,Hipermercado Carrefour,leche-protein,7790742358608,LECHE UAT DESC S LACT PROTEIN LA SERENISIMA BOTX1L,2999.0,,,,,,,
2026-08-09,sepa,Hipermercado Carrefour,queso-crema-light,7790742373304,QUESO FUNDIDO FINLANDIA LIGHT POTE 290 GRS,5479.0,,,,,,,
2026-08-09,sepa,Hipermercado Carrefour,yogur-natural-sin-azucar,7790787960934,YOGUR CREMOSO SAB NATURAL ILOLAY POTE X 350 G,3144.15,3699.0,,,,,Promo A valida desde el 06/08/2026 hasta 12/08/2026,
2026-08-09,sepa,Hipermercado Carrefour,gaseosa-cola-zero,7790895067532,GASEOSA COLA ZERO COCA COLA PET X 500 CC,2450.0,,,,,,,
2026-08-09,sepa,Hipermercado Carrefour,gaseosa-cola-zero,7790895067556,GASEOSA COLA SIN AZUCAR COCA COLA PET X 1.5LT,3979.0,,,,,,,
2026-08-09,sepa,Hipermercado Carrefour,gaseosa-cola-zero,7790895067570,GASEOSA COLA ZERO COCA COLA PET X 2.25 LT,5300.0,,,,,,,
2026-08-09,sepa,Hipermercado Carrefour,gaseosa-cola-zero,7790895067587,GASEOSA COLA SIN AZUCAR COCA COLA LATA X 354 CC,2359.0,,,,,,,
2026-08-09,sepa,Hipermercado Carrefour,gaseosa-cola-zero,7790895640438,GASEOSA COLA SIN AZUCAR COCA COLA PET X 3 LT,6650.0,,,,,,,
2026-08-09,sepa,Hipermercado Carrefour,detergente,7790990003022,DETERGENTE ULTRA LIMON MAGISTRAL BOT X 300 CC,2459.0,,,,,,,
2026-08-09,sepa,Hipermercado Carrefour,detergente,7790990003039,DETERGENTE ULTRA LIMON MAGISTRAL BOT X 500 CC,4389.0,,,,,,,
2026-08-09,sepa,Hipermercado Carrefour,detergente,7790990003046,DETERGENTE ULTRA LIMON MAGISTRAL BOT X 750 CC,6035.0,,,,,,,
2026-08-09,sepa,Hipermercado Carrefour,detergente,7790990003053,DETERGENTE ULTRA LIMON MAGISTRAL BOT 1400ML,13990.0,,,,,,,
2026-08-09,sepa,Hipermercado Carrefour,detergente,7790990003121,DETERGENTE ULTRA MARINA MAGISTRAL BOT X 300 CC,2459.0,,,,,,,
2026-08-09,sepa,Hipermercado Carrefour,detergente,7790990003138,DETERGENTE ULTRA MARINA MAGISTRAL BOT X 500 CC,4559.0,,,,,,,
2026-08-09,sepa,Hipermercado Carrefour,detergente,7790990003145,DETERGENTE ULTRA MARINA MAGISTRAL BOT X 750 CC,6035.0,,,,,,,
2026-08-09,sepa,Hipermercado Carrefour,detergente,7790990003381,DETERGENTE LIMON MAGISTRAL PLATINUM X 500 CC,6159.0,,,,,,,
2026-08-09,sepa,Hipermercado Carrefour,detergente,7790990003404,DETERGENTE CREMOSO ULTRA LIMON BOT X 300 CC,3450.0,,,,,,,
2026-08-09,sepa,Hipermercado Carrefour,detergente,7790990003411,DETERGENTE CREM ULTRA LIMON MAGISTRAL BOT X 500CC,4559.0,,,,,,,
2026-08-09,sepa,Hipermercado Carrefour,detergente,7790990003787,DETERGENTE ULTRA LIMON MAGISTRAL DP X 450 CC,4039.0,,,,,,,
2026-08-09,sepa,Hipermercado Carrefour,rollo-cocina,7791070005806,ROLLO DE COCINA CELESTIAL 3 X 50 PANOS,3189.0,,,,,,,
2026-08-09,sepa,Hipermercado Carrefour,lavandina,7791290793781,LIMPIADOR CREMOSO C LAVANDINA CIF X 750G,4665.0,,,,,,,
2026-08-09,sepa,Hipermercado Carrefour,lavandina,7791290793804,LIMPIADOR EN GEL C LAVANDINA CIF X 513G,3669.0,,,,,,,
2026-08-09,sepa,Hipermercado Carrefour,detergente,7791290794054,DETERGENTE BIOACTIVE LIMON CIF X 300 CC,2329.0,,,,,,,
2026-08-09,sepa,Hipermercado Carrefour,detergente,7791290794061,DETERGENTE BIOACTIVE LIMON CIF X 500 CC,3729.0,,,,,,,
2026-08-09,sepa,Hipermercado Carrefour,detergente,7791290794078,DETERGENTE BIOACTIVE LIMON CIF X 750 CC,6590.0,,,,,,,
2026-08-09,sepa,Hipermercado Carrefour,detergente,7791290794085,DETERGENTE BIOACTIVE LIMON CIF REPUESTO X 450 CC,2855.0,,,,,,,
2026-08-09,sepa,Hipermercado Carrefour,detergente,7791290794092,DETERGENTE BIOACTIVE LIMA CIF RESPUESTO X 450 CC,2855.0,,,,,,,
2026-08-09,sepa,Hipermercado Carrefour,detergente,7791290794108,DETERGENTE BIOACTIVE LIMA CIF X 300 CC,2329.0,,,,,,,
2026-08-09,sepa,Hipermercado Carrefour,detergente,7791290794115,DETERGENTE BIOACTIVE LIMA CIF X 500 CC,3729.0,,,,,,,
2026-08-09,sepa,Hipermercado Carrefour,lavandina,7791290794955,LAVANDINA EN GEL ORIGINAL VIM X 700 CC,3500.0,,,,,,,
2026-08-09,sepa,Hipermercado Carrefour,detergente,7791290796706,DETERGENTE ACTIVE GEL ORIG CIF BOT X 500 CC,4850.0,,,,,,,
2026-08-09,sepa,Hipermercado Carrefour,detergente,7791290796720,DETERGENTE ACTIVE GEL ORIG CIF DP X 400 CC,4289.0,,,,,,,
2026-08-09,sepa,Hipermercado Carrefour,detergente,7791290796737,DETERGENTE ACTIVE GEL LIMON CIF BOT X 500 CC,4850.0,,,,,,,
2026-08-09,sepa,Hipermercado Carrefour,detergente,7791290796744,DETERGENTE ACTIVE GEL LIMON CIF BOT X 750 CC,8229.0,,,,,,,
2026-08-09,sepa,Hipermercado Carrefour,detergente,7791290796751,DETERGENTE ACTIVE GEL LIMON CIF DP X 400 CC,4289.0,,,,,,,
2026-08-09,sepa,Hipermercado Carrefour,yogur-natural-sin-azucar,7791337007208,YOGUR NATURAL S LACTOSA SER POTE X 300 GR,4915.0,,,,,,,
2026-08-09,sepa,Hipermercado Carrefour,queso-crema-light,7791337009851,QUESO CREMA LIGHT LA SERENISIMA POTE X 460 GRS,6045.0,,,,,,,
2026-08-09,sepa,Hipermercado Carrefour,yogur-natural-sin-azucar,7791337010932,YOGUR GRIEGO FIR NATURAL YOGURISIMO POTE X 180 GR,2950.0,,,,,,,
2026-08-09,sepa,Hipermercado Carrefour,rollo-cocina,7791720002605,ROLLO DE COCINA CARREFOUR ESSENTIAL 3 X 40 PANOS,2350.0,,,,,,,
2026-08-09,sepa,Hipermercado Carrefour,rollo-cocina,7791720025543,ROLLO DE COCINA MAXI BLANCO CARREFOUR X 200 PANOS,2490.0,2850.0,,,,,Promo A valida desde el 04/08/2026 hasta 10/08/2026,
2026-08-09,sepa,Hipermercado Carrefour,queso-crema-light,7791720028506,QUESO CREMA LIGHT CARREFOUR CLASSIC X 290 GRS,3190.0,,,,,,,
2026-08-09,sepa,Hipermercado Carrefour,papel-higienico-doble-hoja,7791720032930,PAPEL HIGIENICO DH CARREFOUR ESSENTIAL 4X30 MTS,2990.0,3450.0,,,,,Promo A valida desde el 04/08/2026 hasta 10/08/2026,
2026-08-09,sepa,Hipermercado Carrefour,cafe-instantaneo,7791720035481,CAFE INSTANTANEO SUAVE CRF CLASSIC FRASCO X 170 GR,10650.0,,,,,,,
2026-08-09,sepa,Hipermercado Carrefour,vinagre-alcohol,7791720035955,VINAGRE DE ALCOHOL BULNEZ 1 LT,1190.0,,,,,,,
2026-08-09,sepa,Hipermercado Carrefour,vinagre-alcohol,7791720035962,VINAGRE DE ALCOHOL BULNEZ BIDON 5000 CC,5790.0,,,,,,,
2026-08-09,sepa,Hipermercado Carrefour,rollo-cocina,7791720045541,ROLLOS DE COCINA CARREFOUR ESSENTIAL 3 X 100 PANOS,4650.0,,,,,,,
2026-08-09,sepa,Hipermercado Carrefour,papel-higienico-doble-hoja,7791720045558,PAPEL HIG DOBLE HOJA CARREFOUR ESSENTIAL 4 X50MTS,5550.0,,,,,,,
2026-08-09,sepa,Hipermercado Carrefour,ricotta,7791720046951,RICOTTA ENTERA BULNEZ X 500 GRM,2966.5,3490.0,,,,,Promo A valida desde el 06/08/2026 hasta 12/08/2026,
2026-08-09,sepa,Hipermercado Carrefour,rollo-cocina,7791720047446,ROLLO DE COCINA DOBLE HOJA BULNEZ X 200 PANOS,2350.0,,,,,,,
2026-08-09,sepa,Hipermercado Carrefour,yogur-natural-sin-azucar,7791720048122,YOGUR NATURAL CARREFOUR EXTRA FRASCO X 200 GR,2337.5,2750.0,,,,,Promo A valida desde el 06/08/2026 hasta 12/08/2026,
2026-08-09,sepa,Hipermercado Carrefour,yogur-natural-sin-azucar,7791720048139,YOGUR NATURAL CARREFOUR CLASSIC POTE 300 X GR,2626.5,3090.0,,,,,Promo A valida desde el 06/08/2026 hasta 12/08/2026,
2026-08-09,sepa,Hipermercado Carrefour,gaseosa-cola-zero,7791813828365,GASEOSA COLA BLACK PEPSI N PET X 500 CC.,2200.0,,,,,,,
2026-08-09,sepa,Hipermercado Carrefour,gaseosa-cola-zero,7791813828419,GASEOSA COLA BLACK PEPSI NF PET X 1.5 LT,3950.0,,,,,,,
2026-08-09,sepa,Hipermercado Carrefour,gaseosa-cola-zero,7791813828464,GASEOSA COLA BLACK PEPSI N PET X 2 LT,4400.0,,,,,,,
2026-08-09,sepa,Hipermercado Carrefour,rollo-cocina,7791828000121,ROLLO COCINA PARA CADA DIA FELPITA 3 X 40 PANOS,2499.0,,,,,,,
2026-08-09,sepa,Hipermercado Carrefour,rollo-cocina,7791828900025,ROLLO DE COCINA DISNEY FELPITA 3 X 40 PANOS,3265.0,,,,,,,
2026-08-09,sepa,Hipermercado Carrefour,papel-higienico-doble-hoja,7791828900049,PAPEL HIGIENICO INFINITY FELPITA 4X30 MTS,4409.0,,,,,,,
2026-08-09,sepa,Hipermercado Carrefour,rollo-cocina,7791828900056,ROLLO DE COCINA BLANCO INFINITY FELPITA 3X100 MTS,5109.0,,,,,,,
2026-08-09,sepa,Hipermercado Carrefour,papel-higienico-doble-hoja,7791828900186,PAPEL HIGIENICO DH FELPITA PREMIUM 4X20 MTS,2940.0,,,,,,,
2026-08-09,sepa,Hipermercado Carrefour,papel-higienico-doble-hoja,7791828900278,PAPEL HIGIENICO D HOJA SUPER SUAVE FELPITA 6X30MTS,6405.0,,,,,,,
2026-08-09,sepa,Hipermercado Carrefour,papel-higienico-doble-hoja,7791828900285,PAPEL HIGIENICO DH INFINITY FELPITA 4 X 50 M,6860.0,,,,,,,
2026-08-09,sepa,Hipermercado Carrefour,rollo-cocina,7791828900377,ROLLO DE COCINA MAXIROLLO FELPITA X 200 PANOS,3069.0,,,,,,,
2026-08-09,sepa,Hipermercado Carrefour,papel-higienico-doble-hoja,7791828900520,PAPEL HIGIENICO DH FELPITA 12 X 30 MTS,14009.0,,,,,,,
2026-08-09,sepa,Hipermercado Carrefour,rollo-cocina,7791828900537,ROLLO DE COCINA PANO BLANCO FELPITA 3 X 60 UNI,2649.0,,,,,,,
2026-08-09,sepa,Hipermercado Carrefour,rollo-cocina,7791828900599,ROLLO DE COCINA MAXIROLLO FELPITA X 150 PANOS,3069.0,,,,,,,
2026-08-09,sepa,Hipermercado Carrefour,rollo-cocina,7791828900605,ROLLO DE COCINA FAMILIAR MAXIROLLO FELPITA 4 X 200,11039.0,,,,,,,
2026-08-09,sepa,Hipermercado Carrefour,lavandina,7791905000020,LAVANDINA CONCENTRADA QUERUBIN X 1 LT,1206.75,1609.0,,,,,Promo A valida desde el 06/08/2026 hasta 12/08/2026,
2026-08-09,sepa,Hipermercado Carrefour,lavandina,7791905003663,LAVANDINA ROPA BLANCA ADITIVADA QUERUBIN BOT X 1 L,2020.0,,,,,,,
2026-08-09,sepa,Hipermercado Carrefour,lavandina,7791905023203,LAVANDINA ORIGINAL ODEX X 1 LT,1295.0,,,,,,,
2026-08-09,sepa,Hipermercado Carrefour,lavandina,7791905023210,LAVANDINA ORIGINAL ODEX X 2 LT,2460.0,,,,,,,
2026-08-09,sepa,Hipermercado Carrefour,lavandina,7791905023227,LAVANDINA ORIGINAL ODEX X 4 LT,4809.0,,,,,,,
2026-08-09,sepa,Hipermercado Carrefour,lavandina,7791905024057,LAVANDINA ADITIVADA LAVANDA ODEX X 1 LT,1520.0,,,,,,,
2026-08-09,sepa,Hipermercado Carrefour,lavandina,7791905024064,LAVANDINA ADITIVADA LAVANDA ODEX X 2 LT,2810.0,,,,,,,
2026-08-09,sepa,Hipermercado Carrefour,lavandina,7791905024071,LAVANDINA ADITIVADA LAVANDA ODEX X 4 LT,4990.0,,,,,,,
2026-08-09,sepa,Hipermercado Carrefour,lavandina,7791905024095,LAVANDINA ADITIVADA BOSQUE ODEX X 2 LT,2810.0,,,,,,,
2026-08-09,sepa,Hipermercado Carrefour,lavandina,7791905024101,LAVANDINA ADITIVADA BOSQUE ODEX X 4 LT,4990.0,,,,,,,
2026-08-09,sepa,Hipermercado Carrefour,lavandina,7791905024248,LAVANDINA ADITIVADA EN GEL ORIGINAL ODEX X 700 CC,3000.0,,,,,,,
2026-08-09,sepa,Hipermercado Carrefour,lavandina,7793253003715,LAVANDINA MULTISUP LAVANDA TRIPLE PODER AYUDIN X1L,1909.0,,,,,,,
2026-08-09,sepa,Hipermercado Carrefour,lavandina,7793253003722,LAVANDINA MULTISUP LAVANDA TRIPLE PODER AYUDIN X2L,3465.0,,,,,,,
2026-08-09,sepa,Hipermercado Carrefour,lavandina,7793253003739,LAVANDINA MULTISUP LAVANDA TRIPLE PODER AYUDIN X4L,7179.0,,,,,,,
2026-08-09,sepa,Hipermercado Carrefour,lavandina,7793253003746,LAVANDINA MULTI PU GLACIAR TRIPLE PODER AYUDIN X1L,1909.0,,,,,,,
2026-08-09,sepa,Hipermercado Carrefour,lavandina,7793253003753,LAVANDINA MULTI PU GLACIAR TRIPLE PODER AYUDIN X2L,3465.0,,,,,,,
2026-08-09,sepa,Hipermercado Carrefour,lavandina,7793253003760,LAVANDINA MULTI PU GLACIAR TRIPLE PODER AYUDIN X4L,7179.0,,,,,,,
2026-08-09,sepa,Hipermercado Carrefour,lavandina,7793253003777,LAVANDINA ANTISPLASH TRADICIONAL AYUDIN X 1 LT,2225.0,,,,,,,
2026-08-09,sepa,Hipermercado Carrefour,lavandina,7793253003784,LAVANDINA ANTISPLASH TRADICIONAL AYUDIN X 2 LT,4185.0,,,,,,,
2026-08-09,sepa,Hipermercado Carrefour,lavandina,7793253003791,LAVANDINA EN GEL ORIGINAL AYUDIN BOTELLA X 700 CC,3519.0,,,,,,,
2026-08-09,sepa,Hipermercado Carrefour,lavandina,7793253003807,LAVANDINA EN GEL CITRUS AYUDIN BOTELLA X 700 CC,3519.0,,,,,,,
2026-08-09,sepa,Hipermercado Carrefour,lavandina,7793253003814,LAVANDINA EN GEL FLORAL AYUDIN BOTELLA X 700 CC,3519.0,,,,,,,
2026-08-09,sepa,Hipermercado Carrefour,lavandina,7793253003821,LAVANDINA EN GEL MENTA AYUDIN BOTELLA X 700 CC,3519.0,,,,,,,
2026-08-09,sepa,Hipermercado Carrefour,lavandina,7793253003838,LAVANDINA EN GEL LAVANDA AYUDIN X 700 CC,3519.0,,,,,,,
2026-08-09,sepa,Hipermercado Carrefour,lavandina,7793253003869,LAVANDINA EN GEL ORIGINAL AYUDIN BOTELLA X 1.5 LT,8300.0,,,,,,,
2026-08-09,sepa,Hipermercado Carrefour,lavandina,7793253003876,LAVANDINA EN GEL PUREZA CITRICA AYUDIN X 1.5 LT,8300.0,,,,,,,
2026-08-09,sepa,Hipermercado Carrefour,lavandina,7793253005856,LAVANDINA EN GEL ORIGINAL AYUDIN BOTELLA X 500 CC,2989.0,,,,,,,
2026-08-09,sepa,Hipermercado Carrefour,lavandina,7793253005863,LAVANDINA EN GEL CITRICA AYUDIN X 500 CC,2985.0,,,,,,,
2026-08-09,sepa,Hipermercado Carrefour,lavandina,7793253006709,LAVANDINA ORIGINAL DESINFECTANTE AYUDIN X 2 LT,2609.0,,,,,,,
2026-08-09,sepa,Hipermercado Carrefour,lavandina,7793253006716,LAVANDINA ORIGINAL DESINFECTANTE AYUDIN X 4 LT,5789.0,,,,,,,
2026-08-09,sepa,Hipermercado Carrefour,lavandina,7793253007263,LAVANDINA ANTISPLASH AYUDIN X 4 L,8280.0,,,,,,,
2026-08-09,sepa,Hipermercado Carrefour,papel-higienico-doble-hoja,7793344000517,PAPEL HIGIENICO D HOJA ELEGANTE 4 X 30 MT,3110.0,,,,,,,
2026-08-09,sepa,Hipermercado Carrefour,rollo-cocina,7793344009206,ROLLO DE COCINA GIGANTE ELEGANTE X 200 PANOS,2839.0,,,,,,,
2026-08-09,sepa,Hipermercado Carrefour,rollo-cocina,7793344009305,ROLLOS DE COCINA ELEGANTE GIRAMAS 3 X 100 PAN,5319.0,,,,,,,
2026-08-09,sepa,Hipermercado Carrefour,rollo-cocina,7793344904013,ROLLO DE COCINA ELEGANTE 3 X 50 PANOS,2839.0,,,,,,,
2026-08-09,sepa,Hipermercado Carrefour,rollo-cocina,7793344904853,ROLLO DE COCINA PREMIUM ELEGANTE 3 X 60 PAN,1899.0,3429.0,,,,,Promo A valida desde el 07/08/2026 hasta 09/08/2026,
2026-08-09,sepa,Hipermercado Carrefour,yogur-natural-sin-azucar,7793913002423,YOGUR ENTERO NATURAL TREGAR POTE X 140 GRS.,2029.0,,,,,,,
2026-08-09,sepa,Hipermercado Carrefour,queso-crema-light,7793913013214,QUESO CREMA LIGHT TREGAR X 190 GRS,3190.0,,,,,,,
2026-08-09,sepa,Hipermercado Carrefour,queso-crema-light,7793913013641,QUESO NEUFCHATEL LIGHT TREGAR POTE X 180 GRS,3089.0,,,,,,,
2026-08-09,sepa,Hipermercado Carrefour,ricotta,7793913013665,RICOTTA ENTERA BAJO SODIO TREGAR POTE X 290 GRS,3790.0,,,,,,,
2026-08-09,sepa,Hipermercado Carrefour,ricotta,7793913013672,RICOTTA MAGRA BAJO SODIO TREGAR POTE X 290 GRS,3769.0,,,,,,,
2026-08-09,sepa,Hipermercado Carrefour,queso-crema-light,7794820015018,QUESO FUNDIDO LIGHT TRAD MILKAUT POTE X 190 GRS,3379.0,,,,,,,
2026-08-09,sepa,Hipermercado Carrefour,queso-crema-light,7794820903094,QUESO UNTABLE LIGHT CREMATTO POTE MILKAUT X 285GRS,5069.0,,,,,,,
2026-08-09,sepa,Hipermercado Carrefour,yogur-natural-sin-azucar,7794820903612,YOGUR ENT NATURAL CREMOSO MILKAUT POTE X 300 G,3879.0,,,,,,,
2026-08-09,sepa,Hipermercado Carrefour,yogur-natural-sin-azucar,7794820903711,YOGUR DESC NATURAL CREMOSO MILKAUT POTE X 300G,3879.0,,,,,,,
2026-08-09,sepa,Hipermercado Carrefour,vinagre-alcohol,7798033332610,VINAGRE DE ALCOHOL CARREFOUR PET X 500 CC,1190.0,,,,,,,
2026-08-09,sepa,Hipermercado Carrefour,vinagre-alcohol,7798033332641,VINAGRE DE ALCOHOL CARREFOUR PET X 1 LT,1550.0,,,,,,,
2026-08-09,sepa,Hipermercado Carrefour,atun-lomitos-natural,7798033333907,ATUN AL NATURAL LOMITOS CARREFOUR LATA X 170 GRS.,3490.0,,,,,,,
2026-08-09,sepa,Hipermercado Carrefour,atun-lomitos-natural,7798108349161,ATUN AL NATURAL LOMITOS CARREFOUR LATA X 354 GRS,6450.0,,,,,,,
2026-08-09,sepa,Hipermercado Carrefour,yogur-natural-sin-azucar,7798136870545,YOGUR FIRME NATURAL DAHI FRASCO X 190 GRS,2720.0,,,,,,,
2026-08-09,sepa,Hipermercado Carrefour,yogur-natural-sin-azucar,7798136870859,YOGUR NATURAL ESTILO GRIEGO DAHI FRASCO X 190 GRM,3289.0,,,,,,,
2026-08-09,sepa,Hipermercado Carrefour,rollo-cocina,7798141718221,ROLLO DE COCINA CARREFOUR 3 X 50 PANOS,2390.0,,,,,,,
2026-08-09,sepa,Hipermercado Carrefour,atun-lomitos-natural,7798152222151,ATUN AL NATURAL LOMITOS CARREFOUR 3 X 80 GRS,6150.0,,,,,,,
2026-08-09,sepa,Hipermercado Carrefour,papel-higienico-doble-hoja,7798159717520,PAPEL HIGIENICO D HOJA DECO CARREFOUR 4 X 50 MTS,6090.0,,,,,,,
2026-08-09,sepa,Hipermercado Carrefour,rollo-cocina,7798159717537,ROLLO DE COCINA DECORADO CARREFOUR 3 X 50 PANOS,2750.0,,,,,,,
2026-08-09,sepa,Hipermercado Carrefour,papel-higienico-doble-hoja,7798159718961,PAPEL HIGIENICO D HOJA CARREFOUR 4 X 30 MTS,2990.0,3450.0,,,,,Promo A valida desde el 04/08/2026 hasta 10/08/2026,
2026-08-09,sepa,Hipermercado Carrefour,ricotta,7798179070018,RICOTA G SILVIA X 500 GRS,3285.0,,,,,,,
2026-08-09,sepa,Hipermercado Carrefour,cafe-instantaneo,7798196990016,CAFE SOLUBLE SEGAFREDO FRASCO X 100 GRS,19500.0,,,,,,,
2026-08-09,sepa,Hipermercado Carrefour,cafe-instantaneo,7798196990047,CAFE INSTANTANEO LIOFILIZADO SEGAFREDO X 100 GRS,22100.0,,,,,,,
2026-08-09,sepa,Hipermercado Carrefour,queso-crema-light,7798312320567,QUESO UNTABLE LIGHT SANTA CLARA POTE X 300 GRS,3099.0,,,,,,,
2026-08-09,sepa,Hipermercado Carrefour,yogur-natural-sin-azucar,7798327950193,YOGUR NATURAL S AZUCAR SIN TACC BEAUDROIT 400 GR,4855.0,,,,,,,
2026-08-09,sepa,Hipermercado Carrefour,leche-protein,7798338291803,LECHE C PROTEINA VIDA ACTIVA LAS TRES NINAS X 1LT,2865.0,,,,,,,
2026-08-09,sepa,Hipermercado Carrefour,cafe-instantaneo,7891000426937,CAFE INSTANTANEO ICED COFFEE NESCAFE X 100 GRS,10210.0,,,,,,,
2026-08-09,sepa,Hipermercado Carrefour,capsulas-nespresso-starbucks,8445290154125,CAPSULA CAFE NESPRESSO STARBUCKS CARAMEL X 51 GRS,16599.0,,,,,,,
2026-08-09,sepa,Hipermercado Carrefour,capsulas-nespresso-starbucks,8445290814425,CAPSULA CAFE NESPRESSO STARBUCKS DECAF X 55 GRS,16599.0,,,,,,,
2026-08-09,sepa,Hipermercado Carrefour,cafe-instantaneo,8445291311510,CAFE INSTANTANEO TRADICION NESCAFE X 100 GRS,8750.0,,,,,,,
2026-08-09,sepa,Hipermercado Carrefour,cafe-instantaneo,8445291311558,CAFE INSTANTANEO SUAVE DOLCA DP X 100 GRS,6149.0,,,,,,,
2026-08-09,sepa,Hipermercado Carrefour,capsulas-nespresso-starbucks,8445291363656,CAPSULAS CAFE HOUSE BLEND STARBUCKS X 10 UNI,15995.0,,,,,,,
2026-08-09,sepa,Hipermercado Carrefour,capsulas-nespresso-starbucks,8445291367272,CAPSULAS CAFE ESPRESSO ROAST STARBUCKS X 10 UNI,16599.0,,,,,,,
2026-08-09,sepa,Hipermercado Carrefour,cafe-instantaneo,8445291738775,CAFE INSTANTANEO GOLD NESCAFE FRASCO X 95 GRS,21969.0,,,,,,,
2026-08-09,sepa,Hipermercado Carrefour,capsulas-nespresso-starbucks,8445291786721,CAPSULAS CAFE CHOCO HAZELNUT STARBUCKS X 10 UNI,17589.0,,,,,,,
2026-08-09,sepa,Market,desodorante-barra-hombre,7501001163983,ANTITRANSPIRANTE BARRA FRESH OLD SPICE X 50 GRS,9949.0,,,,,,,
2026-08-09,sepa,Market,desodorante-barra-hombre,75083694,DESODORANTE STICK BLUE LAVENDER AXE X 58 GRM,8709.0,,,,,,,
2026-08-09,sepa,Market,desodorante-barra-hombre,75083700,DESODORANTE STICK AQUA CITRUS AXE X 58 GRM,8709.0,,,,,,,
2026-08-09,sepa,Market,cafe-instantaneo,7613035379213,CAFE DESCAFEINADO INSTANTANEO NESCAFE X 100 GRS,16535.0,,,,,,,
2026-08-09,sepa,Market,cafe-instantaneo,7613036312752,CAFE INSTANTANEO EXPRESSO GOLD NESCAFE X 100 GRS,24475.0,,,,,,,
2026-08-09,sepa,Market,capsulas-nespresso-starbucks,7613036961004,CAPSULAS CAFE BLOND ESPRESSO STARBUCKS X 10 UNI,17765.0,,,,,,,
2026-08-09,sepa,Market,suprema-pollo,7790070036063,SUPREMAS DE POLLO GRANJA DEL SOL BOLSA X 360 GRS,10665.0,,,,,,,
2026-08-09,sepa,Market,vinagre-alcohol,7790130000034,VINAGRE DE ALCOHOL MENOYO PET X 500 CC,1379.0,,,,,,,
2026-08-09,sepa,Market,vinagre-alcohol,7790130000058,VINAGRE DE ALCOHOL MENOYO PET X 1 LT,1750.0,,,,,,,
2026-08-09,sepa,Market,vinagre-alcohol,7790130000263,VINAGRE DE ALCOHOL ALCAZAR PET 500 CC,1119.0,,,,,,,
2026-08-09,sepa,Market,vinagre-alcohol,7790130000294,VINAGRE DE ALCOHOL ALCAZAR PET X 1 LT,1319.0,,,,,,,
2026-08-09,sepa,Market,lavandina,7790132098459,LAVANDINA ORIGINAL AYUDIN X 1 LT,1279.0,,,,,,,
2026-08-09,sepa,Market,vinagre-alcohol,7790139003166,VINAGRE DE ALCOHOL CLASICO CASALTA PET X500 CC,1205.0,,,,,,,
2026-08-09,sepa,Market,vinagre-alcohol,7790139101138,VINAGRE DE ALCOHOL FAVINCO PET X 1 LT,1589.0,,,,,,,
2026-08-09,sepa,Market,cafe-instantaneo,7790150100486,CAFE INSTANTANEO ESP INST CLAS LA VIRGINIA X 170GR,9209.0,,,,,,,
2026-08-09,sepa,Market,cafe-instantaneo,7790150100806,CAFE INSTANTANEO CLASICO LA VIRGINA DP X 100 GRS,5150.0,,,,,,,
2026-08-09,sepa,Market,cafe-instantaneo,7790150101780,CAFE INSTANTANEO SUAVE LA VIRGINA DP X 100 GRS,5139.0,,,,,,,
2026-08-09,sepa,Market,cafe-instantaneo,7790170904798,CAFE INSTANTANEO LA MORENITA FRASCO X 100 GRS,6350.0,,,,,,,
2026-08-09,sepa,Market,queso-crema-light,7790244941605,QUESO CREMA LIGTH SAN IGNACIO POTE X 290 GR,3769.0,,,,,,,
2026-08-09,sepa,Market,queso-crema-light,7790244941612,QUESO CREMA LIGHT SAN IGNACIO POTE X480 GRS,5669.0,,,,,,,
2026-08-09,sepa,Market,papel-higienico-doble-hoja,7790250015536,PAPEL HIGIENICO D HOJA PLUS HIGIENOL 4 X 30 MTS,3619.0,,,,,,,
2026-08-09,sepa,Market,papel-higienico-doble-hoja,7790250015567,PAPEL HIGIENICO DOBLE HOJA PLUS HIGIENOL 4 X 20 MT,3545.0,,,,,,,
2026-08-09,sepa,Market,papel-higienico-doble-hoja,7790250019411,PAPEL HIGIENICO DH PLUS HIGIENOL 30M X 18,20900.0,,,,,,,
2026-08-09,sepa,Market,papel-higienico-doble-hoja,7790250026075,PAPEL HIGIENICO D H ULTRA SUAVE ELITE 4 X 30 MTS,5599.0,,,,,,,
2026-08-09,sepa,Market,papel-higienico-doble-hoja,7790250026082,PAPEL HIGIENICO ULTRA SOFT D HOJA ELITE 4 X 50 MTS,10349.0,,,,,,,
2026-08-09,sepa,Market,rollo-cocina,7790250056881,ROLLO DE COCINA CLASICO SUSSEX 3 X 50 PAN,2546.67,2929.0,,,,,Promo A valida desde el 04/08/2026 hasta 10/08/2026,
2026-08-09,sepa,Market,rollo-cocina,7790250056898,ROLLO DE COCINA ULTRA SUSSEX 60P X 3 UNI,4980.0,,,,,,,
2026-08-09,sepa,Market,rollo-cocina,7790250056980,ROLLO DE COCINA MAXI SUSSEX 3 X 100 PAN,7489.0,,,,,,,
2026-08-09,sepa,Market,rollo-cocina,7790250057086,ROLLO COCINA CLASICO MEGA SUSSEX X 200 PANOS,3099.0,,,,,,,
2026-08-09,sepa,Market,papel-higienico-doble-hoja,7790250092452,PAPEL HIGIENICO DOBLE HOJA NOBLE 4 X 30 M,3669.0,,,,,,,
2026-08-09,sepa,Market,papel-higienico-doble-hoja,7790250913368,PAPEL HIGIENICO DH CON YAPA HIGIENOL 50M X 4 UNI,9529.0,,,,,,,
2026-08-09,sepa,Market,yerba-mananita,7790387015317,YERBA MATE BAJO POLVO MANANITA 4FLEX X 1 KG,4789.0,,,,,,,
2026-08-09,sepa,Market,yerba-mananita,7790387015324,YERBA MATE BAJO POLVO MANANITA 4FLEX X 500 GRS,2400.0,2570.0,,,,,Promo A valida desde el 07/08/2026 hasta 10/08/2026,
2026-08-09,sepa,Market,atun-lomitos-natural,7790580131364,ATUN AL NATURAL LOMITOS LA CAMPAGNOLA X 170 GRS,5745.0,,,,,,,
2026-08-09,sepa,Market,ricotta,7790742102805,RICOTTA ENTERA B SODIO GARCIA SACHET X 500 GRS,4509.0,,,,,,,
2026-08-09,sepa,Market,ricotta,7790742114204,RICOTTA SEMIGRASA BAJO SODIO GARCIA X 500 GRS,4755.0,,,,,,,
2026-08-09,sepa,Market,leche-protein,7790742358608,LECHE UAT DESC S LACT PROTEIN LA SERENISIMA BOTX1L,2999.0,,,,,,,
2026-08-09,sepa,Market,queso-crema-light,7790742373304,QUESO FUNDIDO FINLANDIA LIGHT POTE 290 GRS,5475.0,,,,,,,
2026-08-09,sepa,Market,yogur-natural-sin-azucar,7790787960934,YOGUR CREMOSO SAB NATURAL ILOLAY POTE X 350 G,3695.0,,,,,,,
2026-08-09,sepa,Market,gaseosa-cola-zero,7790895067532,GASEOSA COLA ZERO COCA COLA PET X 500 CC,1900.0,,,,,,,
2026-08-09,sepa,Market,gaseosa-cola-zero,7790895067556,GASEOSA COLA SIN AZUCAR COCA COLA PET X 1.5LT,3799.0,,,,,,,
2026-08-09,sepa,Market,gaseosa-cola-zero,7790895067570,GASEOSA COLA ZERO COCA COLA PET X 2.25 LT,5300.0,,,,,,,
2026-08-09,sepa,Market,gaseosa-cola-zero,7790895067587,GASEOSA COLA SIN AZUCAR COCA COLA LATA X 354 CC,2359.0,,,,,,,
2026-08-09,sepa,Market,gaseosa-cola-zero,7790895640438,GASEOSA COLA SIN AZUCAR COCA COLA PET X 3 LT,6650.0,,,,,,,
2026-08-09,sepa,Market,detergente,7790990003022,DETERGENTE ULTRA LIMON MAGISTRAL BOT X 300 CC,2595.0,,,,,,,
2026-08-09,sepa,Market,detergente,7790990003039,DETERGENTE ULTRA LIMON MAGISTRAL BOT X 500 CC,4189.0,,,,,,,
2026-08-09,sepa,Market,detergente,7790990003046,DETERGENTE ULTRA LIMON MAGISTRAL BOT X 750 CC,7550.0,,,,,,,
2026-08-09,sepa,Market,detergente,7790990003121,DETERGENTE ULTRA MARINA MAGISTRAL BOT X 300 CC,3129.0,,,,,,,
2026-08-09,sepa,Market,detergente,7790990003138,DETERGENTE ULTRA MARINA MAGISTRAL BOT X 500 CC,4559.0,,,,,,,
2026-08-09,sepa,Market,detergente,7790990003145,DETERGENTE ULTRA MARINA MAGISTRAL BOT X 750 CC,7560.0,,,,,,,
2026-08-09,sepa,Market,detergente,7790990003381,DETERGENTE LIMON MAGISTRAL PLATINUM X 500 CC,6159.0,,,,,,,
2026-08-09,sepa,Market,detergente,7790990003404,DETERGENTE CREMOSO ULTRA LIMON BOT X 300 CC,3450.0,,,,,,,
2026-08-09,sepa,Market,detergente,7790990003411,DETERGENTE CREM ULTRA LIMON MAGISTRAL BOT X 500CC,4559.0,,,,,,,
2026-08-09,sepa,Market,detergente,7790990003787,DETERGENTE ULTRA LIMON MAGISTRAL DP X 450 CC,4315.0,,,,,,,
2026-08-09,sepa,Market,rollo-cocina,7791070005806,ROLLO DE COCINA CELESTIAL 3 X 50 PANOS,3189.0,,,,,,,
2026-08-09,sepa,Market,lavandina,7791290793781,LIMPIADOR CREMOSO C LAVANDINA CIF X 750G,4665.0,,,,,,,
2026-08-09,sepa,Market,lavandina,7791290793804,LIMPIADOR EN GEL C LAVANDINA CIF X 513G,3669.0,,,,,,,
2026-08-09,sepa,Market,detergente,7791290794054,DETERGENTE BIOACTIVE LIMON CIF X 300 CC,2710.0,,,,,,,
2026-08-09,sepa,Market,detergente,7791290794061,DETERGENTE BIOACTIVE LIMON CIF X 500 CC,3889.0,,,,,,,
2026-08-09,sepa,Market,detergente,7791290794078,DETERGENTE BIOACTIVE LIMON CIF X 750 CC,6590.0,,,,,,,
2026-08-09,sepa,Market,detergente,7791290794085,DETERGENTE BIOACTIVE LIMON CIF REPUESTO X 450 CC,2855.0,,,,,,,
2026-08-09,sepa,Market,detergente,7791290794092,DETERGENTE BIOACTIVE LIMA CIF RESPUESTO X 450 CC,2855.0,,,,,,,
2026-08-09,sepa,Market,detergente,7791290794108,DETERGENTE BIOACTIVE LIMA CIF X 300 CC,2710.0,,,,,,,
2026-08-09,sepa,Market,detergente,7791290794115,DETERGENTE BIOACTIVE LIMA CIF X 500 CC,3889.0,,,,,,,
2026-08-09,sepa,Market,lavandina,7791290794955,LAVANDINA EN GEL ORIGINAL VIM X 700 CC,3500.0,,,,,,,
2026-08-09,sepa,Market,detergente,7791290796706,DETERGENTE ACTIVE GEL ORIG CIF BOT X 500 CC,5485.0,,,,,,,
2026-08-09,sepa,Market,detergente,7791290796720,DETERGENTE ACTIVE GEL ORIG CIF DP X 400 CC,4289.0,,,,,,,
2026-08-09,sepa,Market,detergente,7791290796737,DETERGENTE ACTIVE GEL LIMON CIF BOT X 500 CC,5485.0,,,,,,,
2026-08-09,sepa,Market,detergente,7791290796751,DETERGENTE ACTIVE GEL LIMON CIF DP X 400 CC,4289.0,,,,,,,
2026-08-09,sepa,Market,yogur-natural-sin-azucar,7791337007208,YOGUR NATURAL S LACTOSA SER POTE X 300 GR,4915.0,,,,,,,
2026-08-09,sepa,Market,queso-crema-light,7791337009851,QUESO CREMA LIGHT LA SERENISIMA POTE X 460 GRS,6045.0,,,,,,,
2026-08-09,sepa,Market,yogur-natural-sin-azucar,7791337010932,YOGUR GRIEGO FIR NATURAL YOGURISIMO POTE X 180 GR,2950.0,,,,,,,
2026-08-09,sepa,Market,rollo-cocina,7791720002605,ROLLO DE COCINA CARREFOUR ESSENTIAL 3 X 40 PANOS,2350.0,,,,,,,
2026-08-09,sepa,Market,rollo-cocina,7791720025543,ROLLO DE COCINA MAXI BLANCO CARREFOUR X 200 PANOS,2490.0,2850.0,,,,,Promo A valida desde el 04/08/2026 hasta 10/08/2026,
2026-08-09,sepa,Market,queso-crema-light,7791720028506,QUESO CREMA LIGHT CARREFOUR CLASSIC X 290 GRS,3190.0,,,,,,,
2026-08-09,sepa,Market,rollo-cocina,7791720045541,ROLLOS DE COCINA CARREFOUR ESSENTIAL 3 X 100 PANOS,4650.0,,,,,,,
2026-08-09,sepa,Market,papel-higienico-doble-hoja,7791720045558,PAPEL HIG DOBLE HOJA CARREFOUR ESSENTIAL 4 X50MTS,5550.0,,,,,,,
2026-08-09,sepa,Market,ricotta,7791720046951,RICOTTA ENTERA BULNEZ X 500 GRM,3490.0,,,,,,,
2026-08-09,sepa,Market,rollo-cocina,7791720047446,ROLLO DE COCINA DOBLE HOJA BULNEZ X 200 PANOS,2350.0,,,,,,,
2026-08-09,sepa,Market,yogur-natural-sin-azucar,7791720048122,YOGUR NATURAL CARREFOUR EXTRA FRASCO X 200 GR,2750.0,,,,,,,
2026-08-09,sepa,Market,yogur-natural-sin-azucar,7791720048139,YOGUR NATURAL CARREFOUR CLASSIC POTE 300 X GR,3090.0,,,,,,,
2026-08-09,sepa,Market,gaseosa-cola-zero,7791813828365,GASEOSA COLA BLACK PEPSI N PET X 500 CC.,2200.0,,,,,,,
2026-08-09,sepa,Market,gaseosa-cola-zero,7791813828419,GASEOSA COLA BLACK PEPSI NF PET X 1.5 LT,3950.0,,,,,,,
2026-08-09,sepa,Market,gaseosa-cola-zero,7791813828464,GASEOSA COLA BLACK PEPSI N PET X 2 LT,4400.0,,,,,,,
2026-08-09,sepa,Market,rollo-cocina,7791828000121,ROLLO COCINA PARA CADA DIA FELPITA 3 X 40 PANOS,2499.0,,,,,,,
2026-08-09,sepa,Market,papel-higienico-doble-hoja,7791828900049,PAPEL HIGIENICO INFINITY FELPITA 4X30 MTS,4449.0,,,,,,,
2026-08-09,sepa,Market,rollo-cocina,7791828900056,ROLLO DE COCINA BLANCO INFINITY FELPITA 3X100 MTS,5109.0,,,,,,,
2026-08-09,sepa,Market,papel-higienico-doble-hoja,7791828900186,PAPEL HIGIENICO DH FELPITA PREMIUM 4X20 MTS,2940.0,,,,,,,
2026-08-09,sepa,Market,papel-higienico-doble-hoja,7791828900278,PAPEL HIGIENICO D HOJA SUPER SUAVE FELPITA 6X30MTS,6405.0,,,,,,,
2026-08-09,sepa,Market,papel-higienico-doble-hoja,7791828900285,PAPEL HIGIENICO DH INFINITY FELPITA 4 X 50 M,6860.0,,,,,,,
2026-08-09,sepa,Market,rollo-cocina,7791828900377,ROLLO DE COCINA MAXIROLLO FELPITA X 200 PANOS,3069.0,,,,,,,
2026-08-09,sepa,Market,rollo-cocina,7791828900537,ROLLO DE COCINA PANO BLANCO FELPITA 3 X 60 UNI,2649.0,,,,,,,
2026-08-09,sepa,Market,lavandina,7791905000020,LAVANDINA CONCENTRADA QUERUBIN X 1 LT,1609.0,,,,,,,
2026-08-09,sepa,Market,lavandina,7791905000037,LAVANDINA CONCENTRADA QUERUBIN X 2 LT,3129.0,,,,,,,
2026-08-09,sepa,Market,lavandina,7791905003663,LAVANDINA ROPA BLANCA ADITIVADA QUERUBIN BOT X 1 L,2020.0,,,,,,,
2026-08-09,sepa,Market,lavandina,7791905023203,LAVANDINA ORIGINAL ODEX X 1 LT,1295.0,,,,,,,
2026-08-09,sepa,Market,lavandina,7791905023210,LAVANDINA ORIGINAL ODEX X 2 LT,2459.0,,,,,,,
2026-08-09,sepa,Market,lavandina,7791905023227,LAVANDINA ORIGINAL ODEX X 4 LT,4809.0,,,,,,,
2026-08-09,sepa,Market,lavandina,7791905024248,LAVANDINA ADITIVADA EN GEL ORIGINAL ODEX X 700 CC,3000.0,,,,,,,
2026-08-09,sepa,Market,lavandina,7793253003715,LAVANDINA MULTISUP LAVANDA TRIPLE PODER AYUDIN X1L,1909.0,,,,,,,
2026-08-09,sepa,Market,lavandina,7793253003722,LAVANDINA MULTISUP LAVANDA TRIPLE PODER AYUDIN X2L,3609.0,,,,,,,
2026-08-09,sepa,Market,lavandina,7793253003739,LAVANDINA MULTISUP LAVANDA TRIPLE PODER AYUDIN X4L,7179.0,,,,,,,
2026-08-09,sepa,Market,lavandina,7793253003746,LAVANDINA MULTI PU GLACIAR TRIPLE PODER AYUDIN X1L,1909.0,,,,,,,
2026-08-09,sepa,Market,lavandina,7793253003753,LAVANDINA MULTI PU GLACIAR TRIPLE PODER AYUDIN X2L,3609.0,,,,,,,
2026-08-09,sepa,Market,lavandina,7793253003760,LAVANDINA MULTI PU GLACIAR TRIPLE PODER AYUDIN X4L,7179.0,,,,,,,
2026-08-09,sepa,Market,lavandina,7793253003777,LAVANDINA ANTISPLASH TRADICIONAL AYUDIN X 1 LT,2225.0,,,,,,,
2026-08-09,sepa,Market,lavandina,7793253003784,LAVANDINA ANTISPLASH TRADICIONAL AYUDIN X 2 LT,4309.0,,,,,,,
2026-08-09,sepa,Market,lavandina,7793253003791,LAVANDINA EN GEL ORIGINAL AYUDIN BOTELLA X 700 CC,3519.0,,,,,,,
2026-08-09,sepa,Market,lavandina,7793253003807,LAVANDINA EN GEL CITRUS AYUDIN BOTELLA X 700 CC,3519.0,,,,,,,
2026-08-09,sepa,Market,lavandina,7793253003821,LAVANDINA EN GEL MENTA AYUDIN BOTELLA X 700 CC,3519.0,,,,,,,
2026-08-09,sepa,Market,lavandina,7793253003838,LAVANDINA EN GEL LAVANDA AYUDIN X 700 CC,3519.0,,,,,,,
2026-08-09,sepa,Market,lavandina,7793253005856,LAVANDINA EN GEL ORIGINAL AYUDIN BOTELLA X 500 CC,2989.0,,,,,,,
2026-08-09,sepa,Market,lavandina,7793253005863,LAVANDINA EN GEL CITRICA AYUDIN X 500 CC,2985.0,,,,,,,
2026-08-09,sepa,Market,lavandina,7793253006709,LAVANDINA ORIGINAL DESINFECTANTE AYUDIN X 2 LT,2925.0,,,,,,,
2026-08-09,sepa,Market,lavandina,7793253006716,LAVANDINA ORIGINAL DESINFECTANTE AYUDIN X 4 LT,5789.0,,,,,,,
2026-08-09,sepa,Market,papel-higienico-doble-hoja,7793344000517,PAPEL HIGIENICO D HOJA ELEGANTE 4 X 30 MT,3900.0,,,,,,,
2026-08-09,sepa,Market,rollo-cocina,7793344009206,ROLLO DE COCINA GIGANTE ELEGANTE X 200 PANOS,2839.0,,,,,,,
2026-08-09,sepa,Market,rollo-cocina,7793344009305,ROLLOS DE COCINA ELEGANTE GIRAMAS 3 X 100 PAN,5319.0,,,,,,,
2026-08-09,sepa,Market,rollo-cocina,7793344904013,ROLLO DE COCINA ELEGANTE 3 X 50 PANOS,2839.0,,,,,,,
2026-08-09,sepa,Market,rollo-cocina,7793344904853,ROLLO DE COCINA PREMIUM ELEGANTE 3 X 60 PAN,1899.0,3429.0,,,,,Promo A valida desde el 07/08/2026 hasta 09/08/2026,
2026-08-09,sepa,Market,queso-crema-light,7793913013214,QUESO CREMA LIGHT TREGAR X 190 GRS,3190.0,,,,,,,
2026-08-09,sepa,Market,queso-crema-light,7793913013641,QUESO NEUFCHATEL LIGHT TREGAR POTE X 180 GRS,3089.0,,,,,,,
2026-08-09,sepa,Market,ricotta,7793913013665,RICOTTA ENTERA BAJO SODIO TREGAR POTE X 290 GRS,3790.0,,,,,,,
2026-08-09,sepa,Market,ricotta,7793913013672,RICOTTA MAGRA BAJO SODIO TREGAR POTE X 290 GRS,3790.0,,,,,,,
2026-08-09,sepa,Market,queso-crema-light,7794820015018,QUESO FUNDIDO LIGHT TRAD MILKAUT POTE X 190 GRS,3379.0,,,,,,,
2026-08-09,sepa,Market,queso-crema-light,7794820903094,QUESO UNTABLE LIGHT CREMATTO POTE MILKAUT X 285GRS,5069.0,,,,,,,
2026-08-09,sepa,Market,yogur-natural-sin-azucar,7794820903612,YOGUR ENT NATURAL CREMOSO MILKAUT POTE X 300 G,3879.0,,,,,,,
2026-08-09,sepa,Market,yogur-natural-sin-azucar,7794820903711,YOGUR DESC NATURAL CREMOSO MILKAUT POTE X 300G,3879.0,,,,,,,
2026-08-09,sepa,Market,queso-crema-light,7794990879663,QUESO CREMA LIGHT LA PAULINA POTE X 290 GRS,3429.0,,,,,,,
2026-08-09,sepa,Market,vinagre-alcohol,7798033332610,VINAGRE DE ALCOHOL CARREFOUR PET X 500 CC,1190.0,,,,,,,
2026-08-09,sepa,Market,vinagre-alcohol,7798033332641,VINAGRE DE ALCOHOL CARREFOUR PET X 1 LT,1550.0,,,,,,,
2026-08-09,sepa,Market,atun-lomitos-natural,7798033333907,ATUN AL NATURAL LOMITOS CARREFOUR LATA X 170 GRS.,3490.0,,,,,,,
2026-08-09,sepa,Market,atun-lomitos-natural,7798108349161,ATUN AL NATURAL LOMITOS CARREFOUR LATA X 354 GRS,6450.0,,,,,,,
2026-08-09,sepa,Market,rollo-cocina,7798141718221,ROLLO DE COCINA CARREFOUR 3 X 50 PANOS,2390.0,,,,,,,
2026-08-09,sepa,Market,atun-lomitos-natural,7798152222151,ATUN AL NATURAL LOMITOS CARREFOUR 3 X 80 GRS,6150.0,,,,,,,
2026-08-09,sepa,Market,papel-higienico-doble-hoja,7798159717520,PAPEL HIGIENICO D HOJA DECO CARREFOUR 4 X 50 MTS,6090.0,,,,,,,
2026-08-09,sepa,Market,rollo-cocina,7798159717537,ROLLO DE COCINA DECORADO CARREFOUR 3 X 50 PANOS,2750.0,,,,,,,
2026-08-09,sepa,Market,papel-higienico-doble-hoja,7798159718961,PAPEL HIGIENICO D HOJA CARREFOUR 4 X 30 MTS,2990.0,3450.0,,,,,Promo A valida desde el 04/08/2026 hasta 10/08/2026,
2026-08-09,sepa,Market,ricotta,7798179070018,RICOTA G SILVIA X 500 GRS,3285.0,,,,,,,
2026-08-09,sepa,Market,cafe-instantaneo,7798196990016,CAFE SOLUBLE SEGAFREDO FRASCO X 100 GRS,19500.0,,,,,,,
2026-08-09,sepa,Market,queso-crema-light,7798312320567,QUESO UNTABLE LIGHT SANTA CLARA POTE X 300 GRS,3099.0,,,,,,,
2026-08-09,sepa,Market,leche-protein,7798338291803,LECHE C PROTEINA VIDA ACTIVA LAS TRES NINAS X 1LT,2865.0,,,,,,,
2026-08-09,sepa,Market,capsulas-nespresso-starbucks,8445290154125,CAPSULA CAFE NESPRESSO STARBUCKS CARAMEL X 51 GRS,16599.0,,,,,,,
2026-08-09,sepa,Market,capsulas-nespresso-starbucks,8445290814425,CAPSULA CAFE NESPRESSO STARBUCKS DECAF X 55 GRS,16599.0,,,,,,,
2026-08-09,sepa,Market,cafe-instantaneo,8445291311510,CAFE INSTANTANEO TRADICION NESCAFE X 100 GRS,8949.0,,,,,,,
2026-08-09,sepa,Market,cafe-instantaneo,8445291311558,CAFE INSTANTANEO SUAVE DOLCA DP X 100 GRS,6149.0,,,,,,,
2026-08-09,sepa,Market,capsulas-nespresso-starbucks,8445291363656,CAPSULAS CAFE HOUSE BLEND STARBUCKS X 10 UNI,15995.0,,,,,,,
2026-08-09,sepa,Market,capsulas-nespresso-starbucks,8445291367272,CAPSULAS CAFE ESPRESSO ROAST STARBUCKS X 10 UNI,16599.0,,,,,,,
2026-08-09,sepa,Market,cafe-instantaneo,8445291738775,CAFE INSTANTANEO GOLD NESCAFE FRASCO X 95 GRS,20729.0,,,,,,,
2026-08-09,sepa,Market,capsulas-nespresso-starbucks,8445291786721,CAPSULAS CAFE CHOCO HAZELNUT STARBUCKS X 10 UNI,17589.0,,,,,,,
2026-08-09,sepa,SIMPLICITY,desodorante-barra-hombre,7500435213882,DESODORANTE SECRET ANTITRANSPIRANTE BARRA COCO X 45 GR,12294.3,,,,,,,
2026-08-09,sepa,SIMPLICITY,desodorante-barra-hombre,7501001163983,DESODORANTE OLD SPICE FRESH X 50 GR,10340.3,,,,,,,
2026-08-09,sepa,SIMPLICITY,detergente,7791290794108,LAVAVAJILLA CIF ACTIVE GEL C G LIMON VERDE X 300 ML,2762.5,,,,,,,
2026-08-09,sepa,SIMPLICITY,detergente,7791290796706,CIF ACTIVE GEL ORIG BOT 12 X 500 ML,5603.0,,,,,,,
2026-08-09,sepa,Supermercados DIA,desodorante-barra-hombre,75083694,DEO BLUE LAVEN BARRA,8699.0,,,,,,,
2026-08-09,sepa,Supermercados DIA,desodorante-barra-hombre,75083700,DEO AQUA CITRUS BARR,8699.0,,,,,,,
2026-08-09,sepa,Supermercados DIA,suprema-pollo,7790070036063,SUPR DE POLL CROCANT,10665.0,,,,,,,
2026-08-09,sepa,Supermercados DIA,vinagre-alcohol,7790130000034,VINAGRE DE ALCOHOL,1400.0,,,,,,,
2026-08-09,sepa,Supermercados DIA,vinagre-alcohol,7790130000058,VINAGRE DE ALCOHOL,1965.0,,,,,,,
2026-08-09,sepa,Supermercados DIA,lavandina,7790132098459,LAVANDINA ORIG MULTI,1279.0,,,,,,,
2026-08-09,sepa,Supermercados DIA,cafe-instantaneo,7790150100462,CAFE INSTANT CLASICO,8050.0,,,,,,,
2026-08-09,sepa,Supermercados DIA,cafe-instantaneo,7790150100806,CAFE INST CLAS DOYPA,5145.0,,,,,,,
2026-08-09,sepa,Supermercados DIA,cafe-instantaneo,7790150101476,CAFE INSTANTA SUAVE,8050.0,,,,,,,
2026-08-09,sepa,Supermercados DIA,cafe-instantaneo,7790150101780,CAFE INSTANT SUAV DP,5145.0,,,,,,,
2026-08-09,sepa,Supermercados DIA,papel-higienico-doble-hoja,7790250015536,P HIG DOBLE FUSION,3619.0,,,,,,,
2026-08-09,sepa,Supermercados DIA,papel-higienico-doble-hoja,7790250026075,P HIG DOBL HOJA 30MT,5615.0,,,,,,,
2026-08-09,sepa,Supermercados DIA,rollo-cocina,7790250056881,ROLLO COCINA CLASICO,2840.0,,,,,,,
2026-08-09,sepa,Supermercados DIA,rollo-cocina,7790250057086,RC CLASICO MEGARROLL,3249.0,,,,,,,
2026-08-09,sepa,Supermercados DIA,yerba-mananita,7790387015317,YERBA MATE 4FLEX,3790.0,,,,,,,
2026-08-09,sepa,Supermercados DIA,yerba-mananita,7790387015324,YERBA MATE 4 FLEX,2505.0,,,,,,,
2026-08-09,sepa,Supermercados DIA,atun-lomitos-natural,7790580131364,ATUN LOMITO NATURAL,5745.0,,,,,,,
2026-08-09,sepa,Supermercados DIA,ricotta,7790742102805,RICOTTA ENTERA,4699.0,,,,,,,
2026-08-09,sepa,Supermercados DIA,leche-protein,7790742358608,LECHE PROTEIN DES 0%,2999.0,,,,,,,
2026-08-09,sepa,Supermercados DIA,queso-crema-light,7790742373304,QUESO UNT LIGHT,5475.0,,,,,,,
2026-08-09,sepa,Supermercados DIA,gaseosa-cola-zero,7790895067532,GASEO COLA ZERO,2450.0,,,,,,,
2026-08-09,sepa,Supermercados DIA,gaseosa-cola-zero,7790895067556,GASEO COLA S/AZUCAR,4150.0,,,,,,,
2026-08-09,sepa,Supermercados DIA,gaseosa-cola-zero,7790895067570,GASEO COLA ZERO,5500.0,,,,,,,
2026-08-09,sepa,Supermercados DIA,detergente,7790990003022,DETERGEN ULTRA LIMON,2595.0,,,,,,,
2026-08-09,sepa,Supermercados DIA,detergente,7790990003039,DETER ULTRA LIMON,4189.0,,,,,,,
2026-08-09,sepa,Supermercados DIA,detergente,7790990003046,LAVAVAJ ULTRA LIMON,7550.0,,,,,,,
2026-08-09,sepa,Supermercados DIA,detergente,7790990003138,DETERG ULTRA MARINA,5040.0,,,,,,,
2026-08-09,sepa,Supermercados DIA,detergente,7790990003787,LAVAVAJI ULTRA LIMON,3200.0,,,,,,,
2026-08-09,sepa,Supermercados DIA,lavandina,7791290793781,LIMPIADOR CREMOSO,3400.0,4650.0,,,,,27% de descuento. Precio Promocional Exclusivo DIA en Sucursales Indicadas Hasta Agotar Stock o Finalice Vigencia.,
2026-08-09,sepa,Supermercados DIA,lavandina,7791290793804,LIMPIADOR GEL LAV/CL,3650.0,,,,,,,
2026-08-09,sepa,Supermercados DIA,detergente,7791290794054,LAVAVAJILL BIOACT LI,2700.0,,,,,,,
2026-08-09,sepa,Supermercados DIA,detergente,7791290794061,LAVAVAJ BIOACT LIMON,3772.0,,,,,,,
2026-08-09,sepa,Supermercados DIA,detergente,7791290794078,LAVAVAJ BIOACT LIMON,6550.0,,,,,,,
2026-08-09,sepa,Supermercados DIA,detergente,7791290794085,LAVAVAJ BIO LIMON DP,3850.0,,,,,,,
2026-08-09,sepa,Supermercados DIA,detergente,7791290794092,LAVAVAJ BIOAC LIMA D,3850.0,,,,,,,
2026-08-09,sepa,Supermercados DIA,detergente,7791290794108,LAVAVAJI BIOACT LIMA,2700.0,,,,,,,
2026-08-09,sepa,Supermercados DIA,detergente,7791290794115,LAVAVAJI BIOACT LIMA,3889.0,,,,,,,
2026-08-09,sepa,Supermercados DIA,lavandina,7791290794955,LAVANDINA GEL ORIGIN,3500.0,,,,,,,
2026-08-09,sepa,Supermercados DIA,detergente,7791290796706,LAVAVAJ ACT GEL ORIG,5450.0,,,,,,,
2026-08-09,sepa,Supermercados DIA,detergente,7791290796720,DET ACTIVEGEL ORIGIN,4280.0,,,,,,,
2026-08-09,sepa,Supermercados DIA,detergente,7791290796737,DET ACTIVEGEL LIMON,5450.0,,,,,,,
2026-08-09,sepa,Supermercados DIA,detergente,7791290796751,LAVAVAJ ACTIV LIM DP,4280.0,,,,,,,
2026-08-09,sepa,Supermercados DIA,yogur-natural-sin-azucar,7791337007208,YOGUR NATURAL BIGPOT,4915.0,,,,,,,
2026-08-09,sepa,Supermercados DIA,queso-crema-light,7791337009851,QUESO BLANCO LIGHT,6045.0,,,,,,,
2026-08-09,sepa,Supermercados DIA,yogur-natural-sin-azucar,7791337010932,YOG FIRME GRIEG NATU,2950.0,,,,,,,
2026-08-09,sepa,Supermercados DIA,gaseosa-cola-zero,7791813828365,GASEO PEPSI BLACK,2200.0,,,,,,,
2026-08-09,sepa,Supermercados DIA,gaseosa-cola-zero,7791813828419,GASEO COLA BLACK,3900.0,,,,,,,
2026-08-09,sepa,Supermercados DIA,gaseosa-cola-zero,7791813828464,GASEO COLA BLACK,4300.0,,,,,,,
2026-08-09,sepa,Supermercados DIA,lavandina,7793253003715,LAVAN LAV TRI PODER,1890.0,,,,,,,
2026-08-09,sepa,Supermercados DIA,lavandina,7793253003722,LAVANDINA LAVA TR PO,3640.0,,,,,,,
2026-08-09,sepa,Supermercados DIA,lavandina,7793253003753,LAVA PUR GLA TRI POD,3640.0,,,,,,,
2026-08-09,sepa,Supermercados DIA,lavandina,7793253003777,LAVANDINA ANTISPLASH,2240.0,,,,,,,
2026-08-09,sepa,Supermercados DIA,lavandina,7793253003791,LAVANDINA EN GEL,3590.0,,,,,,,
2026-08-09,sepa,Supermercados DIA,lavandina,7793253003807,LAVANDINA EN GEL CIT,3590.0,,,,,,,
2026-08-09,sepa,Supermercados DIA,lavandina,7793253003838,LAVANDINA EN GEL LAV,3590.0,,,,,,,
2026-08-09,sepa,Supermercados DIA,lavandina,7793253006709,LAVANDINA ORIGINAL,2950.0,,,,,,,
2026-08-09,sepa,Supermercados DIA,lavandina,7793253006716,LAVANDINA ORIGINAL,5890.0,,,,,,,
2026-08-09,sepa,Supermercados DIA,queso-crema-light,7794820903094,QUESO CREMATTO LIGHT,5069.0,,,,,,,
2026-08-09,sepa,Supermercados DIA,yogur-natural-sin-azucar,7794820903612,YOG NATURAL CREMOSO,3879.0,,,,,,,
2026-08-09,sepa,Supermercados DIA,queso-crema-light,7794990879663,QUESO CREMA LIGHT,3420.0,,,,,,,
2026-08-09,sepa,Supermercados DIA,lavandina,7798131250380,LAVANDINA CLÁSICA,1100.0,,,,,,,
2026-08-09,sepa,Supermercados DIA,lavandina,7798131250397,LAVANDINA CLÁSICA,2170.0,,,,,,,
2026-08-09,sepa,Supermercados DIA,yogur-natural-sin-azucar,7798136870545,YOG FIRME NAT S/AZUC,2720.0,,,,,,,
2026-08-09,sepa,Supermercados DIA,yogur-natural-sin-azucar,7798136870743,YOG NAT DESLAC C/PRO,3290.0,,,,,,,
2026-08-09,sepa,Supermercados DIA,yogur-natural-sin-azucar,7798136870859,YOG EST GRIEGO NATUR,3290.0,,,,,,,
2026-08-09,sepa,Supermercados DIA,leche-protein,7798338291803,LECH PROTEIN,2100.0,2865.0,,,,,27% de descuento. Precio Promocional Exclusivo DIA en Sucursales Indicadas Hasta Agotar Stock o Finalice Vigencia.,
2026-08-09,sepa,Supermercados DIA,capsulas-nespresso-starbucks,8445291363656,LUNGO CAPS COFFEE,16605.0,,,,,,,
2026-08-09,sepa,Supermercados DIA,cafe-instantaneo,8445291738775,CAFE GOLD,15545.0,21969.0,,,,,29% de descuento. Precio Promocional Exclusivo DIA en Sucursales Indicadas Hasta Agotar Stock o Finalice Vigencia.,
2026-08-09,sepa,Vea,cafe-instantaneo,7613035379213,Cafe Descafeinado NESCAFE MasAroma 100g FCO-100-gr.,15499.0,,,,,,,
2026-08-09,sepa,Vea,cafe-instantaneo,7613036312752,Nescafe GOLD espresso 100g FCO-100-gr.,21299.0,,,,,,,
2026-08-09,sepa,Vea,capsulas-nespresso-starbucks,7613036961004,Capsulas STARBUCKS Blonde Espresso Roast CJA-53-gr.,15699.0,,,,,,,
2026-08-09,sepa,Vea,capsulas-nespresso-starbucks,7613036961448,Capsulas Café STARBUCKS Colombia x57g CJA-57-gr.,15699.0,,,,,,,
2026-08-09,sepa,Vea,suprema-pollo,7790070036063,Suprema de pollo GRANJA DEL SOL 360g PAQ-360-gr.,10990.0,,,,,,,
2026-08-09,sepa,Vea,vinagre-alcohol,7790130000034,Vinagre MENOYO de alcohol PVC-500-cc.,1350.0,,,,,,,
2026-08-09,sepa,Vea,vinagre-alcohol,7790130000058,Vinagre MENOYO de alcohol PVC-1-lt.,1850.0,,,,,,,
2026-08-09,sepa,Vea,vinagre-alcohol,7790130000263,Vinagre alcazar de alcohol PVC-500-cc.,1150.0,,,,,,,
2026-08-09,sepa,Vea,lavandina,7790132098459,lavandina AYUDIN original 1L       PVC-1000-ml.,1290.0,,,,,,,
2026-08-09,sepa,Vea,vinagre-alcohol,7790139101138,Vinagre de Alcohol Favinco S/T x 1lt BOT-1000-ml.,1290.0,,,,,,,
2026-08-09,sepa,Vea,cafe-instantaneo,7790150100462,café LA VIRGINIA Clásico Espuma DPx170g DOY-170-gr.,7590.0,,,,,,,
2026-08-09,sepa,Vea,cafe-instantaneo,7790150100486,café LA VIRGINIA Clasico Espuma x170G FCO-170-gr.,6799.0,,,,,,,
2026-08-09,sepa,Vea,cafe-instantaneo,7790150100783,café LA VIRGINIA Clasico Espuma x100G FCO-100-gr.,5399.0,,,,,,,
2026-08-09,sepa,Vea,cafe-instantaneo,7790150101476,café LA VIRGINIA Suave Espuma DP x170g DOY-170-gr.,7590.0,,,,,,,
2026-08-09,sepa,Vea,cafe-instantaneo,7790150101780,Café LA VIRGINIA Suave Espuma DPx100g DOY-100-gr.,5199.0,,,,,,,
2026-08-09,sepa,Vea,cafe-instantaneo,7790170904798,café LA MORENITA Intenso x100g FCO-100-gr.,5899.0,,,,,,,
2026-08-09,sepa,Vea,queso-crema-light,7790244941605,Q.Blancrem Light S.Ignacio 290g POT-290-gr.,3599.0,,,,,,,
2026-08-09,sepa,Vea,queso-crema-light,7790244941612,Q.Blancrem Light S.Ignacio 480g POT-480-gr.,5199.0,,,,,,,
2026-08-09,sepa,Vea,papel-higienico-doble-hoja,7790250015536,papel higieni HIGIENOL dob h fus 4x30m BSA-4-m2,3290.0,,,,,,,
2026-08-09,sepa,Vea,rollo-cocina,7790250056881,rollo cocina SUSSEX clasic 3x50paños PAQ-15-m2,2890.0,,,,,,,
2026-08-09,sepa,Vea,rollo-cocina,7790250056980,rollo cocina SUSSEX ultra 3x100p PAQ-300-un.,6790.0,,,,,,,
2026-08-09,sepa,Vea,yerba-mananita,7790387015317,Yerba Mate MAÑANITA 4FLEX 1kg PAQ-1000-gr.,4990.0,,,,,,,
2026-08-09,sepa,Vea,yerba-mananita,7790387015324,Yerba Mate MAÑANITA 4FLEX 1/2kg PAQ-500-gr.,2690.0,,,,,,,
2026-08-09,sepa,Vea,ricotta,7790742102805,ricota entera GARCIA baja en sodio SCH-500-gr.,5050.0,,,,,,,
2026-08-09,sepa,Vea,ricotta,7790742114204,Ricotta Garcia Semigrasa Sachet 500GR SCH-500-gr.,4950.0,,,,,,,
2026-08-09,sepa,Vea,leche-protein,7790742358608,Leche Uat Proteina La serenisima 1l BOT-1000-ml.,2890.0,,,,,,,
2026-08-09,sepa,Vea,queso-crema-light,7790742373304,Q.Procesado Finlandia Light 290g POT-290-gr.,5199.0,,,,,,,
2026-08-09,sepa,Vea,gaseosa-cola-zero,7790895067532,gaseosa COCA COLA Zero 500cc PET-500-ml.,2199.0,,,,,,,
2026-08-09,sepa,Vea,gaseosa-cola-zero,7790895067556,gaseosa COCA COLA Zero 1.5lt PET-1500-ml.,4150.0,,,,,,,
2026-08-09,sepa,Vea,gaseosa-cola-zero,7790895067570,gaseosa COCA COLA Zero 2.25lt PET-2250-ml.,5500.0,,,,,,,
2026-08-09,sepa,Vea,gaseosa-cola-zero,7790895067587,gaseosa COCA COLA Zero 354cc LAT-354-ml.,2790.0,,,,,,,
2026-08-09,sepa,Vea,gaseosa-cola-zero,7790895640438,gaseosa COCA COLA Zero  3lt PET-3000-ml.,6490.0,,,,,,,
2026-08-09,sepa,Vea,detergente,7790990003022,detergente MAGISTRAL ult lim bot 300ml BOT-300-ml.,2390.0,,,,,,,
2026-08-09,sepa,Vea,detergente,7790990003039,detergente MAGISTRAL ult lim bot 500ml BOT-500-ml.,4290.0,,,,,,,
2026-08-09,sepa,Vea,detergente,7790990003046,detergente MAGISTRAL ult lim bot 750ml BOT-750-ml.,6290.0,,,,,,,
2026-08-09,sepa,Vea,detergente,7790990003121,detergente MAGISTRAL ult mar bot 300ml BOT-300-ml.,2990.0,,,,,,,
2026-08-09,sepa,Vea,detergente,7790990003138,detergente MAGISTRAL ult mar bot 500ml BOT-500-ml.,4290.0,,,,,,,
2026-08-09,sepa,Vea,detergente,7790990003145,detergente MAGISTRAL ult mar bot 750ml BOT-750-ml.,6290.0,,,,,,,
2026-08-09,sepa,Vea,lavandina,7791290793781,limpiador CIF crema lavand cloro 750gr BOT-750-gr.,4850.0,,,,,,,
2026-08-09,sepa,Vea,lavandina,7791290793804,limpiador CIF  gel lavandina cloro 513gr BOT-513-ml.,3800.0,,,,,,,
2026-08-09,sepa,Vea,detergente,7791290794054,lavavajilla CIF bioactive limon 300ml. BOT-300-ml.,2690.0,,,,,,,
2026-08-09,sepa,Vea,detergente,7791290794061,lavavajilla CIF bioactive limon 500ml BOT-500-ml.,4390.0,,,,,,,
2026-08-09,sepa,Vea,detergente,7791290794078,lavavajilla CIF bioactive limon 750ml BOT-750-ml.,6590.0,,,,,,,
2026-08-09,sepa,Vea,detergente,7791290794085,lavavajilla CIF limon bioactiv DP 450ml DOY-450-ml.,3890.0,,,,,,,
2026-08-09,sepa,Vea,detergente,7791290794092,lavavajilla CIF lima bioactive DP 450ml DOY-450-ml.,3890.0,,,,,,,
2026-08-09,sepa,Vea,detergente,7791290794108,lavavajilla CIF bioactive lima 300ml BOT-300-ml.,2690.0,,,,,,,
2026-08-09,sepa,Vea,detergente,7791290794115,lavavajilla CIF bioactive lima 500ml BOT-500-ml.,4390.0,,,,,,,
2026-08-09,sepa,Vea,yogur-natural-sin-azucar,7791337007208,Yog SER Natural 300g POT-300-gr.,4990.0,,,,,,,
2026-08-09,sepa,Vea,gaseosa-cola-zero,7791813828365,gaseosa PEPSI Black 500cc BOT-500-ml.,2100.0,,,,,,,
2026-08-09,sepa,Vea,gaseosa-cola-zero,7791813828419,gaseosa PEPSI Black 1.5lt BOT-1500-ml.,3899.0,,,,,,,
2026-08-09,sepa,Vea,gaseosa-cola-zero,7791813828464,gaseosa PEPSI Black 2lt BOT-2000-ml.,4300.0,,,,,,,
2026-08-09,sepa,Vea,lavandina,7793253003715,Lavandina Ayudin Triple Poder 1L BOT-1000-ml.,1690.0,,,,,,,
2026-08-09,sepa,Vea,lavandina,7793253003722,lavandina AYUDIN Glaciar Triple Poder La BOT-2000-ml.,3190.0,,,,,,,
2026-08-09,sepa,Vea,lavandina,7793253003739,Lavandina Ayudin Triple Poder 4L BOT-4000-ml.,6590.0,,,,,,,
2026-08-09,sepa,Vea,lavandina,7793253003746,Ayudin Pureza Glaciar Triple Poder 1L BOT-1000-ml.,1690.0,,,,,,,
2026-08-09,sepa,Vea,lavandina,7793253003753,lavandina AYUDIN Glaciar Triple Poder 2l BOT-2000-ml.,3190.0,,,,,,,
2026-08-09,sepa,Vea,lavandina,7793253003777,Lavandina Ayudin Anti-Splash Tradi 1L BOT-1000-ml.,1990.0,,,,,,,
2026-08-09,sepa,Vea,lavandina,7793253003784,lavandina AYUDIN Anti Splash 2lt BOT-2000-ml.,3990.0,,,,,,,
2026-08-09,sepa,Vea,lavandina,7793253003791,Ayudín Lavandina en Gel Original 700ml BOT-700-ml.,3190.0,,,,,,,
2026-08-09,sepa,Vea,lavandina,7793253003807,Ayudín Lavandina en Gel Citrica 700ml BOT-700-ml.,3190.0,,,,,,,
2026-08-09,sepa,Vea,lavandina,7793253003814,Ayudín Lavandina en Gel Floral 700ml BOT-700-ml.,3190.0,,,,,,,
2026-08-09,sepa,Vea,lavandina,7793253003821,Ayudín Lavandina en Gel Menta 700ml BOT-700-ml.,3190.0,,,,,,,
2026-08-09,sepa,Vea,lavandina,7793253003838,Ayudín Lavandina en Gel Lavanda 700ml BOT-700-ml.,3190.0,,,,,,,
2026-08-09,sepa,Vea,papel-higienico-doble-hoja,7793344000517,Papel hig New ELEGANTE Extra bl 30m x 4u PAQ-12-m2,3390.0,,,,,,,
2026-08-09,sepa,Vea,rollo-cocina,7793344009206,rollo cocina ELEGANTE dobl h 1x200 paños PCK-1-un.,2690.0,,,,,,,
2026-08-09,sepa,Vea,rollo-cocina,7793344904013,rollo cocina ELEGANTE dobl h 3x50 paños BSA-3-un.,2490.0,,,,,,,
2026-08-09,sepa,Vea,queso-crema-light,7793913013412,Queso Crema Light Tregar 280g POT-280-gr.,3799.0,,,,,,,
2026-08-09,sepa,Vea,ricotta,7793913013665,RICOTTA ENTERA TREGAR X 290 GRS POT-290-gr.,3290.0,,,,,,,
2026-08-09,sepa,Vea,ricotta,7793913013672,RICOTTA LIGHT TREGAR X 290 GRS POT-290-gr.,3550.0,,,,,,,
2026-08-09,sepa,Vea,queso-crema-light,7794820903094,Queso Crematto Balance MILKAUT x 285 grs POT-285-gr.,4399.0,,,,,,,
2026-08-09,sepa,Vea,queso-crema-light,7794990879663,queso crema LA PAULINA light. POT-290-gr.,2999.0,,,,,,,
2026-08-09,sepa,Vea,yogur-natural-sin-azucar,7798136870545,Yog. Ent. Natural s/az DAHÍ 190g FCO-190-gr.,2799.0,,,,,,,
2026-08-09,sepa,Vea,yogur-natural-sin-azucar,7798136870743,Yog. Desc. Deslac Nat DAHÍ 190g FCO-200-gr.,3399.0,,,,,,,
2026-08-09,sepa,Vea,capsulas-nespresso-starbucks,8445291363656,Capsulas STARBUCKS House Blend 12u CJA-52-gr.,16699.0,,,,,,,
2026-08-09,sepa,Vea,capsulas-nespresso-starbucks,8445291367272,Capsulas STARBUCKS Espresso Roast 12u CJA-78-gr.,16699.0,,,,,,,
2026-08-10,sepa,Axion Energy,gaseosa-cola-zero,7790895067532,COCA COLA ZERO 500 ML,3400.0,,,,,,,
2026-08-10,sepa,Axion Energy,gaseosa-cola-zero,7790895067556,COCA COLA ZERO 1.5 L,7300.0,,,,,,,
2026-08-10,sepa,Axion Energy,gaseosa-cola-zero,7790895067570,DISC:DISC COCA COLA ZERO 2.25L,7200.0,,,,,,,
2026-08-10,sepa,Axion Energy,gaseosa-cola-zero,7790895067587,COCA COLA ZERO LATA 354ML,3200.0,,,,,,,
2026-08-10,sepa,Axion Energy,gaseosa-cola-zero,7791813828365,PEPSI BLACK 500ML,3000.0,,,,,,,
2026-08-10,sepa,Axion Energy,gaseosa-cola-zero,7791813828419,PEPSI BLACK 1.5L,6600.0,,,,,,,
2026-08-10,sepa,COTO CICSA,desodorante-barra-hombre,75083694,DESODORANTE BARRA BLUE LAVEN. AXE BAR 58 GRM,8711.99,,,,,,,
2026-08-10,sepa,COTO CICSA,desodorante-barra-hombre,75083700,DESODORANTE BARRA AQUA CITRUS AXE BAR 58 GRM,8711.99,,,,,,,
2026-08-10,sepa,COTO CICSA,cafe-instantaneo,7613035379213,CAFE INSTANTANEO NESCAFE DESCAFEINADO FRA 95 GRM,16650.0,,,,,,,
2026-08-10,sepa,COTO CICSA,capsulas-nespresso-starbucks,7613036961004,CAPSULA CAFÉ STARBUCKS BLONDE ESPRESSO CJA 53 GRM,17766.0,,,,,,,
2026-08-10,sepa,COTO CICSA,suprema-pollo,7790070036063,SUPREMAS DE POLLO GRANJA DEL SOL PAQ 360 GRM,10665.0,,,,,,,
2026-08-10,sepa,COTO CICSA,vinagre-alcohol,7790130000034,VINAGRE DE ALCOHOL MENOYO BOT 500 CC,1399.0,,,,,,,
2026-08-10,sepa,COTO CICSA,vinagre-alcohol,7790130000058,VINAGRE DE ALCOHOL MENOYO BOT 1 LTR,1765.0,,,,,,,
2026-08-10,sepa,COTO CICSA,vinagre-alcohol,7790130000263,VINAGRE DE ALCOHOL ALCAZAR PET 500 CMQ,1119.0,,,,,,,
2026-08-10,sepa,COTO CICSA,lavandina,7790132098459,LAVANDINA AYUDIN BOT 1 LTR,1453.99,,,,,,,
2026-08-10,sepa,COTO CICSA,vinagre-alcohol,7790139003166,VINAGRE DE ALCOHOL CASALTA CLASICO BOT 500 CC,1205.0,,,,,,,
2026-08-10,sepa,COTO CICSA,vinagre-alcohol,7790139101138,VINAGRE DE ALCOHOL  FAVINCO PET 1000 CC,1587.0,,,,,,,
2026-08-10,sepa,COTO CICSA,vinagre-alcohol,7790139101145,VINAGRE DE ALCOHOL FAVINCO BOT 500 ML,1162.0,,,,,,,
2026-08-10,sepa,COTO CICSA,cafe-instantaneo,7790150100486,CAFÉ INSTANTÁNEO CLÁSICO LA VIRGINIA FRA 170 GRM,9215.0,,,,,,,
2026-08-10,sepa,COTO CICSA,cafe-instantaneo,7790170904798,CAFÉ INSTANTÁNEO INTENSO MORENITA FRA 100 GRM,6350.0,,,,,,,
2026-08-10,sepa,COTO CICSA,queso-crema-light,7790244941605,QUESO D/CREMA DIETETICO SAN IGNACIO POT 290 GRM,3769.0,,,,,,,
2026-08-10,sepa,COTO CICSA,queso-crema-light,7790244941612,QUESO D/CREMA DIETETICO SAN IGNACIO POT 480 GRM,5669.0,,,,,,,
2026-08-10,sepa,COTO CICSA,papel-higienico-doble-hoja,7790250015536,P.HIGIÉNICO DOBLE HOJA PLUS HIGIENOL PAQ X4 UNI 30M,4593.99,,,,,,,
2026-08-10,sepa,COTO CICSA,papel-higienico-doble-hoja,7790250015567,PAPEL HIGIÉNICO DH PLUS HIGIENOL PAQ 4 UNI 20 M2,3545.99,,,,,,,
2026-08-10,sepa,COTO CICSA,papel-higienico-doble-hoja,7790250026075,PAPEL HIGIENICO ULTRA SUAVE 4 X 30M ELITE PAQ 12 M2,5617.99,,,,,,,
2026-08-10,sepa,COTO CICSA,papel-higienico-doble-hoja,7790250026082,PAPEL HIG.ULTR.SUAV. ELITE PAQ 20 M2,10352.99,,,,,,,
2026-08-10,sepa,COTO CICSA,rollo-cocina,7790250056881,"ROLLO D/COCINA CLÁSICO 3X 50 PAÑOS SUSSEX PAQ 6,33 MT2",2957.99,,,,,,,
2026-08-10,sepa,COTO CICSA,rollo-cocina,7790250056898,ROLLO D/COCINA ULTRA 180 PAÑOS SUSSEX PAQ 7.59 M2,4979.99,,,,,,,
2026-08-10,sepa,COTO CICSA,yerba-mananita,7790387015317,YERBA MATE 4 FLEX MAÑANITA PAQ 1 KGM,5370.0,,,,,,,
2026-08-10,sepa,COTO CICSA,yerba-mananita,7790387015324,YERBA MATE 4 FLEX MAÑANITA PAQ 500 GRM,2750.0,,,,,,,
2026-08-10,sepa,COTO CICSA,atun-lomitos-natural,7790580131364,LOMO D/ATÚN AL NATURAL LA CAMPAGNOLA LAT 170 GRM,5813.0,,,,,,,
2026-08-10,sepa,COTO CICSA,ricotta,7790742102805,RICOTTA ENTERA GARCIA BAJA EN SODIO SHC 500 GRM,4755.0,,,,,,,
2026-08-10,sepa,COTO CICSA,ricotta,7790742114204,RICOTTA GARCIA SCH 500 GRM,4755.0,,,,,,,
2026-08-10,sepa,COTO CICSA,leche-protein,7790742358608,LECHE DESC. LA SERENISIMA PROTEIN BOT 1 LTR,2999.0,,,,,,,
2026-08-10,sepa,COTO CICSA,queso-crema-light,7790742373304,QUESO PROCESADO LIGHT FINLANDIA POT 290 GRM,5479.0,,,,,,,
2026-08-10,sepa,COTO CICSA,yogur-natural-sin-azucar,7790787960934,YOGURT DESC.SAB.NATURAL ILOLAY POT 350 GRM,3699.0,,,,,,,
2026-08-10,sepa,COTO CICSA,gaseosa-cola-zero,7790895067556,"GASEOSA COCA COLA  SIN AZUCAR BOT 1,5 LTR",4150.0,,,,,,,
2026-08-10,sepa,COTO CICSA,gaseosa-cola-zero,7790895067570,"GASEOSA COCA COLA SIN AZUCAR  BOT 2,25 LTR",5500.0,,,,,,,
2026-08-10,sepa,COTO CICSA,gaseosa-cola-zero,7790895640438,GASEOSA COCA COLA SIN AZUCAR  BOT 3 LTR,6650.0,,,,,,,
2026-08-10,sepa,COTO CICSA,detergente,7790990003022,DETERGENTE LAVAV.ULTRA LIMÓN MAGISTRAL BOT 300 ML,3129.99,,,,,,,
2026-08-10,sepa,COTO CICSA,detergente,7790990003039,DETERGENTE LAVAV.ULTRA LIMÓN MAGISTRAL BOT 500 ML,5049.99,,,,,,,
2026-08-10,sepa,COTO CICSA,detergente,7790990003046,DETERGENTE LAVAV.ULTRA LIMÓN MAGISTRAL BOT 750 ML,7559.99,,,,,,,
2026-08-10,sepa,COTO CICSA,detergente,7790990003053,DETERGENTE LIMÓN MAGISTRAL BOT 1.4 LTR,13989.99,,,,,,,
2026-08-10,sepa,COTO CICSA,detergente,7790990003121,DETERGENTE LAVAV.ULTRA MARINA MAGISTRAL BOT 300 ML,3129.99,,,,,,,
2026-08-10,sepa,COTO CICSA,detergente,7790990003381,DETER.LAVAV.ULTRA LIMÓN MAGISTRAL PLATINUM+ BOT 500 ML,6219.99,,,,,,,
2026-08-10,sepa,COTO CICSA,detergente,7790990003404,DETERGENTE ULTRA DESENG.LIMÓN MAGISTRAL BOT 300 ML,3489.99,,,,,,,
2026-08-10,sepa,COTO CICSA,detergente,7790990003411,DETERGENTE ULTRA DESENG.LIMÓN MAGISTRAL BOT 500 ML,5049.99,,,,,,,
2026-08-10,sepa,COTO CICSA,detergente,7790990003787,REPUESTO DETERG.ULTRA DESENG. LIMÓN MAGISTRAL DOY 450 ML,4319.99,,,,,,,
2026-08-10,sepa,COTO CICSA,rollo-cocina,7791070005806,"ROLLOS D/COCINA 50 PAÑOS 3 UNI CELESTIAL PAQ 5,32 MT2",3188.99,,,,,,,
2026-08-10,sepa,COTO CICSA,lavandina,7791290793781,LIMP.CREMOSO C/LAVANDINA CLORO CLORO CIF BOT 750 GRM,4665.99,,,,,,,
2026-08-10,sepa,COTO CICSA,lavandina,7791290793804,LIMP.DESINF.E/GEL C/LAVANDINA CLORO CIF BOT 513 GRM,3671.99,,,,,,,
2026-08-10,sepa,COTO CICSA,detergente,7791290794054,DETERGENTE BIO ACTIVE LIMON CIF BOT 300 ML,2710.99,,,,,,,
2026-08-10,sepa,COTO CICSA,detergente,7791290794061,DETERGENTE BIO ACT.LIMON CIF BOT 500 ML,4390.99,,,,,,,
2026-08-10,sepa,COTO CICSA,detergente,7791290794085,DETERGENTE BIOACTIVE LIMÓN CIF DOY 450 ML,3864.99,,,,,,,
2026-08-10,sepa,COTO CICSA,detergente,7791290794092,DETERGENTE BIOACTIVE LIMA CIF DOY 450 ML,3864.99,,,,,,,
2026-08-10,sepa,COTO CICSA,detergente,7791290794108,DETERGENTE BIO ACTIVE LIMA CIF BOT 300 ML,2710.99,,,,,,,
2026-08-10,sepa,COTO CICSA,detergente,7791290794115,DETERGENTE BIO ACT.LIMA CIF BOT 500 ML,4390.99,,,,,,,
2026-08-10,sepa,COTO CICSA,lavandina,7791290794955,LAVANDINA EN GEL ORIGINAL VIM BOT 700 ML,3519.99,,,,,,,
2026-08-10,sepa,COTO CICSA,lavandina,7791290794962,LAVANDINA EN GEL LAVANDA VIM BOT 700 ML,3519.99,,,,,,,
2026-08-10,sepa,COTO CICSA,lavandina,7791290794979,LAVANDINA EN GEL CITRUS VIM BOT 700 ML,3519.99,,,,,,,
2026-08-10,sepa,COTO CICSA,detergente,7791290796706,DETERGENTE ORIGINAL CIF BOT 500 ML,5484.99,,,,,,,
2026-08-10,sepa,COTO CICSA,detergente,7791290796713,DETERGENTE ORIGINAL CIF BOT 750 ML,8232.99,,,,,,,
2026-08-10,sepa,COTO CICSA,detergente,7791290796737,DETERGENTE LIMON CIF BOT 500 ML,5484.99,,,,,,,
2026-08-10,sepa,COTO CICSA,detergente,7791290796744,DETERGENTE LIMON CIF BOT 750 ML,8232.99,,,,,,,
2026-08-10,sepa,COTO CICSA,detergente,7791290796751,DETERGENTE LIMON CIF DOY 400 ML,4289.99,,,,,,,
2026-08-10,sepa,COTO CICSA,queso-crema-light,7791337009851,QUESO BLANCO CLÁSICO SUAVE LA SERENISIMA POT 460 GRM,6045.0,,,,,,,
2026-08-10,sepa,COTO CICSA,gaseosa-cola-zero,7791813828365,GASEOSA COLA BLACK PEPSI BOT 500 ML,2200.0,,,,,,,
2026-08-10,sepa,COTO CICSA,gaseosa-cola-zero,7791813828419,GASEOSA COLA PEPSI BLACK  BOT. 1500 CMQ,3950.0,,,,,,,
2026-08-10,sepa,COTO CICSA,gaseosa-cola-zero,7791813828464,GASEOSA COLA PEPSI BLACK BOT 2000 CMQ,4400.0,,,,,,,
2026-08-10,sepa,COTO CICSA,rollo-cocina,7791828000121,ROLLO COCINA FELPITA DOBLE HOJA PAQ 3 UNI,2855.99,,,,,,,
2026-08-10,sepa,COTO CICSA,rollo-cocina,7791828900025,ROLLOS DE COCINA FELPITA  DISNEY BSA 3 UNI 4.968MT2,3267.99,,,,,,,
2026-08-10,sepa,COTO CICSA,papel-higienico-doble-hoja,7791828900049,P. HIGIENICO D/H FELPITA  INFIN 12MT2 4ROLL 30MT,4449.99,,,,,,,
2026-08-10,sepa,COTO CICSA,rollo-cocina,7791828900056,ROLL. COC INFIN X3 - 300 PAÑ,5106.99,,,,,,,
2026-08-10,sepa,COTO CICSA,papel-higienico-doble-hoja,7791828900186,P. HIGIENICO D/H FELPITA   PAQ 8 MT2 4ROLL 20MT,2939.99,,,,,,,
2026-08-10,sepa,COTO CICSA,papel-higienico-doble-hoja,7791828900278,PAPEL HIGIÉNICO PURA CARICIA  FELPITA PAQ X6 UNI 30 MTR,6405.99,,,,,,,
2026-08-10,sepa,COTO CICSA,papel-higienico-doble-hoja,7791828900285,PAPEL HIGIÉNICO INFINITY FELPITA PAQ X4 UNI 5 M2,6859.99,,,,,,,
2026-08-10,sepa,COTO CICSA,rollo-cocina,7791828900377,"ROLLO D/COCINA MAXIROLLO FELPITA ROL 2,8 MTR",3070.99,,,,,,,
2026-08-10,sepa,COTO CICSA,rollo-cocina,7791828900537,ROLLO DE COCI.180 PAÑOS D.HOJ. FELPITA BSA 7.59 M2,2799.99,,,,,,,
2026-08-10,sepa,COTO CICSA,lavandina,7791905000020,LAVANDINA QUERUBIN BOT 1 LTR,1620.99,,,,,,,
2026-08-10,sepa,COTO CICSA,lavandina,7791905000037,LAVANDINA QUERUBIN BOT 2 LTR,3130.99,,,,,,,
2026-08-10,sepa,COTO CICSA,lavandina,7791905000372,LAVANDINA QUERUBIN BID 4 LTR,6030.99,,,,,,,
2026-08-10,sepa,COTO CICSA,lavandina,7793253003715,LAVANDINA TRIPLE PODER LAVANDA AYUDIN BOT 1 LTR,1886.99,,,,,,,
2026-08-10,sepa,COTO CICSA,lavandina,7793253003722,LAVANDINA TRIPLE PODER LAVANDA AYUDIN BOT 2 LTR,3606.99,,,,,,,
2026-08-10,sepa,COTO CICSA,lavandina,7793253003739,LAVANDINA TRIPLE PODER LAVANDA AYUDIN BID 4 LTR,7204.99,,,,,,,
2026-08-10,sepa,COTO CICSA,lavandina,7793253003746,LAVANDINA TRIPLE PODER PUREZA GLAC AYUDIN BOT 1 LTR,1886.99,,,,,,,
2026-08-10,sepa,COTO CICSA,lavandina,7793253003753,LAVANDINA TRIPLE PODER PUREZA GLAC AYUDIN BOT 2 LTR,3606.99,,,,,,,
2026-08-10,sepa,COTO CICSA,lavandina,7793253003760,LAVANDINA TRIPLE PODER PUREZA GLAC AYUDIN BID 4 LTR,7204.99,,,,,,,
2026-08-10,sepa,COTO CICSA,lavandina,7793253003777,LAVANDINA ANTI SPLASH AYUDIN BOT 1 LTR,2225.99,,,,,,,
2026-08-10,sepa,COTO CICSA,lavandina,7793253003784,LAVANDINA ANTI SPLASH AYUDIN BOT 2 LTR,4311.99,,,,,,,
2026-08-10,sepa,COTO CICSA,lavandina,7793253003791,LAVANDINA EN GEL ORIGINAL AYUDIN BOT 700 ML,3558.99,,,,,,,
2026-08-10,sepa,COTO CICSA,lavandina,7793253003807,LAVANDINA EN GEL CÍTRICA AYUDIN BOT 700 ML,3558.99,,,,,,,
2026-08-10,sepa,COTO CICSA,lavandina,7793253003814,LAVANDINA EN GEL FLORAL AYUDIN BOT 700 ML,3558.99,,,,,,,
2026-08-10,sepa,COTO CICSA,lavandina,7793253003821,LAVANDINA EN GEL MENTA AYUDIN BOT 700 ML,3558.99,,,,,,,
2026-08-10,sepa,COTO CICSA,lavandina,7793253003838,LAVANDINA EN GEL LAVANDA AYUDIN BOT 700 ML,3558.99,,,,,,,
2026-08-10,sepa,COTO CICSA,lavandina,7793253005856,LAVANDINA EN GEL ORIGINAL AYUDIN BOT 500 ML,3011.99,,,,,,,
2026-08-10,sepa,COTO CICSA,lavandina,7793253006709,LAVANDINA ORIGINAL AYUDIN BOT 2 LTR,2925.99,,,,,,,
2026-08-10,sepa,COTO CICSA,lavandina,7793253006716,LAVANDINA ORIGINAL AYUDIN BID 4 LTR,5842.99,,,,,,,
2026-08-10,sepa,COTO CICSA,lavandina,7793253007263,LAVANDINA ANTISPLASH AYUDIN BID 4 LTR,8280.99,,,,,,,
2026-08-10,sepa,COTO CICSA,yogur-natural-sin-azucar,7793913002423,YOGUR ENTERO NATURAL TREGAR POTE X140 GRS.,2090.0,,,,,,,
2026-08-10,sepa,COTO CICSA,queso-crema-light,7793913013412,QUESO CREMA DESCREMADO TREGAR POT 280 GRM,4190.0,,,,,,,
2026-08-10,sepa,COTO CICSA,queso-crema-light,7793913013641,QUESO UNTABLE DESCREMADO TREGAR POT 180 GRM,3090.0,,,,,,,
2026-08-10,sepa,COTO CICSA,ricotta,7793913013665,RICOTTA ENTERA TREGAR POT 290 GRM,3790.0,,,,,,,
2026-08-10,sepa,COTO CICSA,ricotta,7793913013672,RICOTTA SEMIDESCREMADA S/SAL TREGAR POT 290 GRM,3790.0,,,,,,,
2026-08-10,sepa,COTO CICSA,yogur-natural-sin-azucar,7794820903612,YOG.CREMOSO SAB.NATURAL MILKAUT  POT 300 GRM,3879.0,,,,,,,
2026-08-10,sepa,COTO CICSA,yogur-natural-sin-azucar,7794820903711,YOG.CREM.DESC.SAB.NATURAL BALANCE MILKAUT  POT 300 GRM,3879.0,,,,,,,
2026-08-10,sepa,COTO CICSA,queso-crema-light,7794990879663,QUESO CREMA LA PAULINA LIGHT POT 290 GRM,3435.0,,,,,,,
2026-08-10,sepa,COTO CICSA,yogur-natural-sin-azucar,7798136870545,YOGUR FIRME ENT.NAT.S/AZUC DAHI FRA 190 GRM,2725.0,,,,,,,
2026-08-10,sepa,COTO CICSA,yogur-natural-sin-azucar,7798136870859,YOGUR ESTILO GRIEGO NATURAL DAHI FRA 190 GRM,3295.0,,,,,,,
2026-08-10,sepa,COTO CICSA,ricotta,7798179070018,RICOTA CON CREMA SILVIA SCH 500 GRM,3285.0,,,,,,,
2026-08-10,sepa,COTO CICSA,leche-protein,7798338291803,LECHE C/PROTEINA TRES NIÑAS TTB 1 LTR,2865.0,,,,,,,
2026-08-10,sepa,COTO CICSA,atun-lomitos-natural,7891167831100,ATUN GOMES DA COSTA LOMO AL NATURAL LAT 170 GRM,4050.0,,,,,,,
2026-08-10,sepa,COTO CICSA,capsulas-nespresso-starbucks,8445290154125,CAFÉ CAPS.SMOOTH CARAMEL STARBUCKS CJA 51 GRM,16605.0,,,,,,,
2026-08-10,sepa,COTO CICSA,cafe-instantaneo,8445291311510,CAFÉ INSTANTANEO TRADICIÓN NESCAFE DOY 100 GRM,8952.0,,,,,,,
2026-08-10,sepa,COTO CICSA,capsulas-nespresso-starbucks,8445291363656,CAFÉ CAPSULA HOUSE BLEND LUNGO STARBUCKS CJA 78 GRM,15995.0,,,,,,,
2026-08-10,sepa,COTO CICSA,capsulas-nespresso-starbucks,8445291367272,CAFÉ CAPSULA ESPRESO ROAST STARBUCKS CJA 78 GRM,16605.0,,,,,,,
2026-08-10,sepa,Cooperativa Obrera Limitada de Consumo y Vivienda,desodorante-barra-hombre,7501001163983,DEO BARRA OLD SPICE FRESH,10128.0,,,,,,,
2026-08-10,sepa,Cooperativa Obrera Limitada de Consumo y Vivienda,cafe-instantaneo,7613035379213,CAFE NESCAFE SOLUBLE DESC,18170.0,,,,,,,
2026-08-10,sepa,Cooperativa Obrera Limitada de Consumo y Vivienda,cafe-instantaneo,7613036312752,CAFE NESCAFE ESPRESSO FRA,18990.0,25860.0,,,,,Vigencia desde el 30/07/2026 al 12/08/2026,
2026-08-10,sepa,Cooperativa Obrera Limitada de Consumo y Vivienda,lavandina,7790132098459,LAVANDINA AYUDIN ORIGINAL,1270.0,,,,,,,
2026-08-10,sepa,Cooperativa Obrera Limitada de Consumo y Vivienda,vinagre-alcohol,7790139003166,VINAGRE CASALTA ALCOHOL,1239.0,,,,,,,
2026-08-10,sepa,Cooperativa Obrera Limitada de Consumo y Vivienda,vinagre-alcohol,7790139101138,VINAGRE FAVINCO ALCOHOL,1585.0,,,,,,,
2026-08-10,sepa,Cooperativa Obrera Limitada de Consumo y Vivienda,vinagre-alcohol,7790139101145,VINAGRE FAVINCO ALC S/TAC,1229.0,,,,,,,
2026-08-10,sepa,Cooperativa Obrera Limitada de Consumo y Vivienda,cafe-instantaneo,7790150100462,CAFE INST LV CLAS.DPACK,6990.0,8005.0,,,,,Vigencia desde el 30/07/2026 al 12/08/2026 hasta agotar Stock de 30 unidades.,
2026-08-10,sepa,Cooperativa Obrera Limitada de Consumo y Vivienda,cafe-instantaneo,7790150100486,CAFE INST LV FRAS CLASICO,8550.0,,,,,,,
2026-08-10,sepa,Cooperativa Obrera Limitada de Consumo y Vivienda,cafe-instantaneo,7790150100783,CAFE INST LV CLASICO ESP,5920.0,,,,,,,
2026-08-10,sepa,Cooperativa Obrera Limitada de Consumo y Vivienda,cafe-instantaneo,7790150100806,CAFE INST LA VIRGINIA DP,6779.0,,,,,,,
2026-08-10,sepa,Cooperativa Obrera Limitada de Consumo y Vivienda,cafe-instantaneo,7790150101476,CAFE INST LV SUAVE DP,6990.0,8005.0,,,,,Vigencia desde el 30/07/2026 al 12/08/2026 hasta agotar Stock de 65 unidades.,
2026-08-10,sepa,Cooperativa Obrera Limitada de Consumo y Vivienda,cafe-instantaneo,7790150101490,CAFE INST LV SUAVE FRASCO,8550.0,,,,,,,
2026-08-10,sepa,Cooperativa Obrera Limitada de Consumo y Vivienda,cafe-instantaneo,7790150101773,CAFE INST LV SUAVE FRASCO,6179.0,,,,,,,
2026-08-10,sepa,Cooperativa Obrera Limitada de Consumo y Vivienda,cafe-instantaneo,7790150101780,CAFE INST LV SUAVE DP,5138.0,,,,,,,
2026-08-10,sepa,Cooperativa Obrera Limitada de Consumo y Vivienda,rollo-cocina,7790250056881,ROLLO SUSSEX CLAS BLANCO,2990.0,,,,,,,
2026-08-10,sepa,Cooperativa Obrera Limitada de Consumo y Vivienda,rollo-cocina,7790250056898,ROLLO COCINA SUSSEX ULTRA,4390.0,,,,,,,
2026-08-10,sepa,Cooperativa Obrera Limitada de Consumo y Vivienda,rollo-cocina,7790250056980,ROLLO COC SUSSEX MAXI,6590.0,,,,,,,
2026-08-10,sepa,Cooperativa Obrera Limitada de Consumo y Vivienda,rollo-cocina,7790250057086,SUSSEX CLASICO MEGARROLLO,2490.0,3320.0,,,,,Vigencia desde el 30/07/2026 al 12/08/2026 hasta agotar Stock de 14 unidades.,
2026-08-10,sepa,Cooperativa Obrera Limitada de Consumo y Vivienda,yerba-mananita,7790387015317,YERBA MAÑANITA 4FLEX,5350.0,,,,,,,
2026-08-10,sepa,Cooperativa Obrera Limitada de Consumo y Vivienda,yerba-mananita,7790387015324,YERBA MAÑANITA 4FLEX 1/2,2750.0,,,,,,,
2026-08-10,sepa,Cooperativa Obrera Limitada de Consumo y Vivienda,cafe-instantaneo,7790550029431,CAFE LPC FRASCO CLASICO,10091.0,,,,,,,
2026-08-10,sepa,Cooperativa Obrera Limitada de Consumo y Vivienda,atun-lomitos-natural,7790580131364,ATUN LC LOMO NATURAL,5740.0,,,,,,,
2026-08-10,sepa,Cooperativa Obrera Limitada de Consumo y Vivienda,leche-protein,7790742358608,LECHE DESC LS PROTEIN BOT,2490.0,3149.0,,,,,Vigencia desde el 30/07/2026 al 12/08/2026 hasta agotar Stock de 131 unidades.,
2026-08-10,sepa,Cooperativa Obrera Limitada de Consumo y Vivienda,yogur-natural-sin-azucar,7790787960934,YOGUR NATURAL CREM ILOLAY,3599.0,,,,,,,
2026-08-10,sepa,Cooperativa Obrera Limitada de Consumo y Vivienda,gaseosa-cola-zero,7790895067532,COCA COLA SIN AZUCAR,2450.0,,,,,,,
2026-08-10,sepa,Cooperativa Obrera Limitada de Consumo y Vivienda,gaseosa-cola-zero,7790895067556,COCA COLA SIN AZUCAR,4150.0,,,,,,,
2026-08-10,sepa,Cooperativa Obrera Limitada de Consumo y Vivienda,gaseosa-cola-zero,7790895067570,COCA COLA SIN AZUCAR,4200.0,5500.0,,,,,Llevando 2 paga $4200.00 c/u - Vigencia desde el 30/07/2026 al 12/08/2026 o hasta agotar Stock de 148 unidades.,
2026-08-10,sepa,Cooperativa Obrera Limitada de Consumo y Vivienda,detergente,7790990003022,DET MAGISTRAL ULTRA LIMON,3400.0,,,,,,,
2026-08-10,sepa,Cooperativa Obrera Limitada de Consumo y Vivienda,detergente,7790990003039,DET MAGISTRAL ULTRA LIMON,4700.0,,,,,,,
2026-08-10,sepa,Cooperativa Obrera Limitada de Consumo y Vivienda,detergente,7790990003046,DET MAGISTRAL ULTRA LIMON,7990.0,,,,,,,
2026-08-10,sepa,Cooperativa Obrera Limitada de Consumo y Vivienda,detergente,7790990003121,DET MAGISTRAL ULTRA MARIN,3400.0,,,,,,,
2026-08-10,sepa,Cooperativa Obrera Limitada de Consumo y Vivienda,detergente,7790990003138,DET MAGISTRAL ULTRA MARIN,4700.0,,,,,,,
2026-08-10,sepa,Cooperativa Obrera Limitada de Consumo y Vivienda,detergente,7790990003145,DET MAGISTRAL ULTRA MARIN,7990.0,,,,,,,
2026-08-10,sepa,Cooperativa Obrera Limitada de Consumo y Vivienda,detergente,7790990003787,DET MAGISTRAL ULT LIM DP,4550.0,,,,,,,
2026-08-10,sepa,Cooperativa Obrera Limitada de Consumo y Vivienda,lavandina,7791290793781,CIF CREMA C/LAVAND Y CLOR,3490.0,4790.0,,,,,Vigencia desde el 30/07/2026 al 12/08/2026 hasta agotar Stock de 2 unidades.,
2026-08-10,sepa,Cooperativa Obrera Limitada de Consumo y Vivienda,lavandina,7791290793804,CIF GEL C/LAVAND Y CLORO,3790.0,,,,,,,
2026-08-10,sepa,Cooperativa Obrera Limitada de Consumo y Vivienda,detergente,7791290794054,DET CIF BIOACTIVE LIMON,2749.0,,,,,,,
2026-08-10,sepa,Cooperativa Obrera Limitada de Consumo y Vivienda,detergente,7791290794061,DET CIF BIOACTIVE LIMON,2990.0,4209.0,,,,,Vigencia desde el 30/07/2026 al 12/08/2026 hasta agotar Stock de 28 unidades.,
2026-08-10,sepa,Cooperativa Obrera Limitada de Consumo y Vivienda,detergente,7791290794078,DET CIF BIOACTIVE LIMON,6690.0,,,,,,,
2026-08-10,sepa,Cooperativa Obrera Limitada de Consumo y Vivienda,detergente,7791290794085,CIF BIOACTIVE LIMON DP,3870.0,,,,,,,
2026-08-10,sepa,Cooperativa Obrera Limitada de Consumo y Vivienda,detergente,7791290794092,CIF BIOACTIVE LIMA DP,3870.0,,,,,,,
2026-08-10,sepa,Cooperativa Obrera Limitada de Consumo y Vivienda,detergente,7791290794108,DET CIF BIOACTIVE LIMA,2790.0,,,,,,,
2026-08-10,sepa,Cooperativa Obrera Limitada de Consumo y Vivienda,detergente,7791290794115,DET CIF BIOACTIVE LIMA,2990.0,4209.0,,,,,Vigencia desde el 30/07/2026 al 12/08/2026,
2026-08-10,sepa,Cooperativa Obrera Limitada de Consumo y Vivienda,detergente,7791290796706,DET CIF ACTIVE GEL ORIGIN,5550.0,,,,,,,
2026-08-10,sepa,Cooperativa Obrera Limitada de Consumo y Vivienda,detergente,7791290796720,DET CIF ACTIV GEL ORIG DP,4390.0,,,,,,,
2026-08-10,sepa,Cooperativa Obrera Limitada de Consumo y Vivienda,detergente,7791290796737,DET CIF ACTIVE GEL LIMON,5550.0,,,,,,,
2026-08-10,sepa,Cooperativa Obrera Limitada de Consumo y Vivienda,detergente,7791290796751,DET CIF ACT GEL LIMON DP,4390.0,,,,,,,
2026-08-10,sepa,Cooperativa Obrera Limitada de Consumo y Vivienda,yogur-natural-sin-azucar,7791337007208,YOGUR SER DESC S/LACT NAT,4999.0,,,,,,,
2026-08-10,sepa,Cooperativa Obrera Limitada de Consumo y Vivienda,yogur-natural-sin-azucar,7791337010932,YOGURISIMO GRIEGO FIRME N,3250.0,,,,,,,
2026-08-10,sepa,Cooperativa Obrera Limitada de Consumo y Vivienda,gaseosa-cola-zero,7791813828365,PEPSI BLACK,1290.0,2500.0,,,,,Vigencia desde el 30/07/2026 al 12/08/2026 hasta agotar Stock de 47 unidades.,
2026-08-10,sepa,Cooperativa Obrera Limitada de Consumo y Vivienda,gaseosa-cola-zero,7791813828419,PEPSI BLACK,4300.0,,,,,,,
2026-08-10,sepa,Cooperativa Obrera Limitada de Consumo y Vivienda,gaseosa-cola-zero,7791813828464,PEPSI BLACK,2500.0,4750.0,,,,,Vigencia desde el 30/07/2026 al 12/08/2026 hasta agotar Stock de 76 unidades.,
2026-08-10,sepa,Cooperativa Obrera Limitada de Consumo y Vivienda,rollo-cocina,7791828000121,ROLLO COCI FELPITA BLANCO,2695.0,,,,,,,
2026-08-10,sepa,Cooperativa Obrera Limitada de Consumo y Vivienda,rollo-cocina,7791828900056,ROLLO FELPITA INFINITY BL,5249.0,,,,,,,
2026-08-10,sepa,Cooperativa Obrera Limitada de Consumo y Vivienda,rollo-cocina,7791828900377,ROLLO FELPITA BLANCO,3090.0,,,,,,,
2026-08-10,sepa,Cooperativa Obrera Limitada de Consumo y Vivienda,lavandina,7791905003663,LAVAN ADIT QUERUBIN RO BL,2350.0,,,,,,,
2026-08-10,sepa,Cooperativa Obrera Limitada de Consumo y Vivienda,lavandina,7791905023203,LAVANDINA ODEX,1550.0,,,,,,,
2026-08-10,sepa,Cooperativa Obrera Limitada de Consumo y Vivienda,lavandina,7791905023210,LAVANDINA ODEX,2850.0,,,,,,,
2026-08-10,sepa,Cooperativa Obrera Limitada de Consumo y Vivienda,lavandina,7791905023227,LAVANDINA ODEX,5590.0,,,,,,,
2026-08-10,sepa,Cooperativa Obrera Limitada de Consumo y Vivienda,lavandina,7793253003715,LAV AYUDIN LAVANDA TRIPLE,1885.0,,,,,,,
2026-08-10,sepa,Cooperativa Obrera Limitada de Consumo y Vivienda,lavandina,7793253003722,LAV AYUDIN LAVANDA TRIPLE,3600.0,,,,,,,
2026-08-10,sepa,Cooperativa Obrera Limitada de Consumo y Vivienda,lavandina,7793253003746,LAV AYUDIN GLACIAR TRIPLE,1885.0,,,,,,,
2026-08-10,sepa,Cooperativa Obrera Limitada de Consumo y Vivienda,lavandina,7793253003753,LAV AYUDIN GLACIAR TRIPLE,3600.0,,,,,,,
2026-08-10,sepa,Cooperativa Obrera Limitada de Consumo y Vivienda,lavandina,7793253003777,LAV AYUDIN ANTISPLASH,2319.0,,,,,,,
2026-08-10,sepa,Cooperativa Obrera Limitada de Consumo y Vivienda,lavandina,7793253003784,LAV AYUDIN ANTISPLASH X2,4650.0,,,,,,,
2026-08-10,sepa,Cooperativa Obrera Limitada de Consumo y Vivienda,lavandina,7793253006709,LAVANDINA AYUDIN ORIGINAL,2680.0,,,,,,,
2026-08-10,sepa,Cooperativa Obrera Limitada de Consumo y Vivienda,lavandina,7793253006716,LAVANDINA AYUDIN ORIGINAL,6990.0,,,,,,,
2026-08-10,sepa,Cooperativa Obrera Limitada de Consumo y Vivienda,rollo-cocina,7793344009206,ROLLO COC ELEGANTE,3190.0,,,,,,,
2026-08-10,sepa,Cooperativa Obrera Limitada de Consumo y Vivienda,rollo-cocina,7793344009305,ROLLO COC ELEGANTE PREM,3675.0,5390.0,,,,,Vigencia desde el 30/07/2026 al 12/08/2026 hasta agotar Stock de 21 unidades.,
2026-08-10,sepa,Cooperativa Obrera Limitada de Consumo y Vivienda,rollo-cocina,7793344904013,ROLLO COC ELEGANTE,2830.0,,,,,,,
2026-08-10,sepa,Cooperativa Obrera Limitada de Consumo y Vivienda,rollo-cocina,7793344904853,ROLLO COC ELEGANTE,3490.0,,,,,,,
2026-08-10,sepa,Cooperativa Obrera Limitada de Consumo y Vivienda,yogur-natural-sin-azucar,7794820903612,YOGUR NAT CREMOSO MILKAUT,2850.0,3790.0,,,,,Vigencia desde el 06/08/2026 al 12/08/2026 hasta agotar Stock de 1 unidades.,
2026-08-10,sepa,Cooperativa Obrera Limitada de Consumo y Vivienda,yogur-natural-sin-azucar,7794820903711,YOGUR NAT DESCR MILKAUT,2850.0,3790.0,,,,,Vigencia desde el 06/08/2026 al 12/08/2026,
2026-08-10,sepa,Cooperativa Obrera Limitada de Consumo y Vivienda,lavandina,7798131250380,LAVANDINA HEROE CLASIC,1190.0,,,,,,,
2026-08-10,sepa,Cooperativa Obrera Limitada de Consumo y Vivienda,yogur-natural-sin-azucar,7798136870545,YOG DAHI FIRME NATUR S/AZ,2659.0,,,,,,,
2026-08-10,sepa,Cooperativa Obrera Limitada de Consumo y Vivienda,yogur-natural-sin-azucar,7798136870743,YOGUR NAT DESLACT DAHI,3190.0,,,,,,,
2026-08-10,sepa,Cooperativa Obrera Limitada de Consumo y Vivienda,yogur-natural-sin-azucar,7798136870859,YOGUR GRIEGO NAT DAHI,3190.0,,,,,,,
2026-08-10,sepa,Cooperativa Obrera Limitada de Consumo y Vivienda,leche-protein,7798338291803,LECHE LV LAS3 NIÑAS PROTE,2890.0,,,,,,,
2026-08-10,sepa,Cooperativa Obrera Limitada de Consumo y Vivienda,cafe-instantaneo,8445291311510,NESCAFE TRADICION DP,9290.0,,,,,,,
2026-08-10,sepa,DEHEZA S.A.I.C.F. e I.,yerba-mananita,7790387015324,MAÑANITA YERBA 4FLEX X 500 GR,4400.0,,,,,,,
2026-08-10,sepa,DEHEZA S.A.I.C.F. e I.,gaseosa-cola-zero,7791813828365,PEPSI BLACK PET X 500CC,2900.0,,,,,,,
2026-08-10,sepa,Disco,cafe-instantaneo,7613035379213,Cafe Descafeinado NESCAFE MasAroma 100g FCO-100-gr.,18000.0,,,,,,,
2026-08-10,sepa,Disco,cafe-instantaneo,7613036312752,Nescafe GOLD espresso 100g FCO-100-gr.,24000.0,,,,,,,
2026-08-10,sepa,Disco,capsulas-nespresso-starbucks,7613036961004,Capsulas STARBUCKS Blonde Espresso Roast CJA-53-gr.,18750.0,,,,,,,
2026-08-10,sepa,Disco,capsulas-nespresso-starbucks,7613036961448,Capsulas Café STARBUCKS Colombia x57g CJA-57-gr.,19050.0,,,,,,,
2026-08-10,sepa,Disco,suprema-pollo,7790070036063,Suprema de pollo GRANJA DEL SOL 360g PAQ-360-gr.,11350.0,,,,,,,
2026-08-10,sepa,Disco,vinagre-alcohol,7790130000034,Vinagre MENOYO de alcohol PVC-500-cc.,1350.0,,,,,,,
2026-08-10,sepa,Disco,vinagre-alcohol,7790130000058,Vinagre MENOYO de alcohol PVC-1-lt.,1850.0,,,,,,,
2026-08-10,sepa,Disco,vinagre-alcohol,7790130000263,Vinagre alcazar de alcohol PVC-500-cc.,1200.0,,,,,,,
2026-08-10,sepa,Disco,lavandina,7790132098459,lavandina AYUDIN original 1L       PVC-1000-ml.,1278.0,,,,,,,
2026-08-10,sepa,Disco,vinagre-alcohol,7790139003166,Vinagre de Alcohol CASALTA x 500cc. BOT-500-cc.,1300.0,,,,,,,
2026-08-10,sepa,Disco,vinagre-alcohol,7790139101138,Vinagre de Alcohol Favinco S/T x 1lt BOT-1000-ml.,1717.0,,,,,,,
2026-08-10,sepa,Disco,cafe-instantaneo,7790150100462,café LA VIRGINIA Clásico Espuma DPx170g DOY-170-gr.,8150.0,,,,,,,
2026-08-10,sepa,Disco,cafe-instantaneo,7790150100486,café LA VIRGINIA Clasico Espuma x170G FCO-170-gr.,9450.0,,,,,,,
2026-08-10,sepa,Disco,cafe-instantaneo,7790150101476,café LA VIRGINIA Suave Espuma DP x170g DOY-170-gr.,8600.0,,,,,,,
2026-08-10,sepa,Disco,cafe-instantaneo,7790150101490,café LA VIRGINIA Suave Espuma x170g FCO-170-gr.,10850.0,,,,,,,
2026-08-10,sepa,Disco,cafe-instantaneo,7790150101773,café LA VIRGINIA Suave Espuma x100g FCO-100-gr.,6600.0,,,,,,,
2026-08-10,sepa,Disco,cafe-instantaneo,7790150101780,Café LA VIRGINIA Suave Espuma DPx100g DOY-100-gr.,5550.0,,,,,,,
2026-08-10,sepa,Disco,cafe-instantaneo,7790170904798,café LA MORENITA Intenso x100g FCO-100-gr.,6550.0,,,,,,,
2026-08-10,sepa,Disco,queso-crema-light,7790244941605,Q.Blancrem Light S.Ignacio 290g POT-290-gr.,4000.0,,,,,,,
2026-08-10,sepa,Disco,queso-crema-light,7790244941612,Q.Blancrem Light S.Ignacio 480g POT-480-gr.,5800.0,,,,,,,
2026-08-10,sepa,Disco,papel-higienico-doble-hoja,7790250015536,papel higieni HIGIENOL dob h fus 4x30m BSA-4-m2,4300.0,,,,,,,
2026-08-10,sepa,Disco,papel-higienico-doble-hoja,7790250026075,papel higienic ELITE dobl h soft 4x30m PAQ-12-m2,5180.0,,,,,,,
2026-08-10,sepa,Disco,papel-higienico-doble-hoja,7790250026082,papel higienic ELITE ult dobl h 4x50m PAQ-20-m2,10550.0,,,,,,,
2026-08-10,sepa,Disco,rollo-cocina,7790250056881,rollo cocina SUSSEX clasic 3x50paños PAQ-15-m2,3100.0,,,,,,,
2026-08-10,sepa,Disco,rollo-cocina,7790250056980,rollo cocina SUSSEX ultra 3x100p PAQ-300-un.,8050.0,,,,,,,
2026-08-10,sepa,Disco,yerba-mananita,7790387015317,Yerba Mate MAÑANITA 4FLEX 1kg PAQ-1000-gr.,5350.0,,,,,,,
2026-08-10,sepa,Disco,yerba-mananita,7790387015324,Yerba Mate MAÑANITA 4FLEX 1/2kg PAQ-500-gr.,2800.0,,,,,,,
2026-08-10,sepa,Disco,atun-lomitos-natural,7790580131364,Atun LA CAMPAGNOLA al natural x170g LAT-170-gr.,6300.0,,,,,,,
2026-08-10,sepa,Disco,ricotta,7790742102805,ricota entera GARCIA baja en sodio SCH-500-gr.,5100.0,,,,,,,
2026-08-10,sepa,Disco,ricotta,7790742114204,Ricotta Garcia Semigrasa Sachet 500GR SCH-500-gr.,5100.0,,,,,,,
2026-08-10,sepa,Disco,leche-protein,7790742358608,Leche Uat Proteina La serenisima 1l BOT-1000-ml.,3100.0,,,,,,,
2026-08-10,sepa,Disco,queso-crema-light,7790742373304,Q.Procesado Finlandia Light 290g POT-290-gr.,5900.0,,,,,,,
2026-08-10,sepa,Disco,gaseosa-cola-zero,7790895067532,gaseosa COCA COLA Zero 500cc PET-500-ml.,2650.0,,,,,,,
2026-08-10,sepa,Disco,gaseosa-cola-zero,7790895067556,gaseosa COCA COLA Zero 1.5lt PET-1500-ml.,4150.0,,,,,,,
2026-08-10,sepa,Disco,gaseosa-cola-zero,7790895067570,gaseosa COCA COLA Zero 2.25lt PET-2250-ml.,5500.0,,,,,,,
2026-08-10,sepa,Disco,gaseosa-cola-zero,7790895067587,gaseosa COCA COLA Zero 354cc LAT-354-ml.,2750.0,,,,,,,
2026-08-10,sepa,Disco,gaseosa-cola-zero,7790895640438,gaseosa COCA COLA Zero  3lt PET-3000-ml.,6454.0,,,,,,,
2026-08-10,sepa,Disco,detergente,7790990003022,detergente MAGISTRAL ult lim bot 300ml BOT-300-ml.,3350.0,,,,,,,
2026-08-10,sepa,Disco,detergente,7790990003039,detergente MAGISTRAL ult lim bot 500ml BOT-500-ml.,4542.0,,,,,,,
2026-08-10,sepa,Disco,detergente,7790990003046,detergente MAGISTRAL ult lim bot 750ml BOT-750-ml.,7850.0,,,,,,,
2026-08-10,sepa,Disco,detergente,7790990003121,detergente MAGISTRAL ult mar bot 300ml BOT-300-ml.,3350.0,,,,,,,
2026-08-10,sepa,Disco,detergente,7790990003138,detergente MAGISTRAL ult mar bot 500ml BOT-500-ml.,4542.0,,,,,,,
2026-08-10,sepa,Disco,detergente,7790990003145,detergente MAGISTRAL ult mar bot 750ml BOT-750-ml.,7850.0,,,,,,,
2026-08-10,sepa,Disco,lavandina,7791290793804,limpiador CIF  gel lavandina cloro 513gr BOT-513-ml.,3950.0,,,,,,,
2026-08-10,sepa,Disco,detergente,7791290794054,lavavajilla CIF bioactive limon 300ml. BOT-300-ml.,2700.0,,,,,,,
2026-08-10,sepa,Disco,detergente,7791290794061,lavavajilla CIF bioactive limon 500ml BOT-500-ml.,4400.0,,,,,,,
2026-08-10,sepa,Disco,detergente,7791290794078,lavavajilla CIF bioactive limon 750ml BOT-750-ml.,6850.0,,,,,,,
2026-08-10,sepa,Disco,detergente,7791290794085,lavavajilla CIF limon bioactiv DP 450ml DOY-450-ml.,3900.0,,,,,,,
2026-08-10,sepa,Disco,detergente,7791290794092,lavavajilla CIF lima bioactive DP 450ml DOY-450-ml.,3900.0,,,,,,,
2026-08-10,sepa,Disco,detergente,7791290794108,lavavajilla CIF bioactive lima 300ml BOT-300-ml.,2700.0,,,,,,,
2026-08-10,sepa,Disco,detergente,7791290794115,lavavajilla CIF bioactive lima 500ml BOT-500-ml.,4400.0,,,,,,,
2026-08-10,sepa,Disco,yogur-natural-sin-azucar,7791337007208,Yog SER Natural 300g POT-300-gr.,5250.0,,,,,,,
2026-08-10,sepa,Disco,gaseosa-cola-zero,7791813828365,gaseosa PEPSI Black 500cc BOT-500-ml.,2250.0,,,,,,,
2026-08-10,sepa,Disco,gaseosa-cola-zero,7791813828419,gaseosa PEPSI Black 1.5lt BOT-1500-ml.,3899.0,,,,,,,
2026-08-10,sepa,Disco,gaseosa-cola-zero,7791813828464,gaseosa PEPSI Black 2lt BOT-2000-ml.,4300.0,,,,,,,
2026-08-10,sepa,Disco,rollo-cocina,7791828900056,Rollo Cocina FELPITA DH Infinity 3x100 PCK-300-un.,5350.0,,,,,,,
2026-08-10,sepa,Disco,papel-higienico-doble-hoja,7791828900285,Papel Higienico FELPITA Doble Hoj 4x50 PAQ-50-hjs,7250.0,,,,,,,
2026-08-10,sepa,Disco,lavandina,7793253003715,Lavandina Ayudin Triple Poder 1L BOT-1000-ml.,2050.0,,,,,,,
2026-08-10,sepa,Disco,lavandina,7793253003722,lavandina AYUDIN Glaciar Triple Poder La BOT-2000-ml.,3850.0,,,,,,,
2026-08-10,sepa,Disco,lavandina,7793253003739,Lavandina Ayudin Triple Poder 4L BOT-4000-ml.,7700.0,,,,,,,
2026-08-10,sepa,Disco,lavandina,7793253003746,Ayudin Pureza Glaciar Triple Poder 1L BOT-1000-ml.,2050.0,,,,,,,
2026-08-10,sepa,Disco,lavandina,7793253003753,lavandina AYUDIN Glaciar Triple Poder 2l BOT-2000-ml.,3950.0,,,,,,,
2026-08-10,sepa,Disco,lavandina,7793253003760,Ayudin Pureza Glaciar Triple Poder 4L BOT-4000-ml.,7800.0,,,,,,,
2026-08-10,sepa,Disco,lavandina,7793253003777,Lavandina Ayudin Anti-Splash Tradi 1L BOT-1000-ml.,2400.0,,,,,,,
2026-08-10,sepa,Disco,lavandina,7793253003784,lavandina AYUDIN Anti Splash 2lt BOT-2000-ml.,4600.0,,,,,,,
2026-08-10,sepa,Disco,lavandina,7793253003791,Ayudín Lavandina en Gel Original 700ml BOT-700-ml.,3800.0,,,,,,,
2026-08-10,sepa,Disco,lavandina,7793253003807,Ayudín Lavandina en Gel Citrica 700ml BOT-700-ml.,3800.0,,,,,,,
2026-08-10,sepa,Disco,lavandina,7793253003814,Ayudín Lavandina en Gel Floral 700ml BOT-700-ml.,3800.0,,,,,,,
2026-08-10,sepa,Disco,lavandina,7793253003821,Ayudín Lavandina en Gel Menta 700ml BOT-700-ml.,3800.0,,,,,,,
2026-08-10,sepa,Disco,lavandina,7793253003838,Ayudín Lavandina en Gel Lavanda 700ml BOT-700-ml.,3800.0,,,,,,,
2026-08-10,sepa,Disco,lavandina,7793253003869,Ayudín Lavandina en Gel Original 1500ml BOT-1500-ml.,8300.0,,,,,,,
2026-08-10,sepa,Disco,lavandina,7793253003876,Ayudín Lavandina en Gel Citrica 1500ml BOT-1500-ml.,8300.0,,,,,,,
2026-08-10,sepa,Disco,papel-higienico-doble-hoja,7793344000517,Papel hig New ELEGANTE Extra bl 30m x 4u PAQ-12-m2,3650.0,,,,,,,
2026-08-10,sepa,Disco,rollo-cocina,7793344009206,rollo cocina ELEGANTE dobl h 1x200 paños PCK-1-un.,3050.0,,,,,,,
2026-08-10,sepa,Disco,rollo-cocina,7793344009305,Rollos de Cocina Elegante 3u x 100 paños LAM-300-un.,5700.0,,,,,,,
2026-08-10,sepa,Disco,rollo-cocina,7793344904013,rollo cocina ELEGANTE dobl h 3x50 paños BSA-3-un.,3000.0,,,,,,,
2026-08-10,sepa,Disco,queso-crema-light,7793913013412,Queso Crema Light Tregar 280g POT-280-gr.,4400.0,,,,,,,
2026-08-10,sepa,Disco,ricotta,7793913013665,RICOTTA ENTERA TREGAR X 290 GRS POT-290-gr.,3850.0,,,,,,,
2026-08-10,sepa,Disco,ricotta,7793913013672,RICOTTA LIGHT TREGAR X 290 GRS POT-290-gr.,3850.0,,,,,,,
2026-08-10,sepa,Disco,queso-crema-light,7794820015018,Qso Proces para untar Light Milkaut 190g POT-190-gr.,3550.0,,,,,,,
2026-08-10,sepa,Disco,queso-crema-light,7794820903094,Queso Crematto Balance MILKAUT x 285 grs POT-285-gr.,5200.0,,,,,,,
2026-08-10,sepa,Disco,queso-crema-light,7794990879663,queso crema LA PAULINA light. POT-290-gr.,3500.0,,,,,,,
2026-08-10,sepa,Disco,lavandina,7798131250380,lavandina clasica HEROE 1lt BOT-1000-ml.,1150.0,,,,,,,
2026-08-10,sepa,Disco,lavandina,7798131250397,lavandina clasica HEROE 2lt BOT-2000-ml.,2250.0,,,,,,,
2026-08-10,sepa,Disco,yogur-natural-sin-azucar,7798136870545,Yog. Ent. Natural s/az DAHÍ 190g FCO-190-gr.,2850.0,,,,,,,
2026-08-10,sepa,Disco,yogur-natural-sin-azucar,7798136870743,Yog. Desc. Deslac Nat DAHÍ 190g FCO-200-gr.,3450.0,,,,,,,
2026-08-10,sepa,Disco,yogur-natural-sin-azucar,7798327950193,Yog. Entero Natural Flia Beudroit 400g POT-400-gr.,4750.0,,,,,,,
2026-08-10,sepa,Disco,capsulas-nespresso-starbucks,8445291363656,Capsulas STARBUCKS House Blend 12u CJA-52-gr.,19050.0,,,,,,,
2026-08-10,sepa,Disco,capsulas-nespresso-starbucks,8445291367272,Capsulas STARBUCKS Espresso Roast 12u CJA-78-gr.,19050.0,,,,,,,
2026-08-10,sepa,Express,cafe-instantaneo,7613035379213,CAFE DESCAFEINADO INSTANTANEO NESCAFE X 100 GRS,17029.0,,,,,,,
2026-08-10,sepa,Express,cafe-instantaneo,7613036312752,CAFE INSTANTANEO EXPRESSO GOLD NESCAFE X 100 GRS,25209.0,,,,,,,
2026-08-10,sepa,Express,capsulas-nespresso-starbucks,7613036961004,CAPSULAS CAFE BLOND ESPRESSO STARBUCKS X 10 UNI,18299.0,,,,,,,
2026-08-10,sepa,Express,suprema-pollo,7790070036063,SUPREMAS DE POLLO GRANJA DEL SOL BOLSA X 360 GRS,10985.0,,,,,,,
2026-08-10,sepa,Express,vinagre-alcohol,7790130000034,VINAGRE DE ALCOHOL MENOYO PET X 500 CC,1599.0,,,,,,,
2026-08-10,sepa,Express,vinagre-alcohol,7790130000058,VINAGRE DE ALCOHOL MENOYO PET X 1 LT,2025.0,,,,,,,
2026-08-10,sepa,Express,lavandina,7790132098459,LAVANDINA ORIGINAL AYUDIN X 1 LT,1319.0,,,,,,,
2026-08-10,sepa,Express,cafe-instantaneo,7790170904798,CAFE INSTANTANEO LA MORENITA FRASCO X 100 GRS,6540.0,,,,,,,
2026-08-10,sepa,Express,papel-higienico-doble-hoja,7790250015536,PAPEL HIGIENICO D HOJA PLUS HIGIENOL 4 X 30 MTS,3729.0,,,,,,,
2026-08-10,sepa,Express,papel-higienico-doble-hoja,7790250026075,PAPEL HIGIENICO D H ULTRA SUAVE ELITE 4 X 30 MTS,5785.0,,,,,,,
2026-08-10,sepa,Express,rollo-cocina,7790250056881,ROLLO DE COCINA CLASICO SUSSEX 3 X 50 PAN,2546.67,2929.0,,,,,Promo A valida desde el 04/08/2026 hasta 10/08/2026,
2026-08-10,sepa,Express,rollo-cocina,7790250057086,ROLLO COCINA CLASICO MEGA SUSSEX X 200 PANOS,3450.0,,,,,,,
2026-08-10,sepa,Express,yerba-mananita,7790387015317,YERBA MATE BAJO POLVO MANANITA 4FLEX X 1 KG,4929.0,,,,,,,
2026-08-10,sepa,Express,yerba-mananita,7790387015324,YERBA MATE BAJO POLVO MANANITA 4FLEX X 500 GRS,2566.67,2570.0,,,,,Promo A valida desde el 04/08/2026 hasta 10/08/2026,
2026-08-10,sepa,Express,atun-lomitos-natural,7790580131364,ATUN AL NATURAL LOMITOS LA CAMPAGNOLA X 170 GRS,6469.0,,,,,,,
2026-08-10,sepa,Express,ricotta,7790742102805,RICOTTA ENTERA B SODIO GARCIA SACHET X 500 GRS,4840.0,,,,,,,
2026-08-10,sepa,Express,ricotta,7790742114204,RICOTTA SEMIGRASA BAJO SODIO GARCIA X 500 GRS,4899.0,,,,,,,
2026-08-10,sepa,Express,leche-protein,7790742358608,LECHE UAT DESC S LACT PROTEIN LA SERENISIMA BOTX1L,3089.0,,,,,,,
2026-08-10,sepa,Express,queso-crema-light,7790742373304,QUESO FUNDIDO FINLANDIA LIGHT POTE 290 GRS,5640.0,,,,,,,
2026-08-10,sepa,Express,gaseosa-cola-zero,7790895067532,GASEOSA COLA ZERO COCA COLA PET X 500 CC,1959.0,,,,,,,
2026-08-10,sepa,Express,gaseosa-cola-zero,7790895067556,GASEOSA COLA SIN AZUCAR COCA COLA PET X 1.5LT,3799.0,,,,,,,
2026-08-10,sepa,Express,gaseosa-cola-zero,7790895067570,GASEOSA COLA ZERO COCA COLA PET X 2.25 LT,5300.0,,,,,,,
2026-08-10,sepa,Express,gaseosa-cola-zero,7790895067587,GASEOSA COLA SIN AZUCAR COCA COLA LATA X 354 CC,2525.0,,,,,,,
2026-08-10,sepa,Express,detergente,7790990003022,DETERGENTE ULTRA LIMON MAGISTRAL BOT X 300 CC,2669.0,,,,,,,
2026-08-10,sepa,Express,detergente,7790990003039,DETERGENTE ULTRA LIMON MAGISTRAL BOT X 500 CC,4315.0,,,,,,,
2026-08-10,sepa,Express,detergente,7790990003046,DETERGENTE ULTRA LIMON MAGISTRAL BOT X 750 CC,7779.0,,,,,,,
2026-08-10,sepa,Express,detergente,7790990003787,DETERGENTE ULTRA LIMON MAGISTRAL DP X 450 CC,4445.0,,,,,,,
2026-08-10,sepa,Express,lavandina,7791290793804,LIMPIADOR EN GEL C LAVANDINA CIF X 513G,3760.0,,,,,,,
2026-08-10,sepa,Express,detergente,7791290794054,DETERGENTE BIOACTIVE LIMON CIF X 300 CC,2710.0,,,,,,,
2026-08-10,sepa,Express,detergente,7791290794061,DETERGENTE BIOACTIVE LIMON CIF X 500 CC,4005.0,,,,,,,
2026-08-10,sepa,Express,detergente,7791290794085,DETERGENTE BIOACTIVE LIMON CIF REPUESTO X 450 CC,3965.0,,,,,,,
2026-08-10,sepa,Express,detergente,7791290794115,DETERGENTE BIOACTIVE LIMA CIF X 500 CC,4005.0,,,,,,,
2026-08-10,sepa,Express,detergente,7791290796706,DETERGENTE ACTIVE GEL ORIG CIF BOT X 500 CC,5615.0,,,,,,,
2026-08-10,sepa,Express,detergente,7791290796720,DETERGENTE ACTIVE GEL ORIG CIF DP X 400 CC,4409.0,,,,,,,
2026-08-10,sepa,Express,yogur-natural-sin-azucar,7791337007208,YOGUR NATURAL S LACTOSA SER POTE X 300 GR,5059.0,,,,,,,
2026-08-10,sepa,Express,queso-crema-light,7791337009851,QUESO CREMA LIGHT LA SERENISIMA POTE X 460 GRS,6229.0,,,,,,,
2026-08-10,sepa,Express,rollo-cocina,7791720002605,ROLLO DE COCINA CARREFOUR ESSENTIAL 3 X 40 PANOS,2350.0,,,,,,,
2026-08-10,sepa,Express,rollo-cocina,7791720025543,ROLLO DE COCINA MAXI BLANCO CARREFOUR X 200 PANOS,2850.0,,,,,,,
2026-08-10,sepa,Express,yogur-natural-sin-azucar,7791720048122,YOGUR NATURAL CARREFOUR EXTRA FRASCO X 200 GR,2750.0,,,,,,,
2026-08-10,sepa,Express,yogur-natural-sin-azucar,7791720048139,YOGUR NATURAL CARREFOUR CLASSIC POTE 300 X GR,3090.0,,,,,,,
2026-08-10,sepa,Express,gaseosa-cola-zero,7791813828365,GASEOSA COLA BLACK PEPSI N PET X 500 CC.,2159.0,,,,,,,
2026-08-10,sepa,Express,gaseosa-cola-zero,7791813828419,GASEOSA COLA BLACK PEPSI NF PET X 1.5 LT,4120.0,,,,,,,
2026-08-10,sepa,Express,gaseosa-cola-zero,7791813828464,GASEOSA COLA BLACK PEPSI N PET X 2 LT,4689.0,,,,,,,
2026-08-10,sepa,Express,rollo-cocina,7791828900377,ROLLO DE COCINA MAXIROLLO FELPITA X 200 PANOS,3165.0,,,,,,,
2026-08-10,sepa,Express,lavandina,7791905000020,LAVANDINA CONCENTRADA QUERUBIN X 1 LT,1670.0,,,,,,,
2026-08-10,sepa,Express,lavandina,7791905023203,LAVANDINA ORIGINAL ODEX X 1 LT,1335.0,,,,,,,
2026-08-10,sepa,Express,lavandina,7791905023210,LAVANDINA ORIGINAL ODEX X 2 LT,2535.0,,,,,,,
2026-08-10,sepa,Express,lavandina,7793253003715,LAVANDINA MULTISUP LAVANDA TRIPLE PODER AYUDIN X1L,1989.0,,,,,,,
2026-08-10,sepa,Express,lavandina,7793253003722,LAVANDINA MULTISUP LAVANDA TRIPLE PODER AYUDIN X2L,3750.0,,,,,,,
2026-08-10,sepa,Express,lavandina,7793253003746,LAVANDINA MULTI PU GLACIAR TRIPLE PODER AYUDIN X1L,1989.0,,,,,,,
2026-08-10,sepa,Express,lavandina,7793253003777,LAVANDINA ANTISPLASH TRADICIONAL AYUDIN X 1 LT,2309.0,,,,,,,
2026-08-10,sepa,Express,lavandina,7793253003791,LAVANDINA EN GEL ORIGINAL AYUDIN BOTELLA X 700 CC,3699.0,,,,,,,
2026-08-10,sepa,Express,lavandina,7793253003807,LAVANDINA EN GEL CITRUS AYUDIN BOTELLA X 700 CC,3699.0,,,,,,,
2026-08-10,sepa,Express,lavandina,7793253003838,LAVANDINA EN GEL LAVANDA AYUDIN X 700 CC,3699.0,,,,,,,
2026-08-10,sepa,Express,lavandina,7793253006709,LAVANDINA ORIGINAL DESINFECTANTE AYUDIN X 2 LT,3039.0,,,,,,,
2026-08-10,sepa,Express,papel-higienico-doble-hoja,7793344000517,PAPEL HIGIENICO D HOJA ELEGANTE 4 X 30 MT,3965.0,,,,,,,
2026-08-10,sepa,Express,rollo-cocina,7793344009206,ROLLO DE COCINA GIGANTE ELEGANTE X 200 PANOS,3189.0,,,,,,,
2026-08-10,sepa,Express,vinagre-alcohol,7798033332641,VINAGRE DE ALCOHOL CARREFOUR PET X 1 LT,1550.0,,,,,,,
2026-08-10,sepa,Express,atun-lomitos-natural,7798033333907,ATUN AL NATURAL LOMITOS CARREFOUR LATA X 170 GRS.,3490.0,,,,,,,
2026-08-10,sepa,Express,atun-lomitos-natural,7798108349161,ATUN AL NATURAL LOMITOS CARREFOUR LATA X 354 GRS,6450.0,,,,,,,
2026-08-10,sepa,Express,atun-lomitos-natural,7798152222151,ATUN AL NATURAL LOMITOS CARREFOUR 3 X 80 GRS,6150.0,,,,,,,
2026-08-10,sepa,Express,papel-higienico-doble-hoja,7798159717520,PAPEL HIGIENICO D HOJA DECO CARREFOUR 4 X 50 MTS,6090.0,,,,,,,
2026-08-10,sepa,Express,papel-higienico-doble-hoja,7798159718961,PAPEL HIGIENICO D HOJA CARREFOUR 4 X 30 MTS,3450.0,,,,,,,
2026-08-10,sepa,Express,ricotta,7798179070018,RICOTA G SILVIA X 500 GRS,3479.0,,,,,,,
2026-08-10,sepa,Express,leche-protein,7798338291803,LECHE C PROTEINA VIDA ACTIVA LAS TRES NINAS X 1LT,2950.0,,,,,,,
2026-08-10,sepa,Express,cafe-instantaneo,8445291311510,CAFE INSTANTANEO TRADICION NESCAFE X 100 GRS,9219.0,,,,,,,
2026-08-10,sepa,Express,cafe-instantaneo,8445291311558,CAFE INSTANTANEO SUAVE DOLCA DP X 100 GRS,6149.0,,,,,,,
2026-08-10,sepa,Express,capsulas-nespresso-starbucks,8445291363656,CAPSULAS CAFE HOUSE BLEND STARBUCKS X 10 UNI,17105.0,,,,,,,
2026-08-10,sepa,Express,cafe-instantaneo,8445291738775,CAFE INSTANTANEO GOLD NESCAFE FRASCO X 95 GRS,21350.0,,,,,,,
2026-08-10,sepa,HiperChangomas,desodorante-barra-hombre,33200197447,AYH DEO MASC ULTRAMX,14739.0,,,,,,,
2026-08-10,sepa,HiperChangomas,desodorante-barra-hombre,75083694,AXE STI BLUE LAVEND,8349.0,,,,,,,
2026-08-10,sepa,HiperChangomas,desodorante-barra-hombre,75083700,AXE STI AQUA CITRUS,8349.0,,,,,,,
2026-08-10,sepa,HiperChangomas,cafe-instantaneo,7613035379213,NESCAFE DESCAFEINADO,17239.0,,,,,,,
2026-08-10,sepa,HiperChangomas,cafe-instantaneo,7613036312752,NESCAFE PURO ESPRESS,23949.0,,,,,,,
2026-08-10,sepa,HiperChangomas,capsulas-nespresso-starbucks,7613036961448,STARB NESP COLMB 10U,17059.0,,,,,,,
2026-08-10,sepa,HiperChangomas,suprema-pollo,7790070036063,GDS SUPREMAS 360GR,10239.0,,,,,,,
2026-08-10,sepa,HiperChangomas,vinagre-alcohol,7790130000034,MENOYO VINAGRE ALCOH,1349.0,,,,,,,
2026-08-10,sepa,HiperChangomas,vinagre-alcohol,7790130000058,MENOYO VINAGRE DE ALCOHOL 1L,1689.0,,,,,,,
2026-08-10,sepa,HiperChangomas,lavandina,7790132098459,AYUDIN LAVANDINA ORIGINAL 1L,1479.0,,,,,,,
2026-08-10,sepa,HiperChangomas,vinagre-alcohol,7790139000424,CASALTA VINAGRE DE ALCOHOL 1.3L,2189.0,,,,,,,
2026-08-10,sepa,HiperChangomas,vinagre-alcohol,7790139003166,CASALTA VINAGRE DE A,1309.0,,,,,,,
2026-08-10,sepa,HiperChangomas,vinagre-alcohol,7790139101138,FAVINCO VINAGRE DE A,1669.0,,,,,,,
2026-08-10,sepa,HiperChangomas,queso-crema-light,7790244941605,BLANCREM DIETE 290GR,3719.0,,,,,,,
2026-08-10,sepa,HiperChangomas,queso-crema-light,7790244941612,BLANCREM DIETE 480GR,5589.0,,,,,,,
2026-08-10,sepa,HiperChangomas,papel-higienico-doble-hoja,7790250015536,HIGIENOL PAPEL HIGENICO PLUS DOBLE HOJA 30M 4U,3549.0,,,,,,,
2026-08-10,sepa,HiperChangomas,rollo-cocina,7790250056881,SUSSEX ROLLO DE COCINA CLASICO DOBLE HOJA 50 PANOS 3U,2829.0,,,,,,,
2026-08-10,sepa,HiperChangomas,rollo-cocina,7790250056898,SUSSEX PREM 3X60 PAN,4799.0,,,,,,,
2026-08-10,sepa,HiperChangomas,rollo-cocina,7790250057086,SUSSEX ROLLO DE COCINA HOJA SIMPLE 200 PANOS 1U,3319.0,,,,,,,
2026-08-10,sepa,HiperChangomas,papel-higienico-doble-hoja,7790250913368,HIGIENOL PH DH YAPA,9239.0,,,,,,,
2026-08-10,sepa,HiperChangomas,yerba-mananita,7790387015317,MANANITA YERBA MATE 1KG,5519.0,,,,,,,
2026-08-10,sepa,HiperChangomas,cafe-instantaneo,7790550029431,LPC INS FR CLAS 170G,13299.0,,,,,,,
2026-08-10,sepa,HiperChangomas,atun-lomitos-natural,7790580131364,LA CAMPAGNOLA ATUN LOMITO 170G,6029.0,,,,,,,
2026-08-10,sepa,HiperChangomas,vinagre-alcohol,7790673000188,FAVINCO VINA ALCO 5L,7799.0,,,,,,,
2026-08-10,sepa,HiperChangomas,ricotta,7790742102805,RICOTTA GARCIA BAJA EN SODIO X 500 G,4759.0,,,,,,,
2026-08-10,sepa,HiperChangomas,ricotta,7790742114204,GARCIA RICOTA SEMIGRASA BAJA EN SODIO 500G,4759.0,,,,,,,
2026-08-10,sepa,HiperChangomas,leche-protein,7790742358608,LA SERENISIMA LECHE PROTEIN 1L,2999.0,,,,,,,
2026-08-10,sepa,HiperChangomas,queso-crema-light,7790742373304,FINLANDIA QUESO UNTABLE LIGHT 290G,5479.0,,,,,,,
2026-08-10,sepa,HiperChangomas,yogur-natural-sin-azucar,7790787960934,ILOLAY YOG NAT 350GR,3549.0,,,,,,,
2026-08-10,sepa,HiperChangomas,gaseosa-cola-zero,7790895067570,COCA COLA GASEOSA ZERO 2.25L,5279.0,,,,,,,
2026-08-10,sepa,HiperChangomas,gaseosa-cola-zero,7790895067587,COCA COLA GASEOSA ZERO 354ML,2359.0,,,,,,,
2026-08-10,sepa,HiperChangomas,detergente,7790990003022,MAGISTRAL DETERGENTE ULTRA LIMON 300ML,2999.0,,,,,,,
2026-08-10,sepa,HiperChangomas,detergente,7790990003039,MAGISTRAL DETERGENTE ULTRA LIMON 500ML,4849.0,,,,,,,
2026-08-10,sepa,HiperChangomas,detergente,7790990003046,MAGISTRAL LIMON,7259.0,,,,,,,
2026-08-10,sepa,HiperChangomas,detergente,7790990003121,MAGISTRAL MARINA,2999.0,,,,,,,
2026-08-10,sepa,HiperChangomas,detergente,7790990003138,MAGISTRAL MARINA,4849.0,,,,,,,
2026-08-10,sepa,HiperChangomas,detergente,7790990003145,MAGISTRAL MARINA,7259.0,,,,,,,
2026-08-10,sepa,HiperChangomas,detergente,7790990003381,MAGISTRAL DETERGENTE PLATINUM LIMON 500ML,5969.0,,,,,,,
2026-08-10,sepa,HiperChangomas,detergente,7790990003404,MAGISTRAL LIMON,3349.0,,,,,,,
2026-08-10,sepa,HiperChangomas,detergente,7790990003411,MAGISTRAL DETERGENTE ULTRA LIMON CREMOSO 500ML,4849.0,,,,,,,
2026-08-10,sepa,HiperChangomas,detergente,7790990003787,MAGISTRAL DETERGENTE ULTRA LIMON 450ML,4149.0,,,,,,,
2026-08-10,sepa,HiperChangomas,detergente,7791290794054,CIF BIOACTIVE,2609.0,,,,,,,
2026-08-10,sepa,HiperChangomas,detergente,7791290794061,CIF DETERGENTE BIOACTIVE LIMON 500ML,4219.0,,,,,,,
2026-08-10,sepa,HiperChangomas,detergente,7791290794108,CIF LAVAVAJILL LIMA,2609.0,,,,,,,
2026-08-10,sepa,HiperChangomas,detergente,7791290794115,CIF DETERGENTE BIOACTIVE LIMA 500ML,4219.0,,,,,,,
2026-08-10,sepa,HiperChangomas,detergente,7791290796706,CIF ACTIVE GEL,5269.0,,,,,,,
2026-08-10,sepa,HiperChangomas,detergente,7791290796713,CIF ACTIVE GEL,7909.0,,,,,,,
2026-08-10,sepa,HiperChangomas,detergente,7791290796720,CIF ACTIVE GEL,4119.0,,,,,,,
2026-08-10,sepa,HiperChangomas,detergente,7791290796737,CIF ACTIVE GEL,5269.0,,,,,,,
2026-08-10,sepa,HiperChangomas,detergente,7791290796744,CIF ACTIVE GEL,7909.0,,,,,,,
2026-08-10,sepa,HiperChangomas,detergente,7791290796751,CIF ACTIVE GEL,4119.0,,,,,,,
2026-08-10,sepa,HiperChangomas,yogur-natural-sin-azucar,7791337007208,SER NATU CON AZU300G,4915.0,,,,,,,
2026-08-10,sepa,HiperChangomas,queso-crema-light,7791337009851,LSC QSO CREMA LIGHT,6045.0,,,,,,,
2026-08-10,sepa,HiperChangomas,yogur-natural-sin-azucar,7791337010932,YYS FIRM ENT NAT180G,2959.0,,,,,,,
2026-08-10,sepa,HiperChangomas,rollo-cocina,7791828900025,FELPIT DISNEY RC3X40,2369.0,,,,,,,
2026-08-10,sepa,HiperChangomas,papel-higienico-doble-hoja,7791828900049,FELPITA PAPEL HIGIENICO DOBLE HOJA 30M 4U,4269.0,,,,,,,
2026-08-10,sepa,HiperChangomas,rollo-cocina,7791828900377,FELPITA MAXI ROLLO DE COCINA DOBLE HOJA 200 PANOS 1U,3069.0,,,,,,,
2026-08-10,sepa,HiperChangomas,papel-higienico-doble-hoja,7791828900520,FELPITA PH12x30DH,12719.0,,,,,,,
2026-08-10,sepa,HiperChangomas,rollo-cocina,7791828900537,FELPITA ROLLO DE COCINA 60 PANOS 3U,2539.0,,,,,,,
2026-08-10,sepa,HiperChangomas,rollo-cocina,7791828900599,FELPITA RC 150 MAXI,2949.0,,,,,,,
2026-08-10,sepa,HiperChangomas,lavandina,7791905000020,QUERUBIN CONCENTRADA,1559.0,,,,,,,
2026-08-10,sepa,HiperChangomas,lavandina,7791905000037,QUERUBIN CONCENTRADA,2999.0,,,,,,,
2026-08-10,sepa,HiperChangomas,lavandina,7791905000372,QUERUBIN CONCENTRADA,5789.0,,,,,,,
2026-08-10,sepa,HiperChangomas,lavandina,7791905023203,ODEX LAVANDINA 1L,1259.0,,,,,,,
2026-08-10,sepa,HiperChangomas,lavandina,7793253003715,AYUDIN LAVANDINA TRIPLE PODER LAVANDA 1L,1819.0,,,,,,,
2026-08-10,sepa,HiperChangomas,lavandina,7793253003722,AYUDIN TRIPLE PODER,3469.0,,,,,,,
2026-08-10,sepa,HiperChangomas,lavandina,7793253003739,AYUDIN TRIPLE PODER,6919.0,,,,,,,
2026-08-10,sepa,HiperChangomas,lavandina,7793253003746,AYUDIN TRIPLE PODER,1819.0,,,,,,,
2026-08-10,sepa,HiperChangomas,lavandina,7793253003753,AYUDIN TRIPLE PODER,3469.0,,,,,,,
2026-08-10,sepa,HiperChangomas,lavandina,7793253003760,AYUDIN TRIPLE PODER,6919.0,,,,,,,
2026-08-10,sepa,HiperChangomas,lavandina,7793253003777,AYUDIN ANTI SPLASH T,2139.0,,,,,,,
2026-08-10,sepa,HiperChangomas,lavandina,7793253003784,AYUDIN ANTI SPLASH T,4149.0,,,,,,,
2026-08-10,sepa,HiperChangomas,lavandina,7793253003791,AYUDIN LAVANDINA EN GEL ORIGINAL 700ML,3419.0,,,,,,,
2026-08-10,sepa,HiperChangomas,lavandina,7793253003807,AYUDIN LAVANDINA EN GEL PUREZA CITRICA 700ML,3419.0,,,,,,,
2026-08-10,sepa,HiperChangomas,lavandina,7793253003814,AYUDIN LAVANDINA GEL,3419.0,,,,,,,
2026-08-10,sepa,HiperChangomas,lavandina,7793253003821,AYUDIN LAVANDINA EN,3419.0,,,,,,,
2026-08-10,sepa,HiperChangomas,lavandina,7793253003838,AYUDIN LAVANDINA EN,3419.0,,,,,,,
2026-08-10,sepa,HiperChangomas,lavandina,7793253003869,AYUDIN LAVAN ORIGINA,7179.0,,,,,,,
2026-08-10,sepa,HiperChangomas,lavandina,7793253003876,AYUDIN LAVANDINA GEL,7179.0,,,,,,,
2026-08-10,sepa,HiperChangomas,lavandina,7793253005856,AYUDIN LAVAN ORIGINA,2899.0,,,,,,,
2026-08-10,sepa,HiperChangomas,lavandina,7793253005863,AYUDIN LAVANDINA GEL,2869.0,,,,,,,
2026-08-10,sepa,HiperChangomas,lavandina,7793253006709,AYUDIN LAVANDINA ORIGINAL 2L,2809.0,,,,,,,
2026-08-10,sepa,HiperChangomas,lavandina,7793253006716,AYUDIN LAVAN ORIGINA,5619.0,,,,,,,
2026-08-10,sepa,HiperChangomas,lavandina,7793253007263,AYUDIN ANTI SPLASH E,7949.0,,,,,,,
2026-08-10,sepa,HiperChangomas,rollo-cocina,7793344009206,ELEGANTE ROLLO DE COCINA 200 PANOS,2829.0,,,,,,,
2026-08-10,sepa,HiperChangomas,rollo-cocina,7793344009305,ELEGANTE RC 3X100P,5109.0,,,,,,,
2026-08-10,sepa,HiperChangomas,rollo-cocina,7793344904013,ELEGANTE ROLLO DE COCINA 3X50 HOJAS,2839.0,,,,,,,
2026-08-10,sepa,HiperChangomas,yogur-natural-sin-azucar,7793913002423,TREG ENT BAT NAT140G,2019.0,,,,,,,
2026-08-10,sepa,HiperChangomas,queso-crema-light,7793913013214,TREG QSO CREMA LIGHT,3059.0,,,,,,,
2026-08-10,sepa,HiperChangomas,queso-crema-light,7793913013412,TREGA QSO CREMA DESC,4019.0,,,,,,,
2026-08-10,sepa,HiperChangomas,queso-crema-light,7793913013641,CHATEL QSO DESCR180G,2969.0,,,,,,,
2026-08-10,sepa,HiperChangomas,ricotta,7793913013665,TREG RICOT ENTER290G,3639.0,,,,,,,
2026-08-10,sepa,HiperChangomas,ricotta,7793913013672,TREG RICOT LIGHT290G,3639.0,,,,,,,
2026-08-10,sepa,HiperChangomas,queso-crema-light,7794820015018,MILKAU QSO LIGHT190G,3519.0,,,,,,,
2026-08-10,sepa,HiperChangomas,queso-crema-light,7794820903094,CREMATTO BALANCE285G,5079.0,,,,,,,
2026-08-10,sepa,HiperChangomas,yogur-natural-sin-azucar,7794820903612,MILKAUT YOGUR ENTERO NATURAL CREMOSO 300G,3879.0,,,,,,,
2026-08-10,sepa,HiperChangomas,yogur-natural-sin-azucar,7794820903711,MILK YOG NAT BALANCE,3719.0,,,,,,,
2026-08-10,sepa,HiperChangomas,queso-crema-light,7794990879663,LA PAULINA QUESO CREMA LIGHT 290G,3429.0,,,,,,,
2026-08-10,sepa,HiperChangomas,queso-crema-light,7798060854352,PATAGON QSO REDU180G,2979.0,,,,,,,
2026-08-10,sepa,HiperChangomas,lavandina,7798131250380,HEROE LAVANDINA,1069.0,,,,,,,
2026-08-10,sepa,HiperChangomas,lavandina,7798131250397,HEROE LAVANDINA,2089.0,,,,,,,
2026-08-10,sepa,HiperChangomas,yogur-natural-sin-azucar,7798136870545,DAHI YOGUR FIRME NATURAL SIN AZUCAR 190G,2619.0,,,,,,,
2026-08-10,sepa,HiperChangomas,yogur-natural-sin-azucar,7798136870743,DAHI PROBIO NAT 190G,3159.0,,,,,,,
2026-08-10,sepa,HiperChangomas,yogur-natural-sin-azucar,7798136870859,DAHI YOGUR GRIEGO NATURAL 190G,3159.0,,,,,,,
2026-08-10,sepa,HiperChangomas,ricotta,7798179070018,SILVIA RICOTTA 500GR,3159.0,,,,,,,
2026-08-10,sepa,HiperChangomas,cafe-instantaneo,7798196990016,SEGA CAF INS PR 100G,18959.0,,,,,,,
2026-08-10,sepa,HiperChangomas,cafe-instantaneo,7798196990047,SEGA LIOFIL FRASCO,20479.0,,,,,,,
2026-08-10,sepa,HiperChangomas,queso-crema-light,7798312320567,CLARA QSO BLANCO LIG,2999.0,,,,,,,
2026-08-10,sepa,HiperChangomas,leche-protein,7798338291803,LAS TRES NINAS LECHE DESCREMADA CON PROTEINA 1L,2759.0,,,,,,,
2026-08-10,sepa,HiperChangomas,cafe-instantaneo,7891000426937,NESCAFE ICE 100G,10389.0,,,,,,,
2026-08-10,sepa,HiperChangomas,capsulas-nespresso-starbucks,8445290154125,STARBUCKS CAFE EN CAPSULAS NESPRESSO CARAMEL 10U,17059.0,,,,,,,
2026-08-10,sepa,HiperChangomas,capsulas-nespresso-starbucks,8445290814425,SBUX BLND ESPRS DECA,17059.0,,,,,,,
2026-08-10,sepa,HiperChangomas,cafe-instantaneo,8445291311510,NESCAFE NESTLE CAFE INSTANTANEO TRADICION 100G,9109.0,,,,,,,
2026-08-10,sepa,HiperChangomas,cafe-instantaneo,8445291738775,NESCAFE CAFE INSTANTANEO GOLD SIGNATURE 95G,21089.0,,,,,,,
2026-08-10,sepa,HiperChangomas,capsulas-nespresso-starbucks,8445291786721,SBUX CHOC HAZEL 51GR,17059.0,,,,,,,
2026-08-10,sepa,Hipermercado Carrefour,desodorante-barra-hombre,33200197447,ANTITRANS ULTRAMAX SPORT ARM HAMMER STICK X73GRS,12086.15,14219.0,,,,,Promo A valida desde el 06/08/2026 hasta 12/08/2026,
2026-08-10,sepa,Hipermercado Carrefour,desodorante-barra-hombre,7500435213882,ANTITRANSP BARRA COCONUT SECRET X 45 GRM,12800.0,,,,,,,
2026-08-10,sepa,Hipermercado Carrefour,desodorante-barra-hombre,7501001163983,ANTITRANSPIRANTE BARRA FRESH OLD SPICE X 50 GRS,9949.0,,,,,,,
2026-08-10,sepa,Hipermercado Carrefour,desodorante-barra-hombre,75083694,DESODORANTE STICK BLUE LAVENDER AXE X 58 GRM,8709.0,,,,,,,
2026-08-10,sepa,Hipermercado Carrefour,desodorante-barra-hombre,75083700,DESODORANTE STICK AQUA CITRUS AXE X 58 GRM,8709.0,,,,,,,
2026-08-10,sepa,Hipermercado Carrefour,cafe-instantaneo,7613035379213,CAFE DESCAFEINADO INSTANTANEO NESCAFE X 100 GRS,16535.0,,,,,,,
2026-08-10,sepa,Hipermercado Carrefour,cafe-instantaneo,7613036312752,CAFE INSTANTANEO EXPRESSO GOLD NESCAFE X 100 GRS,24475.0,,,,,,,
2026-08-10,sepa,Hipermercado Carrefour,capsulas-nespresso-starbucks,7613036961004,CAPSULAS CAFE BLOND ESPRESSO STARBUCKS X 10 UNI,17765.0,,,,,,,
2026-08-10,sepa,Hipermercado Carrefour,capsulas-nespresso-starbucks,7613036961448,CAPSULA CAFE NESPRESSO STARBUCKS COLOMBIA X 57 GRS,19200.0,,,,,,,
2026-08-10,sepa,Hipermercado Carrefour,suprema-pollo,7790070036063,SUPREMAS DE POLLO GRANJA DEL SOL BOLSA X 360 GRS,10665.0,,,,,,,
2026-08-10,sepa,Hipermercado Carrefour,vinagre-alcohol,7790130000034,VINAGRE DE ALCOHOL MENOYO PET X 500 CC,1379.0,,,,,,,
2026-08-10,sepa,Hipermercado Carrefour,vinagre-alcohol,7790130000058,VINAGRE DE ALCOHOL MENOYO PET X 1 LT,1750.0,,,,,,,
2026-08-10,sepa,Hipermercado Carrefour,vinagre-alcohol,7790130000102,VINAGRE DE ALCOHOL MENOYO BIDON X 5 LT,9830.0,,,,,,,
2026-08-10,sepa,Hipermercado Carrefour,vinagre-alcohol,7790130000263,VINAGRE DE ALCOHOL ALCAZAR PET 500 CC,1119.0,,,,,,,
2026-08-10,sepa,Hipermercado Carrefour,vinagre-alcohol,7790130000294,VINAGRE DE ALCOHOL ALCAZAR PET X 1 LT,1319.0,,,,,,,
2026-08-10,sepa,Hipermercado Carrefour,vinagre-alcohol,7790130000645,VINAGRE DE ALCOHOL MENOYO PET X 250 CC,1145.0,,,,,,,
2026-08-10,sepa,Hipermercado Carrefour,lavandina,7790132098459,LAVANDINA ORIGINAL AYUDIN X 1 LT,1279.0,,,,,,,
2026-08-10,sepa,Hipermercado Carrefour,vinagre-alcohol,7790139003166,VINAGRE DE ALCOHOL CLASICO CASALTA PET X500 CC,1205.0,,,,,,,
2026-08-10,sepa,Hipermercado Carrefour,vinagre-alcohol,7790139101138,VINAGRE DE ALCOHOL FAVINCO PET X 1 LT,1589.0,,,,,,,
2026-08-10,sepa,Hipermercado Carrefour,cafe-instantaneo,7790150100462,INSTANTANEO CLASICO ESP INST LA VIRGINIA DP 170GR,8039.0,,,,,,,
2026-08-10,sepa,Hipermercado Carrefour,cafe-instantaneo,7790150100486,CAFE INSTANTANEO ESP INST CLAS LA VIRGINIA X 170GR,8089.0,,,,,,,
2026-08-10,sepa,Hipermercado Carrefour,cafe-instantaneo,7790150100783,CAFE INSTANTANEO ESP INST CLAS LA VIRGINIA X 100GR,5859.0,,,,,,,
2026-08-10,sepa,Hipermercado Carrefour,cafe-instantaneo,7790150100806,CAFE INSTANTANEO CLASICO LA VIRGINA DP X 100 GRS,5150.0,,,,,,,
2026-08-10,sepa,Hipermercado Carrefour,cafe-instantaneo,7790150101476,CAFE INSTANTANEO SUAVE LA VIRGINA DOYPACK X 170GRS,8050.0,,,,,,,
2026-08-10,sepa,Hipermercado Carrefour,cafe-instantaneo,7790150101490,CAFE INSTANTANEO SUAVE LA VIRGINIA FRASCO X 170 GR,9215.0,,,,,,,
2026-08-10,sepa,Hipermercado Carrefour,cafe-instantaneo,7790150101773,CAFE INSTANTANEO SUAVE LA VIRGINIA FRASCO X 100GRS,5859.0,,,,,,,
2026-08-10,sepa,Hipermercado Carrefour,cafe-instantaneo,7790150101780,CAFE INSTANTANEO SUAVE LA VIRGINA DP X 100 GRS,5139.0,,,,,,,
2026-08-10,sepa,Hipermercado Carrefour,cafe-instantaneo,7790150150573,CAFE INSTANTANEO TOSTADO LA VIRGINIA FRASCO 100GR,8259.0,,,,,,,
2026-08-10,sepa,Hipermercado Carrefour,cafe-instantaneo,7790170904798,CAFE INSTANTANEO LA MORENITA FRASCO X 100 GRS,6350.0,,,,,,,
2026-08-10,sepa,Hipermercado Carrefour,queso-crema-light,7790244941605,QUESO CREMA LIGTH SAN IGNACIO POTE X 290 GR,3203.65,3769.0,,,,,Promo A valida desde el 06/08/2026 hasta 12/08/2026,
2026-08-10,sepa,Hipermercado Carrefour,queso-crema-light,7790244941612,QUESO CREMA LIGHT SAN IGNACIO POTE X480 GRS,4818.65,5669.0,,,,,Promo A valida desde el 06/08/2026 hasta 12/08/2026,
2026-08-10,sepa,Hipermercado Carrefour,papel-higienico-doble-hoja,7790250015536,PAPEL HIGIENICO D HOJA PLUS HIGIENOL 4 X 30 MTS,3435.0,,,,,,,
2026-08-10,sepa,Hipermercado Carrefour,papel-higienico-doble-hoja,7790250015567,PAPEL HIGIENICO DOBLE HOJA PLUS HIGIENOL 4 X 20 MT,3149.0,,,,,,,
2026-08-10,sepa,Hipermercado Carrefour,papel-higienico-doble-hoja,7790250019411,PAPEL HIGIENICO DH PLUS HIGIENOL 30M X 18,15510.0,,,,,,,
2026-08-10,sepa,Hipermercado Carrefour,papel-higienico-doble-hoja,7790250026075,PAPEL HIGIENICO D H ULTRA SUAVE ELITE 4 X 30 MTS,4399.0,,,,,,,
2026-08-10,sepa,Hipermercado Carrefour,papel-higienico-doble-hoja,7790250026082,PAPEL HIGIENICO ULTRA SOFT D HOJA ELITE 4 X 50 MTS,10349.0,,,,,,,
2026-08-10,sepa,Hipermercado Carrefour,rollo-cocina,7790250056881,ROLLO DE COCINA CLASICO SUSSEX 3 X 50 PAN,2920.0,2929.0,,,,,Promo A valida desde el 04/08/2026 hasta 10/08/2026,
2026-08-10,sepa,Hipermercado Carrefour,rollo-cocina,7790250056898,ROLLO DE COCINA ULTRA SUSSEX 60P X 3 UNI,4980.0,,,,,,,
2026-08-10,sepa,Hipermercado Carrefour,rollo-cocina,7790250056980,ROLLO DE COCINA MAXI SUSSEX 3 X 100 PAN,7489.0,,,,,,,
2026-08-10,sepa,Hipermercado Carrefour,rollo-cocina,7790250057086,ROLLO COCINA CLASICO MEGA SUSSEX X 200 PANOS,3350.0,,,,,,,
2026-08-10,sepa,Hipermercado Carrefour,papel-higienico-doble-hoja,7790250092452,PAPEL HIGIENICO DOBLE HOJA NOBLE 4 X 30 M,3669.0,,,,,,,
2026-08-10,sepa,Hipermercado Carrefour,papel-higienico-doble-hoja,7790250913368,PAPEL HIGIENICO DH CON YAPA HIGIENOL 50M X 4 UNI,9529.0,,,,,,,
2026-08-10,sepa,Hipermercado Carrefour,yerba-mananita,7790387015317,YERBA MATE BAJO POLVO MANANITA 4FLEX X 1 KG,4749.0,,,,,,,
2026-08-10,sepa,Hipermercado Carrefour,yerba-mananita,7790387015324,YERBA MATE BAJO POLVO MANANITA 4FLEX X 500 GRS,2379.0,,,,,,,
2026-08-10,sepa,Hipermercado Carrefour,cafe-instantaneo,7790550029431,CAFE INSTANTANEO CLASICO LA PLANTA FRASCO X 170 GR,13709.0,,,,,,,
2026-08-10,sepa,Hipermercado Carrefour,atun-lomitos-natural,7790580131364,ATUN AL NATURAL LOMITOS LA CAMPAGNOLA X 170 GRS,5745.0,,,,,,,
2026-08-10,sepa,Hipermercado Carrefour,vinagre-alcohol,7790673000188,VINAGRE DE ALCOHOL FAVINCO BIDON X 5 LT,8129.0,,,,,,,
2026-08-10,sepa,Hipermercado Carrefour,ricotta,7790742102805,RICOTTA ENTERA B SODIO GARCIA SACHET X 500 GRS,4699.0,,,,,,,
2026-08-10,sepa,Hipermercado Carrefour,ricotta,7790742114204,RICOTTA SEMIGRASA BAJO SODIO GARCIA X 500 GRS,4755.0,,,,,,,
2026-08-10,sepa,Hipermercado Carrefour,leche-protein,7790742358608,LECHE UAT DESC S LACT PROTEIN LA SERENISIMA BOTX1L,2999.0,,,,,,,
2026-08-10,sepa,Hipermercado Carrefour,queso-crema-light,7790742373304,QUESO FUNDIDO FINLANDIA LIGHT POTE 290 GRS,5479.0,,,,,,,
2026-08-10,sepa,Hipermercado Carrefour,yogur-natural-sin-azucar,7790787960934,YOGUR CREMOSO SAB NATURAL ILOLAY POTE X 350 G,3144.15,3699.0,,,,,Promo A valida desde el 06/08/2026 hasta 12/08/2026,
2026-08-10,sepa,Hipermercado Carrefour,gaseosa-cola-zero,7790895067532,GASEOSA COLA ZERO COCA COLA PET X 500 CC,2450.0,,,,,,,
2026-08-10,sepa,Hipermercado Carrefour,gaseosa-cola-zero,7790895067556,GASEOSA COLA SIN AZUCAR COCA COLA PET X 1.5LT,3979.0,,,,,,,
2026-08-10,sepa,Hipermercado Carrefour,gaseosa-cola-zero,7790895067570,GASEOSA COLA ZERO COCA COLA PET X 2.25 LT,5300.0,,,,,,,
2026-08-10,sepa,Hipermercado Carrefour,gaseosa-cola-zero,7790895067587,GASEOSA COLA SIN AZUCAR COCA COLA LATA X 354 CC,2359.0,,,,,,,
2026-08-10,sepa,Hipermercado Carrefour,gaseosa-cola-zero,7790895640438,GASEOSA COLA SIN AZUCAR COCA COLA PET X 3 LT,6650.0,,,,,,,
2026-08-10,sepa,Hipermercado Carrefour,detergente,7790990003022,DETERGENTE ULTRA LIMON MAGISTRAL BOT X 300 CC,2459.0,,,,,,,
2026-08-10,sepa,Hipermercado Carrefour,detergente,7790990003039,DETERGENTE ULTRA LIMON MAGISTRAL BOT X 500 CC,4389.0,,,,,,,
2026-08-10,sepa,Hipermercado Carrefour,detergente,7790990003046,DETERGENTE ULTRA LIMON MAGISTRAL BOT X 750 CC,6035.0,,,,,,,
2026-08-10,sepa,Hipermercado Carrefour,detergente,7790990003053,DETERGENTE ULTRA LIMON MAGISTRAL BOT 1400ML,13990.0,,,,,,,
2026-08-10,sepa,Hipermercado Carrefour,detergente,7790990003121,DETERGENTE ULTRA MARINA MAGISTRAL BOT X 300 CC,2459.0,,,,,,,
2026-08-10,sepa,Hipermercado Carrefour,detergente,7790990003138,DETERGENTE ULTRA MARINA MAGISTRAL BOT X 500 CC,4559.0,,,,,,,
2026-08-10,sepa,Hipermercado Carrefour,detergente,7790990003145,DETERGENTE ULTRA MARINA MAGISTRAL BOT X 750 CC,6035.0,,,,,,,
2026-08-10,sepa,Hipermercado Carrefour,detergente,7790990003381,DETERGENTE LIMON MAGISTRAL PLATINUM X 500 CC,6159.0,,,,,,,
2026-08-10,sepa,Hipermercado Carrefour,detergente,7790990003404,DETERGENTE CREMOSO ULTRA LIMON BOT X 300 CC,3450.0,,,,,,,
2026-08-10,sepa,Hipermercado Carrefour,detergente,7790990003411,DETERGENTE CREM ULTRA LIMON MAGISTRAL BOT X 500CC,4559.0,,,,,,,
2026-08-10,sepa,Hipermercado Carrefour,detergente,7790990003787,DETERGENTE ULTRA LIMON MAGISTRAL DP X 450 CC,4039.0,,,,,,,
2026-08-10,sepa,Hipermercado Carrefour,rollo-cocina,7791070005806,ROLLO DE COCINA CELESTIAL 3 X 50 PANOS,3189.0,,,,,,,
2026-08-10,sepa,Hipermercado Carrefour,lavandina,7791290793781,LIMPIADOR CREMOSO C LAVANDINA CIF X 750G,4665.0,,,,,,,
2026-08-10,sepa,Hipermercado Carrefour,lavandina,7791290793804,LIMPIADOR EN GEL C LAVANDINA CIF X 513G,3669.0,,,,,,,
2026-08-10,sepa,Hipermercado Carrefour,detergente,7791290794054,DETERGENTE BIOACTIVE LIMON CIF X 300 CC,2329.0,,,,,,,
2026-08-10,sepa,Hipermercado Carrefour,detergente,7791290794061,DETERGENTE BIOACTIVE LIMON CIF X 500 CC,3729.0,,,,,,,
2026-08-10,sepa,Hipermercado Carrefour,detergente,7791290794078,DETERGENTE BIOACTIVE LIMON CIF X 750 CC,6590.0,,,,,,,
2026-08-10,sepa,Hipermercado Carrefour,detergente,7791290794085,DETERGENTE BIOACTIVE LIMON CIF REPUESTO X 450 CC,2855.0,,,,,,,
2026-08-10,sepa,Hipermercado Carrefour,detergente,7791290794092,DETERGENTE BIOACTIVE LIMA CIF RESPUESTO X 450 CC,2855.0,,,,,,,
2026-08-10,sepa,Hipermercado Carrefour,detergente,7791290794108,DETERGENTE BIOACTIVE LIMA CIF X 300 CC,2329.0,,,,,,,
2026-08-10,sepa,Hipermercado Carrefour,detergente,7791290794115,DETERGENTE BIOACTIVE LIMA CIF X 500 CC,3729.0,,,,,,,
2026-08-10,sepa,Hipermercado Carrefour,lavandina,7791290794955,LAVANDINA EN GEL ORIGINAL VIM X 700 CC,3500.0,,,,,,,
2026-08-10,sepa,Hipermercado Carrefour,detergente,7791290796706,DETERGENTE ACTIVE GEL ORIG CIF BOT X 500 CC,4850.0,,,,,,,
2026-08-10,sepa,Hipermercado Carrefour,detergente,7791290796720,DETERGENTE ACTIVE GEL ORIG CIF DP X 400 CC,4289.0,,,,,,,
2026-08-10,sepa,Hipermercado Carrefour,detergente,7791290796737,DETERGENTE ACTIVE GEL LIMON CIF BOT X 500 CC,4850.0,,,,,,,
2026-08-10,sepa,Hipermercado Carrefour,detergente,7791290796744,DETERGENTE ACTIVE GEL LIMON CIF BOT X 750 CC,8229.0,,,,,,,
2026-08-10,sepa,Hipermercado Carrefour,detergente,7791290796751,DETERGENTE ACTIVE GEL LIMON CIF DP X 400 CC,4289.0,,,,,,,
2026-08-10,sepa,Hipermercado Carrefour,yogur-natural-sin-azucar,7791337007208,YOGUR NATURAL S LACTOSA SER POTE X 300 GR,4915.0,,,,,,,
2026-08-10,sepa,Hipermercado Carrefour,queso-crema-light,7791337009851,QUESO CREMA LIGHT LA SERENISIMA POTE X 460 GRS,6045.0,,,,,,,
2026-08-10,sepa,Hipermercado Carrefour,yogur-natural-sin-azucar,7791337010932,YOGUR GRIEGO FIR NATURAL YOGURISIMO POTE X 180 GR,2950.0,,,,,,,
2026-08-10,sepa,Hipermercado Carrefour,rollo-cocina,7791720002605,ROLLO DE COCINA CARREFOUR ESSENTIAL 3 X 40 PANOS,2350.0,,,,,,,
2026-08-10,sepa,Hipermercado Carrefour,rollo-cocina,7791720025543,ROLLO DE COCINA MAXI BLANCO CARREFOUR X 200 PANOS,2490.0,2850.0,,,,,Promo A valida desde el 04/08/2026 hasta 10/08/2026,
2026-08-10,sepa,Hipermercado Carrefour,queso-crema-light,7791720028506,QUESO CREMA LIGHT CARREFOUR CLASSIC X 290 GRS,3190.0,,,,,,,
2026-08-10,sepa,Hipermercado Carrefour,papel-higienico-doble-hoja,7791720032930,PAPEL HIGIENICO DH CARREFOUR ESSENTIAL 4X30 MTS,2990.0,3450.0,,,,,Promo A valida desde el 04/08/2026 hasta 10/08/2026,
2026-08-10,sepa,Hipermercado Carrefour,cafe-instantaneo,7791720035481,CAFE INSTANTANEO SUAVE CRF CLASSIC FRASCO X 170 GR,10650.0,,,,,,,
2026-08-10,sepa,Hipermercado Carrefour,vinagre-alcohol,7791720035955,VINAGRE DE ALCOHOL BULNEZ 1 LT,1190.0,,,,,,,
2026-08-10,sepa,Hipermercado Carrefour,vinagre-alcohol,7791720035962,VINAGRE DE ALCOHOL BULNEZ BIDON 5000 CC,5790.0,,,,,,,
2026-08-10,sepa,Hipermercado Carrefour,rollo-cocina,7791720045541,ROLLOS DE COCINA CARREFOUR ESSENTIAL 3 X 100 PANOS,4650.0,,,,,,,
2026-08-10,sepa,Hipermercado Carrefour,papel-higienico-doble-hoja,7791720045558,PAPEL HIG DOBLE HOJA CARREFOUR ESSENTIAL 4 X50MTS,5550.0,,,,,,,
2026-08-10,sepa,Hipermercado Carrefour,ricotta,7791720046951,RICOTTA ENTERA BULNEZ X 500 GRM,2966.5,3490.0,,,,,Promo A valida desde el 06/08/2026 hasta 12/08/2026,
2026-08-10,sepa,Hipermercado Carrefour,rollo-cocina,7791720047446,ROLLO DE COCINA DOBLE HOJA BULNEZ X 200 PANOS,2350.0,,,,,,,
2026-08-10,sepa,Hipermercado Carrefour,yogur-natural-sin-azucar,7791720048122,YOGUR NATURAL CARREFOUR EXTRA FRASCO X 200 GR,2337.5,2750.0,,,,,Promo A valida desde el 06/08/2026 hasta 12/08/2026,
2026-08-10,sepa,Hipermercado Carrefour,yogur-natural-sin-azucar,7791720048139,YOGUR NATURAL CARREFOUR CLASSIC POTE 300 X GR,2626.5,3090.0,,,,,Promo A valida desde el 06/08/2026 hasta 12/08/2026,
2026-08-10,sepa,Hipermercado Carrefour,gaseosa-cola-zero,7791813828365,GASEOSA COLA BLACK PEPSI N PET X 500 CC.,2200.0,,,,,,,
2026-08-10,sepa,Hipermercado Carrefour,gaseosa-cola-zero,7791813828419,GASEOSA COLA BLACK PEPSI NF PET X 1.5 LT,3950.0,,,,,,,
2026-08-10,sepa,Hipermercado Carrefour,gaseosa-cola-zero,7791813828464,GASEOSA COLA BLACK PEPSI N PET X 2 LT,4400.0,,,,,,,
2026-08-10,sepa,Hipermercado Carrefour,rollo-cocina,7791828000121,ROLLO COCINA PARA CADA DIA FELPITA 3 X 40 PANOS,2499.0,,,,,,,
2026-08-10,sepa,Hipermercado Carrefour,rollo-cocina,7791828900025,ROLLO DE COCINA DISNEY FELPITA 3 X 40 PANOS,3265.0,,,,,,,
2026-08-10,sepa,Hipermercado Carrefour,papel-higienico-doble-hoja,7791828900049,PAPEL HIGIENICO INFINITY FELPITA 4X30 MTS,4409.0,,,,,,,
2026-08-10,sepa,Hipermercado Carrefour,rollo-cocina,7791828900056,ROLLO DE COCINA BLANCO INFINITY FELPITA 3X100 MTS,5109.0,,,,,,,
2026-08-10,sepa,Hipermercado Carrefour,papel-higienico-doble-hoja,7791828900186,PAPEL HIGIENICO DH FELPITA PREMIUM 4X20 MTS,2940.0,,,,,,,
2026-08-10,sepa,Hipermercado Carrefour,papel-higienico-doble-hoja,7791828900278,PAPEL HIGIENICO D HOJA SUPER SUAVE FELPITA 6X30MTS,6405.0,,,,,,,
2026-08-10,sepa,Hipermercado Carrefour,papel-higienico-doble-hoja,7791828900285,PAPEL HIGIENICO DH INFINITY FELPITA 4 X 50 M,6860.0,,,,,,,
2026-08-10,sepa,Hipermercado Carrefour,rollo-cocina,7791828900377,ROLLO DE COCINA MAXIROLLO FELPITA X 200 PANOS,3069.0,,,,,,,
2026-08-10,sepa,Hipermercado Carrefour,papel-higienico-doble-hoja,7791828900520,PAPEL HIGIENICO DH FELPITA 12 X 30 MTS,14009.0,,,,,,,
2026-08-10,sepa,Hipermercado Carrefour,rollo-cocina,7791828900537,ROLLO DE COCINA PANO BLANCO FELPITA 3 X 60 UNI,2649.0,,,,,,,
2026-08-10,sepa,Hipermercado Carrefour,rollo-cocina,7791828900599,ROLLO DE COCINA MAXIROLLO FELPITA X 150 PANOS,3069.0,,,,,,,
2026-08-10,sepa,Hipermercado Carrefour,rollo-cocina,7791828900605,ROLLO DE COCINA FAMILIAR MAXIROLLO FELPITA 4 X 200,11039.0,,,,,,,
2026-08-10,sepa,Hipermercado Carrefour,lavandina,7791905000020,LAVANDINA CONCENTRADA QUERUBIN X 1 LT,1206.75,1609.0,,,,,Promo A valida desde el 06/08/2026 hasta 12/08/2026,
2026-08-10,sepa,Hipermercado Carrefour,lavandina,7791905003663,LAVANDINA ROPA BLANCA ADITIVADA QUERUBIN BOT X 1 L,2020.0,,,,,,,
2026-08-10,sepa,Hipermercado Carrefour,lavandina,7791905023203,LAVANDINA ORIGINAL ODEX X 1 LT,1295.0,,,,,,,
2026-08-10,sepa,Hipermercado Carrefour,lavandina,7791905023210,LAVANDINA ORIGINAL ODEX X 2 LT,2460.0,,,,,,,
2026-08-10,sepa,Hipermercado Carrefour,lavandina,7791905023227,LAVANDINA ORIGINAL ODEX X 4 LT,4809.0,,,,,,,
2026-08-10,sepa,Hipermercado Carrefour,lavandina,7791905024057,LAVANDINA ADITIVADA LAVANDA ODEX X 1 LT,1520.0,,,,,,,
2026-08-10,sepa,Hipermercado Carrefour,lavandina,7791905024064,LAVANDINA ADITIVADA LAVANDA ODEX X 2 LT,2810.0,,,,,,,
2026-08-10,sepa,Hipermercado Carrefour,lavandina,7791905024071,LAVANDINA ADITIVADA LAVANDA ODEX X 4 LT,4990.0,,,,,,,
2026-08-10,sepa,Hipermercado Carrefour,lavandina,7791905024095,LAVANDINA ADITIVADA BOSQUE ODEX X 2 LT,2810.0,,,,,,,
2026-08-10,sepa,Hipermercado Carrefour,lavandina,7791905024101,LAVANDINA ADITIVADA BOSQUE ODEX X 4 LT,4990.0,,,,,,,
2026-08-10,sepa,Hipermercado Carrefour,lavandina,7791905024248,LAVANDINA ADITIVADA EN GEL ORIGINAL ODEX X 700 CC,3000.0,,,,,,,
2026-08-10,sepa,Hipermercado Carrefour,lavandina,7793253003715,LAVANDINA MULTISUP LAVANDA TRIPLE PODER AYUDIN X1L,1909.0,,,,,,,
2026-08-10,sepa,Hipermercado Carrefour,lavandina,7793253003722,LAVANDINA MULTISUP LAVANDA TRIPLE PODER AYUDIN X2L,3465.0,,,,,,,
2026-08-10,sepa,Hipermercado Carrefour,lavandina,7793253003739,LAVANDINA MULTISUP LAVANDA TRIPLE PODER AYUDIN X4L,7179.0,,,,,,,
2026-08-10,sepa,Hipermercado Carrefour,lavandina,7793253003746,LAVANDINA MULTI PU GLACIAR TRIPLE PODER AYUDIN X1L,1909.0,,,,,,,
2026-08-10,sepa,Hipermercado Carrefour,lavandina,7793253003760,LAVANDINA MULTI PU GLACIAR TRIPLE PODER AYUDIN X4L,7179.0,,,,,,,
2026-08-10,sepa,Hipermercado Carrefour,lavandina,7793253003777,LAVANDINA ANTISPLASH TRADICIONAL AYUDIN X 1 LT,2225.0,,,,,,,
2026-08-10,sepa,Hipermercado Carrefour,lavandina,7793253003784,LAVANDINA ANTISPLASH TRADICIONAL AYUDIN X 2 LT,4185.0,,,,,,,
2026-08-10,sepa,Hipermercado Carrefour,lavandina,7793253003791,LAVANDINA EN GEL ORIGINAL AYUDIN BOTELLA X 700 CC,3519.0,,,,,,,
2026-08-10,sepa,Hipermercado Carrefour,lavandina,7793253003807,LAVANDINA EN GEL CITRUS AYUDIN BOTELLA X 700 CC,3519.0,,,,,,,
2026-08-10,sepa,Hipermercado Carrefour,lavandina,7793253003814,LAVANDINA EN GEL FLORAL AYUDIN BOTELLA X 700 CC,3519.0,,,,,,,
2026-08-10,sepa,Hipermercado Carrefour,lavandina,7793253003821,LAVANDINA EN GEL MENTA AYUDIN BOTELLA X 700 CC,3519.0,,,,,,,
2026-08-10,sepa,Hipermercado Carrefour,lavandina,7793253003838,LAVANDINA EN GEL LAVANDA AYUDIN X 700 CC,3519.0,,,,,,,
2026-08-10,sepa,Hipermercado Carrefour,lavandina,7793253003869,LAVANDINA EN GEL ORIGINAL AYUDIN BOTELLA X 1.5 LT,8300.0,,,,,,,
2026-08-10,sepa,Hipermercado Carrefour,lavandina,7793253003876,LAVANDINA EN GEL PUREZA CITRICA AYUDIN X 1.5 LT,8300.0,,,,,,,
2026-08-10,sepa,Hipermercado Carrefour,lavandina,7793253005856,LAVANDINA EN GEL ORIGINAL AYUDIN BOTELLA X 500 CC,2989.0,,,,,,,
2026-08-10,sepa,Hipermercado Carrefour,lavandina,7793253005863,LAVANDINA EN GEL CITRICA AYUDIN X 500 CC,2985.0,,,,,,,
2026-08-10,sepa,Hipermercado Carrefour,lavandina,7793253006709,LAVANDINA ORIGINAL DESINFECTANTE AYUDIN X 2 LT,2609.0,,,,,,,
2026-08-10,sepa,Hipermercado Carrefour,lavandina,7793253006716,LAVANDINA ORIGINAL DESINFECTANTE AYUDIN X 4 LT,5789.0,,,,,,,
2026-08-10,sepa,Hipermercado Carrefour,lavandina,7793253007263,LAVANDINA ANTISPLASH AYUDIN X 4 L,8280.0,,,,,,,
2026-08-10,sepa,Hipermercado Carrefour,papel-higienico-doble-hoja,7793344000517,PAPEL HIGIENICO D HOJA ELEGANTE 4 X 30 MT,3110.0,,,,,,,
2026-08-10,sepa,Hipermercado Carrefour,rollo-cocina,7793344009206,ROLLO DE COCINA GIGANTE ELEGANTE X 200 PANOS,2839.0,,,,,,,
2026-08-10,sepa,Hipermercado Carrefour,rollo-cocina,7793344009305,ROLLOS DE COCINA ELEGANTE GIRAMAS 3 X 100 PAN,5319.0,,,,,,,
2026-08-10,sepa,Hipermercado Carrefour,rollo-cocina,7793344904013,ROLLO DE COCINA ELEGANTE 3 X 50 PANOS,2839.0,,,,,,,
2026-08-10,sepa,Hipermercado Carrefour,rollo-cocina,7793344904853,ROLLO DE COCINA PREMIUM ELEGANTE 3 X 60 PAN,3429.0,,,,,,,
2026-08-10,sepa,Hipermercado Carrefour,yogur-natural-sin-azucar,7793913002423,YOGUR ENTERO NATURAL TREGAR POTE X 140 GRS.,2029.0,,,,,,,
2026-08-10,sepa,Hipermercado Carrefour,queso-crema-light,7793913013214,QUESO CREMA LIGHT TREGAR X 190 GRS,3190.0,,,,,,,
2026-08-10,sepa,Hipermercado Carrefour,queso-crema-light,7793913013641,QUESO NEUFCHATEL LIGHT TREGAR POTE X 180 GRS,3089.0,,,,,,,
2026-08-10,sepa,Hipermercado Carrefour,ricotta,7793913013665,RICOTTA ENTERA BAJO SODIO TREGAR POTE X 290 GRS,3790.0,,,,,,,
2026-08-10,sepa,Hipermercado Carrefour,ricotta,7793913013672,RICOTTA MAGRA BAJO SODIO TREGAR POTE X 290 GRS,3769.0,,,,,,,
2026-08-10,sepa,Hipermercado Carrefour,queso-crema-light,7794820015018,QUESO FUNDIDO LIGHT TRAD MILKAUT POTE X 190 GRS,3379.0,,,,,,,
2026-08-10,sepa,Hipermercado Carrefour,queso-crema-light,7794820903094,QUESO UNTABLE LIGHT CREMATTO POTE MILKAUT X 285GRS,5069.0,,,,,,,
2026-08-10,sepa,Hipermercado Carrefour,yogur-natural-sin-azucar,7794820903612,YOGUR ENT NATURAL CREMOSO MILKAUT POTE X 300 G,3879.0,,,,,,,
2026-08-10,sepa,Hipermercado Carrefour,yogur-natural-sin-azucar,7794820903711,YOGUR DESC NATURAL CREMOSO MILKAUT POTE X 300G,3879.0,,,,,,,
2026-08-10,sepa,Hipermercado Carrefour,vinagre-alcohol,7798033332610,VINAGRE DE ALCOHOL CARREFOUR PET X 500 CC,1190.0,,,,,,,
2026-08-10,sepa,Hipermercado Carrefour,vinagre-alcohol,7798033332641,VINAGRE DE ALCOHOL CARREFOUR PET X 1 LT,1550.0,,,,,,,
2026-08-10,sepa,Hipermercado Carrefour,atun-lomitos-natural,7798033333907,ATUN AL NATURAL LOMITOS CARREFOUR LATA X 170 GRS.,3490.0,,,,,,,
2026-08-10,sepa,Hipermercado Carrefour,atun-lomitos-natural,7798108349161,ATUN AL NATURAL LOMITOS CARREFOUR LATA X 354 GRS,6450.0,,,,,,,
2026-08-10,sepa,Hipermercado Carrefour,yogur-natural-sin-azucar,7798136870545,YOGUR FIRME NATURAL DAHI FRASCO X 190 GRS,2720.0,,,,,,,
2026-08-10,sepa,Hipermercado Carrefour,yogur-natural-sin-azucar,7798136870859,YOGUR NATURAL ESTILO GRIEGO DAHI FRASCO X 190 GRM,3289.0,,,,,,,
2026-08-10,sepa,Hipermercado Carrefour,rollo-cocina,7798141718221,ROLLO DE COCINA CARREFOUR 3 X 50 PANOS,2390.0,,,,,,,
2026-08-10,sepa,Hipermercado Carrefour,atun-lomitos-natural,7798152222151,ATUN AL NATURAL LOMITOS CARREFOUR 3 X 80 GRS,6150.0,,,,,,,
2026-08-10,sepa,Hipermercado Carrefour,papel-higienico-doble-hoja,7798159717520,PAPEL HIGIENICO D HOJA DECO CARREFOUR 4 X 50 MTS,6090.0,,,,,,,
2026-08-10,sepa,Hipermercado Carrefour,rollo-cocina,7798159717537,ROLLO DE COCINA DECORADO CARREFOUR 3 X 50 PANOS,2750.0,,,,,,,
2026-08-10,sepa,Hipermercado Carrefour,papel-higienico-doble-hoja,7798159718961,PAPEL HIGIENICO D HOJA CARREFOUR 4 X 30 MTS,2990.0,3450.0,,,,,Promo A valida desde el 04/08/2026 hasta 10/08/2026,
2026-08-10,sepa,Hipermercado Carrefour,ricotta,7798179070018,RICOTA G SILVIA X 500 GRS,3285.0,,,,,,,
2026-08-10,sepa,Hipermercado Carrefour,cafe-instantaneo,7798196990016,CAFE SOLUBLE SEGAFREDO FRASCO X 100 GRS,19500.0,,,,,,,
2026-08-10,sepa,Hipermercado Carrefour,cafe-instantaneo,7798196990047,CAFE INSTANTANEO LIOFILIZADO SEGAFREDO X 100 GRS,22100.0,,,,,,,
2026-08-10,sepa,Hipermercado Carrefour,queso-crema-light,7798312320567,QUESO UNTABLE LIGHT SANTA CLARA POTE X 300 GRS,3099.0,,,,,,,
2026-08-10,sepa,Hipermercado Carrefour,yogur-natural-sin-azucar,7798327950193,YOGUR NATURAL S AZUCAR SIN TACC BEAUDROIT 400 GR,4855.0,,,,,,,
2026-08-10,sepa,Hipermercado Carrefour,leche-protein,7798338291803,LECHE C PROTEINA VIDA ACTIVA LAS TRES NINAS X 1LT,2865.0,,,,,,,
2026-08-10,sepa,Hipermercado Carrefour,cafe-instantaneo,7891000426937,CAFE INSTANTANEO ICED COFFEE NESCAFE X 100 GRS,10210.0,,,,,,,
2026-08-10,sepa,Hipermercado Carrefour,capsulas-nespresso-starbucks,8445290154125,CAPSULA CAFE NESPRESSO STARBUCKS CARAMEL X 51 GRS,16599.0,,,,,,,
2026-08-10,sepa,Hipermercado Carrefour,capsulas-nespresso-starbucks,8445290814425,CAPSULA CAFE NESPRESSO STARBUCKS DECAF X 55 GRS,16599.0,,,,,,,
2026-08-10,sepa,Hipermercado Carrefour,cafe-instantaneo,8445291311510,CAFE INSTANTANEO TRADICION NESCAFE X 100 GRS,8750.0,,,,,,,
2026-08-10,sepa,Hipermercado Carrefour,cafe-instantaneo,8445291311558,CAFE INSTANTANEO SUAVE DOLCA DP X 100 GRS,6149.0,,,,,,,
2026-08-10,sepa,Hipermercado Carrefour,capsulas-nespresso-starbucks,8445291363656,CAPSULAS CAFE HOUSE BLEND STARBUCKS X 10 UNI,15995.0,,,,,,,
2026-08-10,sepa,Hipermercado Carrefour,capsulas-nespresso-starbucks,8445291367272,CAPSULAS CAFE ESPRESSO ROAST STARBUCKS X 10 UNI,16599.0,,,,,,,
2026-08-10,sepa,Hipermercado Carrefour,cafe-instantaneo,8445291738775,CAFE INSTANTANEO GOLD NESCAFE FRASCO X 95 GRS,21969.0,,,,,,,
2026-08-10,sepa,Hipermercado Carrefour,capsulas-nespresso-starbucks,8445291786721,CAPSULAS CAFE CHOCO HAZELNUT STARBUCKS X 10 UNI,17589.0,,,,,,,
2026-08-10,sepa,Market,desodorante-barra-hombre,7501001163983,ANTITRANSPIRANTE BARRA FRESH OLD SPICE X 50 GRS,9949.0,,,,,,,
2026-08-10,sepa,Market,desodorante-barra-hombre,75083694,DESODORANTE STICK BLUE LAVENDER AXE X 58 GRM,8709.0,,,,,,,
2026-08-10,sepa,Market,desodorante-barra-hombre,75083700,DESODORANTE STICK AQUA CITRUS AXE X 58 GRM,8709.0,,,,,,,
2026-08-10,sepa,Market,cafe-instantaneo,7613035379213,CAFE DESCAFEINADO INSTANTANEO NESCAFE X 100 GRS,16535.0,,,,,,,
2026-08-10,sepa,Market,cafe-instantaneo,7613036312752,CAFE INSTANTANEO EXPRESSO GOLD NESCAFE X 100 GRS,24475.0,,,,,,,
2026-08-10,sepa,Market,capsulas-nespresso-starbucks,7613036961004,CAPSULAS CAFE BLOND ESPRESSO STARBUCKS X 10 UNI,17765.0,,,,,,,
2026-08-10,sepa,Market,suprema-pollo,7790070036063,SUPREMAS DE POLLO GRANJA DEL SOL BOLSA X 360 GRS,10665.0,,,,,,,
2026-08-10,sepa,Market,vinagre-alcohol,7790130000034,VINAGRE DE ALCOHOL MENOYO PET X 500 CC,1379.0,,,,,,,
2026-08-10,sepa,Market,vinagre-alcohol,7790130000058,VINAGRE DE ALCOHOL MENOYO PET X 1 LT,1750.0,,,,,,,
2026-08-10,sepa,Market,vinagre-alcohol,7790130000263,VINAGRE DE ALCOHOL ALCAZAR PET 500 CC,1119.0,,,,,,,
2026-08-10,sepa,Market,vinagre-alcohol,7790130000294,VINAGRE DE ALCOHOL ALCAZAR PET X 1 LT,1319.0,,,,,,,
2026-08-10,sepa,Market,lavandina,7790132098459,LAVANDINA ORIGINAL AYUDIN X 1 LT,1279.0,,,,,,,
2026-08-10,sepa,Market,vinagre-alcohol,7790139003166,VINAGRE DE ALCOHOL CLASICO CASALTA PET X500 CC,1205.0,,,,,,,
2026-08-10,sepa,Market,vinagre-alcohol,7790139101138,VINAGRE DE ALCOHOL FAVINCO PET X 1 LT,1589.0,,,,,,,
2026-08-10,sepa,Market,cafe-instantaneo,7790150100486,CAFE INSTANTANEO ESP INST CLAS LA VIRGINIA X 170GR,9209.0,,,,,,,
2026-08-10,sepa,Market,cafe-instantaneo,7790150100806,CAFE INSTANTANEO CLASICO LA VIRGINA DP X 100 GRS,5150.0,,,,,,,
2026-08-10,sepa,Market,cafe-instantaneo,7790150101780,CAFE INSTANTANEO SUAVE LA VIRGINA DP X 100 GRS,5139.0,,,,,,,
2026-08-10,sepa,Market,cafe-instantaneo,7790170904798,CAFE INSTANTANEO LA MORENITA FRASCO X 100 GRS,6350.0,,,,,,,
2026-08-10,sepa,Market,queso-crema-light,7790244941605,QUESO CREMA LIGTH SAN IGNACIO POTE X 290 GR,3769.0,,,,,,,
2026-08-10,sepa,Market,queso-crema-light,7790244941612,QUESO CREMA LIGHT SAN IGNACIO POTE X480 GRS,5669.0,,,,,,,
2026-08-10,sepa,Market,papel-higienico-doble-hoja,7790250015536,PAPEL HIGIENICO D HOJA PLUS HIGIENOL 4 X 30 MTS,3619.0,,,,,,,
2026-08-10,sepa,Market,papel-higienico-doble-hoja,7790250015567,PAPEL HIGIENICO DOBLE HOJA PLUS HIGIENOL 4 X 20 MT,3545.0,,,,,,,
2026-08-10,sepa,Market,papel-higienico-doble-hoja,7790250019411,PAPEL HIGIENICO DH PLUS HIGIENOL 30M X 18,20900.0,,,,,,,
2026-08-10,sepa,Market,papel-higienico-doble-hoja,7790250026075,PAPEL HIGIENICO D H ULTRA SUAVE ELITE 4 X 30 MTS,5599.0,,,,,,,
2026-08-10,sepa,Market,papel-higienico-doble-hoja,7790250026082,PAPEL HIGIENICO ULTRA SOFT D HOJA ELITE 4 X 50 MTS,10349.0,,,,,,,
2026-08-10,sepa,Market,rollo-cocina,7790250056881,ROLLO DE COCINA CLASICO SUSSEX 3 X 50 PAN,2546.67,2929.0,,,,,Promo A valida desde el 04/08/2026 hasta 10/08/2026,
2026-08-10,sepa,Market,rollo-cocina,7790250056898,ROLLO DE COCINA ULTRA SUSSEX 60P X 3 UNI,4980.0,,,,,,,
2026-08-10,sepa,Market,rollo-cocina,7790250056980,ROLLO DE COCINA MAXI SUSSEX 3 X 100 PAN,7489.0,,,,,,,
2026-08-10,sepa,Market,rollo-cocina,7790250057086,ROLLO COCINA CLASICO MEGA SUSSEX X 200 PANOS,3099.0,,,,,,,
2026-08-10,sepa,Market,papel-higienico-doble-hoja,7790250913368,PAPEL HIGIENICO DH CON YAPA HIGIENOL 50M X 4 UNI,9529.0,,,,,,,
2026-08-10,sepa,Market,yerba-mananita,7790387015317,YERBA MATE BAJO POLVO MANANITA 4FLEX X 1 KG,4789.0,,,,,,,
2026-08-10,sepa,Market,yerba-mananita,7790387015324,YERBA MATE BAJO POLVO MANANITA 4FLEX X 500 GRS,2400.0,2570.0,,,,,Promo A valida desde el 07/08/2026 hasta 10/08/2026,
2026-08-10,sepa,Market,atun-lomitos-natural,7790580131364,ATUN AL NATURAL LOMITOS LA CAMPAGNOLA X 170 GRS,5745.0,,,,,,,
2026-08-10,sepa,Market,ricotta,7790742102805,RICOTTA ENTERA B SODIO GARCIA SACHET X 500 GRS,4509.0,,,,,,,
2026-08-10,sepa,Market,ricotta,7790742114204,RICOTTA SEMIGRASA BAJO SODIO GARCIA X 500 GRS,4755.0,,,,,,,
2026-08-10,sepa,Market,leche-protein,7790742358608,LECHE UAT DESC S LACT PROTEIN LA SERENISIMA BOTX1L,2999.0,,,,,,,
2026-08-10,sepa,Market,queso-crema-light,7790742373304,QUESO FUNDIDO FINLANDIA LIGHT POTE 290 GRS,5475.0,,,,,,,
2026-08-10,sepa,Market,yogur-natural-sin-azucar,7790787960934,YOGUR CREMOSO SAB NATURAL ILOLAY POTE X 350 G,3695.0,,,,,,,
2026-08-10,sepa,Market,gaseosa-cola-zero,7790895067532,GASEOSA COLA ZERO COCA COLA PET X 500 CC,1900.0,,,,,,,
2026-08-10,sepa,Market,gaseosa-cola-zero,7790895067556,GASEOSA COLA SIN AZUCAR COCA COLA PET X 1.5LT,3799.0,,,,,,,
2026-08-10,sepa,Market,gaseosa-cola-zero,7790895067570,GASEOSA COLA ZERO COCA COLA PET X 2.25 LT,5300.0,,,,,,,
2026-08-10,sepa,Market,gaseosa-cola-zero,7790895067587,GASEOSA COLA SIN AZUCAR COCA COLA LATA X 354 CC,2359.0,,,,,,,
2026-08-10,sepa,Market,gaseosa-cola-zero,7790895640438,GASEOSA COLA SIN AZUCAR COCA COLA PET X 3 LT,6650.0,,,,,,,
2026-08-10,sepa,Market,detergente,7790990003022,DETERGENTE ULTRA LIMON MAGISTRAL BOT X 300 CC,2595.0,,,,,,,
2026-08-10,sepa,Market,detergente,7790990003039,DETERGENTE ULTRA LIMON MAGISTRAL BOT X 500 CC,4189.0,,,,,,,
2026-08-10,sepa,Market,detergente,7790990003046,DETERGENTE ULTRA LIMON MAGISTRAL BOT X 750 CC,7550.0,,,,,,,
2026-08-10,sepa,Market,detergente,7790990003121,DETERGENTE ULTRA MARINA MAGISTRAL BOT X 300 CC,3129.0,,,,,,,
2026-08-10,sepa,Market,detergente,7790990003138,DETERGENTE ULTRA MARINA MAGISTRAL BOT X 500 CC,4559.0,,,,,,,
2026-08-10,sepa,Market,detergente,7790990003145,DETERGENTE ULTRA MARINA MAGISTRAL BOT X 750 CC,7560.0,,,,,,,
2026-08-10,sepa,Market,detergente,7790990003381,DETERGENTE LIMON MAGISTRAL PLATINUM X 500 CC,6159.0,,,,,,,
2026-08-10,sepa,Market,detergente,7790990003404,DETERGENTE CREMOSO ULTRA LIMON BOT X 300 CC,3450.0,,,,,,,
2026-08-10,sepa,Market,detergente,7790990003411,DETERGENTE CREM ULTRA LIMON MAGISTRAL BOT X 500CC,4559.0,,,,,,,
2026-08-10,sepa,Market,detergente,7790990003787,DETERGENTE ULTRA LIMON MAGISTRAL DP X 450 CC,4315.0,,,,,,,
2026-08-10,sepa,Market,rollo-cocina,7791070005806,ROLLO DE COCINA CELESTIAL 3 X 50 PANOS,3189.0,,,,,,,
2026-08-10,sepa,Market,lavandina,7791290793781,LIMPIADOR CREMOSO C LAVANDINA CIF X 750G,4665.0,,,,,,,
2026-08-10,sepa,Market,lavandina,7791290793804,LIMPIADOR EN GEL C LAVANDINA CIF X 513G,3669.0,,,,,,,
2026-08-10,sepa,Market,detergente,7791290794054,DETERGENTE BIOACTIVE LIMON CIF X 300 CC,2710.0,,,,,,,
2026-08-10,sepa,Market,detergente,7791290794061,DETERGENTE BIOACTIVE LIMON CIF X 500 CC,3889.0,,,,,,,
2026-08-10,sepa,Market,detergente,7791290794078,DETERGENTE BIOACTIVE LIMON CIF X 750 CC,6590.0,,,,,,,
2026-08-10,sepa,Market,detergente,7791290794085,DETERGENTE BIOACTIVE LIMON CIF REPUESTO X 450 CC,2855.0,,,,,,,
2026-08-10,sepa,Market,detergente,7791290794092,DETERGENTE BIOACTIVE LIMA CIF RESPUESTO X 450 CC,2855.0,,,,,,,
2026-08-10,sepa,Market,detergente,7791290794108,DETERGENTE BIOACTIVE LIMA CIF X 300 CC,2710.0,,,,,,,
2026-08-10,sepa,Market,detergente,7791290794115,DETERGENTE BIOACTIVE LIMA CIF X 500 CC,3889.0,,,,,,,
2026-08-10,sepa,Market,lavandina,7791290794955,LAVANDINA EN GEL ORIGINAL VIM X 700 CC,3500.0,,,,,,,
2026-08-10,sepa,Market,detergente,7791290796706,DETERGENTE ACTIVE GEL ORIG CIF BOT X 500 CC,5485.0,,,,,,,
2026-08-10,sepa,Market,detergente,7791290796720,DETERGENTE ACTIVE GEL ORIG CIF DP X 400 CC,4289.0,,,,,,,
2026-08-10,sepa,Market,detergente,7791290796737,DETERGENTE ACTIVE GEL LIMON CIF BOT X 500 CC,5485.0,,,,,,,
2026-08-10,sepa,Market,detergente,7791290796751,DETERGENTE ACTIVE GEL LIMON CIF DP X 400 CC,4289.0,,,,,,,
2026-08-10,sepa,Market,yogur-natural-sin-azucar,7791337007208,YOGUR NATURAL S LACTOSA SER POTE X 300 GR,4915.0,,,,,,,
2026-08-10,sepa,Market,queso-crema-light,7791337009851,QUESO CREMA LIGHT LA SERENISIMA POTE X 460 GRS,6045.0,,,,,,,
2026-08-10,sepa,Market,yogur-natural-sin-azucar,7791337010932,YOGUR GRIEGO FIR NATURAL YOGURISIMO POTE X 180 GR,2950.0,,,,,,,
2026-08-10,sepa,Market,rollo-cocina,7791720002605,ROLLO DE COCINA CARREFOUR ESSENTIAL 3 X 40 PANOS,2350.0,,,,,,,
2026-08-10,sepa,Market,rollo-cocina,7791720025543,ROLLO DE COCINA MAXI BLANCO CARREFOUR X 200 PANOS,2490.0,2850.0,,,,,Promo A valida desde el 04/08/2026 hasta 10/08/2026,
2026-08-10,sepa,Market,queso-crema-light,7791720028506,QUESO CREMA LIGHT CARREFOUR CLASSIC X 290 GRS,3190.0,,,,,,,
2026-08-10,sepa,Market,rollo-cocina,7791720045541,ROLLOS DE COCINA CARREFOUR ESSENTIAL 3 X 100 PANOS,4650.0,,,,,,,
2026-08-10,sepa,Market,papel-higienico-doble-hoja,7791720045558,PAPEL HIG DOBLE HOJA CARREFOUR ESSENTIAL 4 X50MTS,5550.0,,,,,,,
2026-08-10,sepa,Market,ricotta,7791720046951,RICOTTA ENTERA BULNEZ X 500 GRM,3490.0,,,,,,,
2026-08-10,sepa,Market,rollo-cocina,7791720047446,ROLLO DE COCINA DOBLE HOJA BULNEZ X 200 PANOS,2350.0,,,,,,,
2026-08-10,sepa,Market,yogur-natural-sin-azucar,7791720048122,YOGUR NATURAL CARREFOUR EXTRA FRASCO X 200 GR,2750.0,,,,,,,
2026-08-10,sepa,Market,yogur-natural-sin-azucar,7791720048139,YOGUR NATURAL CARREFOUR CLASSIC POTE 300 X GR,3090.0,,,,,,,
2026-08-10,sepa,Market,gaseosa-cola-zero,7791813828365,GASEOSA COLA BLACK PEPSI N PET X 500 CC.,2200.0,,,,,,,
2026-08-10,sepa,Market,gaseosa-cola-zero,7791813828419,GASEOSA COLA BLACK PEPSI NF PET X 1.5 LT,3950.0,,,,,,,
2026-08-10,sepa,Market,gaseosa-cola-zero,7791813828464,GASEOSA COLA BLACK PEPSI N PET X 2 LT,4400.0,,,,,,,
2026-08-10,sepa,Market,rollo-cocina,7791828000121,ROLLO COCINA PARA CADA DIA FELPITA 3 X 40 PANOS,2499.0,,,,,,,
2026-08-10,sepa,Market,papel-higienico-doble-hoja,7791828900049,PAPEL HIGIENICO INFINITY FELPITA 4X30 MTS,4449.0,,,,,,,
2026-08-10,sepa,Market,rollo-cocina,7791828900056,ROLLO DE COCINA BLANCO INFINITY FELPITA 3X100 MTS,5109.0,,,,,,,
2026-08-10,sepa,Market,papel-higienico-doble-hoja,7791828900186,PAPEL HIGIENICO DH FELPITA PREMIUM 4X20 MTS,2940.0,,,,,,,
2026-08-10,sepa,Market,papel-higienico-doble-hoja,7791828900278,PAPEL HIGIENICO D HOJA SUPER SUAVE FELPITA 6X30MTS,6405.0,,,,,,,
2026-08-10,sepa,Market,papel-higienico-doble-hoja,7791828900285,PAPEL HIGIENICO DH INFINITY FELPITA 4 X 50 M,6860.0,,,,,,,
2026-08-10,sepa,Market,rollo-cocina,7791828900377,ROLLO DE COCINA MAXIROLLO FELPITA X 200 PANOS,3069.0,,,,,,,
2026-08-10,sepa,Market,rollo-cocina,7791828900537,ROLLO DE COCINA PANO BLANCO FELPITA 3 X 60 UNI,2649.0,,,,,,,
2026-08-10,sepa,Market,lavandina,7791905000020,LAVANDINA CONCENTRADA QUERUBIN X 1 LT,1609.0,,,,,,,
2026-08-10,sepa,Market,lavandina,7791905000037,LAVANDINA CONCENTRADA QUERUBIN X 2 LT,3129.0,,,,,,,
2026-08-10,sepa,Market,lavandina,7791905003663,LAVANDINA ROPA BLANCA ADITIVADA QUERUBIN BOT X 1 L,2020.0,,,,,,,
2026-08-10,sepa,Market,lavandina,7791905023203,LAVANDINA ORIGINAL ODEX X 1 LT,1295.0,,,,,,,
2026-08-10,sepa,Market,lavandina,7791905023210,LAVANDINA ORIGINAL ODEX X 2 LT,2459.0,,,,,,,
2026-08-10,sepa,Market,lavandina,7791905023227,LAVANDINA ORIGINAL ODEX X 4 LT,4809.0,,,,,,,
2026-08-10,sepa,Market,lavandina,7791905024248,LAVANDINA ADITIVADA EN GEL ORIGINAL ODEX X 700 CC,3000.0,,,,,,,
2026-08-10,sepa,Market,lavandina,7793253003715,LAVANDINA MULTISUP LAVANDA TRIPLE PODER AYUDIN X1L,1909.0,,,,,,,
2026-08-10,sepa,Market,lavandina,7793253003722,LAVANDINA MULTISUP LAVANDA TRIPLE PODER AYUDIN X2L,3609.0,,,,,,,
2026-08-10,sepa,Market,lavandina,7793253003739,LAVANDINA MULTISUP LAVANDA TRIPLE PODER AYUDIN X4L,7179.0,,,,,,,
2026-08-10,sepa,Market,lavandina,7793253003746,LAVANDINA MULTI PU GLACIAR TRIPLE PODER AYUDIN X1L,1909.0,,,,,,,
2026-08-10,sepa,Market,lavandina,7793253003753,LAVANDINA MULTI PU GLACIAR TRIPLE PODER AYUDIN X2L,3609.0,,,,,,,
2026-08-10,sepa,Market,lavandina,7793253003760,LAVANDINA MULTI PU GLACIAR TRIPLE PODER AYUDIN X4L,7179.0,,,,,,,
2026-08-10,sepa,Market,lavandina,7793253003777,LAVANDINA ANTISPLASH TRADICIONAL AYUDIN X 1 LT,2225.0,,,,,,,
2026-08-10,sepa,Market,lavandina,7793253003784,LAVANDINA ANTISPLASH TRADICIONAL AYUDIN X 2 LT,4309.0,,,,,,,
2026-08-10,sepa,Market,lavandina,7793253003791,LAVANDINA EN GEL ORIGINAL AYUDIN BOTELLA X 700 CC,3519.0,,,,,,,
2026-08-10,sepa,Market,lavandina,7793253003807,LAVANDINA EN GEL CITRUS AYUDIN BOTELLA X 700 CC,3519.0,,,,,,,
2026-08-10,sepa,Market,lavandina,7793253003821,LAVANDINA EN GEL MENTA AYUDIN BOTELLA X 700 CC,3519.0,,,,,,,
2026-08-10,sepa,Market,lavandina,7793253003838,LAVANDINA EN GEL LAVANDA AYUDIN X 700 CC,3519.0,,,,,,,
2026-08-10,sepa,Market,lavandina,7793253005856,LAVANDINA EN GEL ORIGINAL AYUDIN BOTELLA X 500 CC,2989.0,,,,,,,
2026-08-10,sepa,Market,lavandina,7793253006709,LAVANDINA ORIGINAL DESINFECTANTE AYUDIN X 2 LT,2925.0,,,,,,,
2026-08-10,sepa,Market,lavandina,7793253006716,LAVANDINA ORIGINAL DESINFECTANTE AYUDIN X 4 LT,5789.0,,,,,,,
2026-08-10,sepa,Market,papel-higienico-doble-hoja,7793344000517,PAPEL HIGIENICO D HOJA ELEGANTE 4 X 30 MT,3900.0,,,,,,,
2026-08-10,sepa,Market,rollo-cocina,7793344009206,ROLLO DE COCINA GIGANTE ELEGANTE X 200 PANOS,2839.0,,,,,,,
2026-08-10,sepa,Market,rollo-cocina,7793344009305,ROLLOS DE COCINA ELEGANTE GIRAMAS 3 X 100 PAN,5319.0,,,,,,,
2026-08-10,sepa,Market,rollo-cocina,7793344904013,ROLLO DE COCINA ELEGANTE 3 X 50 PANOS,2839.0,,,,,,,
2026-08-10,sepa,Market,rollo-cocina,7793344904853,ROLLO DE COCINA PREMIUM ELEGANTE 3 X 60 PAN,3429.0,,,,,,,
2026-08-10,sepa,Market,queso-crema-light,7793913013214,QUESO CREMA LIGHT TREGAR X 190 GRS,3190.0,,,,,,,
2026-08-10,sepa,Market,queso-crema-light,7793913013641,QUESO NEUFCHATEL LIGHT TREGAR POTE X 180 GRS,3089.0,,,,,,,
2026-08-10,sepa,Market,ricotta,7793913013672,RICOTTA MAGRA BAJO SODIO TREGAR POTE X 290 GRS,3790.0,,,,,,,
2026-08-10,sepa,Market,queso-crema-light,7794820015018,QUESO FUNDIDO LIGHT TRAD MILKAUT POTE X 190 GRS,3379.0,,,,,,,
2026-08-10,sepa,Market,queso-crema-light,7794820903094,QUESO UNTABLE LIGHT CREMATTO POTE MILKAUT X 285GRS,5069.0,,,,,,,
2026-08-10,sepa,Market,yogur-natural-sin-azucar,7794820903612,YOGUR ENT NATURAL CREMOSO MILKAUT POTE X 300 G,3879.0,,,,,,,
2026-08-10,sepa,Market,yogur-natural-sin-azucar,7794820903711,YOGUR DESC NATURAL CREMOSO MILKAUT POTE X 300G,3879.0,,,,,,,
2026-08-10,sepa,Market,queso-crema-light,7794990879663,QUESO CREMA LIGHT LA PAULINA POTE X 290 GRS,3429.0,,,,,,,
2026-08-10,sepa,Market,vinagre-alcohol,7798033332610,VINAGRE DE ALCOHOL CARREFOUR PET X 500 CC,1190.0,,,,,,,
2026-08-10,sepa,Market,vinagre-alcohol,7798033332641,VINAGRE DE ALCOHOL CARREFOUR PET X 1 LT,1550.0,,,,,,,
2026-08-10,sepa,Market,atun-lomitos-natural,7798033333907,ATUN AL NATURAL LOMITOS CARREFOUR LATA X 170 GRS.,3490.0,,,,,,,
2026-08-10,sepa,Market,atun-lomitos-natural,7798108349161,ATUN AL NATURAL LOMITOS CARREFOUR LATA X 354 GRS,6450.0,,,,,,,
2026-08-10,sepa,Market,rollo-cocina,7798141718221,ROLLO DE COCINA CARREFOUR 3 X 50 PANOS,2390.0,,,,,,,
2026-08-10,sepa,Market,atun-lomitos-natural,7798152222151,ATUN AL NATURAL LOMITOS CARREFOUR 3 X 80 GRS,6150.0,,,,,,,
2026-08-10,sepa,Market,papel-higienico-doble-hoja,7798159717520,PAPEL HIGIENICO D HOJA DECO CARREFOUR 4 X 50 MTS,6090.0,,,,,,,
2026-08-10,sepa,Market,rollo-cocina,7798159717537,ROLLO DE COCINA DECORADO CARREFOUR 3 X 50 PANOS,2750.0,,,,,,,
2026-08-10,sepa,Market,papel-higienico-doble-hoja,7798159718961,PAPEL HIGIENICO D HOJA CARREFOUR 4 X 30 MTS,2990.0,3450.0,,,,,Promo A valida desde el 04/08/2026 hasta 10/08/2026,
2026-08-10,sepa,Market,ricotta,7798179070018,RICOTA G SILVIA X 500 GRS,3285.0,,,,,,,
2026-08-10,sepa,Market,cafe-instantaneo,7798196990016,CAFE SOLUBLE SEGAFREDO FRASCO X 100 GRS,19500.0,,,,,,,
2026-08-10,sepa,Market,queso-crema-light,7798312320567,QUESO UNTABLE LIGHT SANTA CLARA POTE X 300 GRS,3099.0,,,,,,,
2026-08-10,sepa,Market,leche-protein,7798338291803,LECHE C PROTEINA VIDA ACTIVA LAS TRES NINAS X 1LT,2865.0,,,,,,,
2026-08-10,sepa,Market,capsulas-nespresso-starbucks,8445290154125,CAPSULA CAFE NESPRESSO STARBUCKS CARAMEL X 51 GRS,16599.0,,,,,,,
2026-08-10,sepa,Market,capsulas-nespresso-starbucks,8445290814425,CAPSULA CAFE NESPRESSO STARBUCKS DECAF X 55 GRS,16599.0,,,,,,,
2026-08-10,sepa,Market,cafe-instantaneo,8445291311510,CAFE INSTANTANEO TRADICION NESCAFE X 100 GRS,8949.0,,,,,,,
2026-08-10,sepa,Market,cafe-instantaneo,8445291311558,CAFE INSTANTANEO SUAVE DOLCA DP X 100 GRS,6149.0,,,,,,,
2026-08-10,sepa,Market,capsulas-nespresso-starbucks,8445291363656,CAPSULAS CAFE HOUSE BLEND STARBUCKS X 10 UNI,15995.0,,,,,,,
2026-08-10,sepa,Market,capsulas-nespresso-starbucks,8445291367272,CAPSULAS CAFE ESPRESSO ROAST STARBUCKS X 10 UNI,16599.0,,,,,,,
2026-08-10,sepa,Market,cafe-instantaneo,8445291738775,CAFE INSTANTANEO GOLD NESCAFE FRASCO X 95 GRS,20729.0,,,,,,,
2026-08-10,sepa,Market,capsulas-nespresso-starbucks,8445291786721,CAPSULAS CAFE CHOCO HAZELNUT STARBUCKS X 10 UNI,17589.0,,,,,,,
2026-08-10,sepa,Supermercados DIA,desodorante-barra-hombre,75083694,DEO BLUE LAVEN BARRA,8699.0,,,,,,,
2026-08-10,sepa,Supermercados DIA,desodorante-barra-hombre,75083700,DEO AQUA CITRUS BARR,8699.0,,,,,,,
2026-08-10,sepa,Supermercados DIA,suprema-pollo,7790070036063,SUPR DE POLL CROCANT,10665.0,,,,,,,
2026-08-10,sepa,Supermercados DIA,vinagre-alcohol,7790130000034,VINAGRE DE ALCOHOL,1400.0,,,,,,,
2026-08-10,sepa,Supermercados DIA,vinagre-alcohol,7790130000058,VINAGRE DE ALCOHOL,1965.0,,,,,,,
2026-08-10,sepa,Supermercados DIA,lavandina,7790132098459,LAVANDINA ORIG MULTI,1279.0,,,,,,,
2026-08-10,sepa,Supermercados DIA,cafe-instantaneo,7790150100462,CAFE INSTANT CLASICO,8050.0,,,,,,,
2026-08-10,sepa,Supermercados DIA,cafe-instantaneo,7790150100806,CAFE INST CLAS DOYPA,5145.0,,,,,,,
2026-08-10,sepa,Supermercados DIA,cafe-instantaneo,7790150101476,CAFE INSTANTA SUAVE,8050.0,,,,,,,
2026-08-10,sepa,Supermercados DIA,cafe-instantaneo,7790150101780,CAFE INSTANT SUAV DP,5145.0,,,,,,,
2026-08-10,sepa,Supermercados DIA,papel-higienico-doble-hoja,7790250015536,P HIG DOBLE FUSION,3619.0,,,,,,,
2026-08-10,sepa,Supermercados DIA,papel-higienico-doble-hoja,7790250026075,P HIG DOBL HOJA 30MT,5615.0,,,,,,,
2026-08-10,sepa,Supermercados DIA,rollo-cocina,7790250056881,ROLLO COCINA CLASICO,2840.0,,,,,,,
2026-08-10,sepa,Supermercados DIA,rollo-cocina,7790250057086,RC CLASICO MEGARROLL,3249.0,,,,,,,
2026-08-10,sepa,Supermercados DIA,yerba-mananita,7790387015317,YERBA MATE 4FLEX,3790.0,,,,,,,
2026-08-10,sepa,Supermercados DIA,yerba-mananita,7790387015324,YERBA MATE 4 FLEX,2505.0,,,,,,,
2026-08-10,sepa,Supermercados DIA,atun-lomitos-natural,7790580131364,ATUN LOMITO NATURAL,5745.0,,,,,,,
2026-08-10,sepa,Supermercados DIA,ricotta,7790742102805,RICOTTA ENTERA,4699.0,,,,,,,
2026-08-10,sepa,Supermercados DIA,leche-protein,7790742358608,LECHE PROTEIN DES 0%,2999.0,,,,,,,
2026-08-10,sepa,Supermercados DIA,queso-crema-light,7790742373304,QUESO UNT LIGHT,5475.0,,,,,,,
2026-08-10,sepa,Supermercados DIA,gaseosa-cola-zero,7790895067532,GASEO COLA ZERO,2450.0,,,,,,,
2026-08-10,sepa,Supermercados DIA,gaseosa-cola-zero,7790895067556,GASEO COLA S/AZUCAR,4150.0,,,,,,,
2026-08-10,sepa,Supermercados DIA,gaseosa-cola-zero,7790895067570,GASEO COLA ZERO,5500.0,,,,,,,
2026-08-10,sepa,Supermercados DIA,detergente,7790990003022,DETERGEN ULTRA LIMON,2595.0,,,,,,,
2026-08-10,sepa,Supermercados DIA,detergente,7790990003039,DETER ULTRA LIMON,4290.0,,,,,,,
2026-08-10,sepa,Supermercados DIA,detergente,7790990003046,LAVAVAJ ULTRA LIMON,7550.0,,,,,,,
2026-08-10,sepa,Supermercados DIA,detergente,7790990003138,DETERG ULTRA MARINA,5040.0,,,,,,,
2026-08-10,sepa,Supermercados DIA,detergente,7790990003787,LAVAVAJI ULTRA LIMON,3200.0,,,,,,,
2026-08-10,sepa,Supermercados DIA,lavandina,7791290793781,LIMPIADOR CREMOSO,3400.0,4650.0,,,,,27% de descuento. Precio Promocional Exclusivo DIA en Sucursales Indicadas Hasta Agotar Stock o Finalice Vigencia.,
2026-08-10,sepa,Supermercados DIA,lavandina,7791290793804,LIMPIADOR GEL LAV/CL,3650.0,,,,,,,
2026-08-10,sepa,Supermercados DIA,detergente,7791290794054,LAVAVAJILL BIOACT LI,2700.0,,,,,,,
2026-08-10,sepa,Supermercados DIA,detergente,7791290794061,LAVAVAJ BIOACT LIMON,3772.0,,,,,,,
2026-08-10,sepa,Supermercados DIA,detergente,7791290794078,LAVAVAJ BIOACT LIMON,6550.0,,,,,,,
2026-08-10,sepa,Supermercados DIA,detergente,7791290794085,LAVAVAJ BIO LIMON DP,3850.0,,,,,,,
2026-08-10,sepa,Supermercados DIA,detergente,7791290794092,LAVAVAJ BIOAC LIMA D,3850.0,,,,,,,
2026-08-10,sepa,Supermercados DIA,detergente,7791290794108,LAVAVAJI BIOACT LIMA,2700.0,,,,,,,
2026-08-10,sepa,Supermercados DIA,detergente,7791290794115,LAVAVAJI BIOACT LIMA,3889.0,,,,,,,
2026-08-10,sepa,Supermercados DIA,lavandina,7791290794955,LAVANDINA GEL ORIGIN,3500.0,,,,,,,
2026-08-10,sepa,Supermercados DIA,detergente,7791290796706,LAVAVAJ ACT GEL ORIG,5450.0,,,,,,,
2026-08-10,sepa,Supermercados DIA,detergente,7791290796720,DET ACTIVEGEL ORIGIN,4280.0,,,,,,,
2026-08-10,sepa,Supermercados DIA,detergente,7791290796737,DET ACTIVEGEL LIMON,5450.0,,,,,,,
2026-08-10,sepa,Supermercados DIA,detergente,7791290796751,LAVAVAJ ACTIV LIM DP,4280.0,,,,,,,
2026-08-10,sepa,Supermercados DIA,yogur-natural-sin-azucar,7791337007208,YOGUR NATURAL BIGPOT,4915.0,,,,,,,
2026-08-10,sepa,Supermercados DIA,queso-crema-light,7791337009851,QUESO BLANCO LIGHT,6045.0,,,,,,,
2026-08-10,sepa,Supermercados DIA,yogur-natural-sin-azucar,7791337010932,YOG FIRME GRIEG NATU,2950.0,,,,,,,
2026-08-10,sepa,Supermercados DIA,gaseosa-cola-zero,7791813828365,GASEO PEPSI BLACK,2200.0,,,,,,,
2026-08-10,sepa,Supermercados DIA,gaseosa-cola-zero,7791813828419,GASEO COLA BLACK,3900.0,,,,,,,
2026-08-10,sepa,Supermercados DIA,gaseosa-cola-zero,7791813828464,GASEO COLA BLACK,4300.0,,,,,,,
2026-08-10,sepa,Supermercados DIA,lavandina,7793253003715,LAVAN LAV TRI PODER,1890.0,,,,,,,
2026-08-10,sepa,Supermercados DIA,lavandina,7793253003722,LAVANDINA LAVA TR PO,3640.0,,,,,,,
2026-08-10,sepa,Supermercados DIA,lavandina,7793253003753,LAVA PUR GLA TRI POD,3640.0,,,,,,,
2026-08-10,sepa,Supermercados DIA,lavandina,7793253003777,LAVANDINA ANTISPLASH,2240.0,,,,,,,
2026-08-10,sepa,Supermercados DIA,lavandina,7793253003791,LAVANDINA EN GEL,3590.0,,,,,,,
2026-08-10,sepa,Supermercados DIA,lavandina,7793253003807,LAVANDINA EN GEL CIT,3590.0,,,,,,,
2026-08-10,sepa,Supermercados DIA,lavandina,7793253003838,LAVANDINA EN GEL LAV,3590.0,,,,,,,
2026-08-10,sepa,Supermercados DIA,lavandina,7793253006709,LAVANDINA ORIGINAL,2950.0,,,,,,,
2026-08-10,sepa,Supermercados DIA,lavandina,7793253006716,LAVANDINA ORIGINAL,5890.0,,,,,,,
2026-08-10,sepa,Supermercados DIA,queso-crema-light,7794820903094,QUESO CREMATTO LIGHT,5069.0,,,,,,,
2026-08-10,sepa,Supermercados DIA,yogur-natural-sin-azucar,7794820903612,YOG NATURAL CREMOSO,3879.0,,,,,,,
2026-08-10,sepa,Supermercados DIA,queso-crema-light,7794990879663,QUESO CREMA LIGHT,3420.0,,,,,,,
2026-08-10,sepa,Supermercados DIA,lavandina,7798131250380,LAVANDINA CLÁSICA,1100.0,,,,,,,
2026-08-10,sepa,Supermercados DIA,lavandina,7798131250397,LAVANDINA CLÁSICA,2170.0,,,,,,,
2026-08-10,sepa,Supermercados DIA,yogur-natural-sin-azucar,7798136870545,YOG FIRME NAT S/AZUC,2720.0,,,,,,,
2026-08-10,sepa,Supermercados DIA,yogur-natural-sin-azucar,7798136870743,YOG NAT DESLAC C/PRO,3290.0,,,,,,,
2026-08-10,sepa,Supermercados DIA,yogur-natural-sin-azucar,7798136870859,YOG EST GRIEGO NATUR,3290.0,,,,,,,
2026-08-10,sepa,Supermercados DIA,leche-protein,7798338291803,LECH PROTEIN,2100.0,2865.0,,,,,27% de descuento. Precio Promocional Exclusivo DIA en Sucursales Indicadas Hasta Agotar Stock o Finalice Vigencia.,
2026-08-10,sepa,Supermercados DIA,capsulas-nespresso-starbucks,8445291363656,LUNGO CAPS COFFEE,16605.0,,,,,,,
2026-08-10,sepa,Supermercados DIA,cafe-instantaneo,8445291738775,CAFE GOLD,15545.0,21969.0,,,,,29% de descuento. Precio Promocional Exclusivo DIA en Sucursales Indicadas Hasta Agotar Stock o Finalice Vigencia.,
2026-08-10,sepa,Vea,cafe-instantaneo,7613035379213,Cafe Descafeinado NESCAFE MasAroma 100g FCO-100-gr.,15499.0,,,,,,,
2026-08-10,sepa,Vea,cafe-instantaneo,7613036312752,Nescafe GOLD espresso 100g FCO-100-gr.,21299.0,,,,,,,
2026-08-10,sepa,Vea,capsulas-nespresso-starbucks,7613036961004,Capsulas STARBUCKS Blonde Espresso Roast CJA-53-gr.,17290.0,,,,,,,
2026-08-10,sepa,Vea,capsulas-nespresso-starbucks,7613036961448,Capsulas Café STARBUCKS Colombia x57g CJA-57-gr.,15699.0,,,,,,,
2026-08-10,sepa,Vea,suprema-pollo,7790070036063,Suprema de pollo GRANJA DEL SOL 360g PAQ-360-gr.,10990.0,,,,,,,
2026-08-10,sepa,Vea,vinagre-alcohol,7790130000034,Vinagre MENOYO de alcohol PVC-500-cc.,1350.0,,,,,,,
2026-08-10,sepa,Vea,vinagre-alcohol,7790130000058,Vinagre MENOYO de alcohol PVC-1-lt.,1850.0,,,,,,,
2026-08-10,sepa,Vea,vinagre-alcohol,7790130000263,Vinagre alcazar de alcohol PVC-500-cc.,1150.0,,,,,,,
2026-08-10,sepa,Vea,lavandina,7790132098459,lavandina AYUDIN original 1L       PVC-1000-ml.,1290.0,,,,,,,
2026-08-10,sepa,Vea,vinagre-alcohol,7790139101138,Vinagre de Alcohol Favinco S/T x 1lt BOT-1000-ml.,1290.0,,,,,,,
2026-08-10,sepa,Vea,cafe-instantaneo,7790150100462,café LA VIRGINIA Clásico Espuma DPx170g DOY-170-gr.,7590.0,,,,,,,
2026-08-10,sepa,Vea,cafe-instantaneo,7790150100486,café LA VIRGINIA Clasico Espuma x170G FCO-170-gr.,6799.0,,,,,,,
2026-08-10,sepa,Vea,cafe-instantaneo,7790150100783,café LA VIRGINIA Clasico Espuma x100G FCO-100-gr.,5399.0,,,,,,,
2026-08-10,sepa,Vea,cafe-instantaneo,7790150101476,café LA VIRGINIA Suave Espuma DP x170g DOY-170-gr.,7590.0,,,,,,,
2026-08-10,sepa,Vea,cafe-instantaneo,7790150101780,Café LA VIRGINIA Suave Espuma DPx100g DOY-100-gr.,5199.0,,,,,,,
2026-08-10,sepa,Vea,cafe-instantaneo,7790170904798,café LA MORENITA Intenso x100g FCO-100-gr.,5899.0,,,,,,,
2026-08-10,sepa,Vea,queso-crema-light,7790244941605,Q.Blancrem Light S.Ignacio 290g POT-290-gr.,3599.0,,,,,,,
2026-08-10,sepa,Vea,queso-crema-light,7790244941612,Q.Blancrem Light S.Ignacio 480g POT-480-gr.,5199.0,,,,,,,
2026-08-10,sepa,Vea,papel-higienico-doble-hoja,7790250015536,papel higieni HIGIENOL dob h fus 4x30m BSA-4-m2,3290.0,,,,,,,
2026-08-10,sepa,Vea,rollo-cocina,7790250056881,rollo cocina SUSSEX clasic 3x50paños PAQ-15-m2,2890.0,,,,,,,
2026-08-10,sepa,Vea,rollo-cocina,7790250056980,rollo cocina SUSSEX ultra 3x100p PAQ-300-un.,6790.0,,,,,,,
2026-08-10,sepa,Vea,yerba-mananita,7790387015317,Yerba Mate MAÑANITA 4FLEX 1kg PAQ-1000-gr.,4490.0,,,,,,,
2026-08-10,sepa,Vea,yerba-mananita,7790387015324,Yerba Mate MAÑANITA 4FLEX 1/2kg PAQ-500-gr.,2690.0,,,,,,,
2026-08-10,sepa,Vea,ricotta,7790742102805,ricota entera GARCIA baja en sodio SCH-500-gr.,5050.0,,,,,,,
2026-08-10,sepa,Vea,ricotta,7790742114204,Ricotta Garcia Semigrasa Sachet 500GR SCH-500-gr.,4950.0,,,,,,,
2026-08-10,sepa,Vea,leche-protein,7790742358608,Leche Uat Proteina La serenisima 1l BOT-1000-ml.,2890.0,,,,,,,
2026-08-10,sepa,Vea,queso-crema-light,7790742373304,Q.Procesado Finlandia Light 290g POT-290-gr.,5199.0,,,,,,,
2026-08-10,sepa,Vea,gaseosa-cola-zero,7790895067532,gaseosa COCA COLA Zero 500cc PET-500-ml.,2199.0,,,,,,,
2026-08-10,sepa,Vea,gaseosa-cola-zero,7790895067556,gaseosa COCA COLA Zero 1.5lt PET-1500-ml.,4150.0,,,,,,,
2026-08-10,sepa,Vea,gaseosa-cola-zero,7790895067570,gaseosa COCA COLA Zero 2.25lt PET-2250-ml.,5500.0,,,,,,,
2026-08-10,sepa,Vea,gaseosa-cola-zero,7790895067587,gaseosa COCA COLA Zero 354cc LAT-354-ml.,2790.0,,,,,,,
2026-08-10,sepa,Vea,gaseosa-cola-zero,7790895640438,gaseosa COCA COLA Zero  3lt PET-3000-ml.,6490.0,,,,,,,
2026-08-10,sepa,Vea,detergente,7790990003022,detergente MAGISTRAL ult lim bot 300ml BOT-300-ml.,3190.0,,,,,,,
2026-08-10,sepa,Vea,detergente,7790990003039,detergente MAGISTRAL ult lim bot 500ml BOT-500-ml.,4290.0,,,,,,,
2026-08-10,sepa,Vea,detergente,7790990003046,detergente MAGISTRAL ult lim bot 750ml BOT-750-ml.,6290.0,,,,,,,
2026-08-10,sepa,Vea,detergente,7790990003121,detergente MAGISTRAL ult mar bot 300ml BOT-300-ml.,2990.0,,,,,,,
2026-08-10,sepa,Vea,detergente,7790990003138,detergente MAGISTRAL ult mar bot 500ml BOT-500-ml.,4290.0,,,,,,,
2026-08-10,sepa,Vea,detergente,7790990003145,detergente MAGISTRAL ult mar bot 750ml BOT-750-ml.,6290.0,,,,,,,
2026-08-10,sepa,Vea,lavandina,7791290793781,limpiador CIF crema lavand cloro 750gr BOT-750-gr.,4850.0,,,,,,,
2026-08-10,sepa,Vea,lavandina,7791290793804,limpiador CIF  gel lavandina cloro 513gr BOT-513-ml.,3800.0,,,,,,,
2026-08-10,sepa,Vea,detergente,7791290794054,lavavajilla CIF bioactive limon 300ml. BOT-300-ml.,2690.0,,,,,,,
2026-08-10,sepa,Vea,detergente,7791290794061,lavavajilla CIF bioactive limon 500ml BOT-500-ml.,4390.0,,,,,,,
2026-08-10,sepa,Vea,detergente,7791290794078,lavavajilla CIF bioactive limon 750ml BOT-750-ml.,6590.0,,,,,,,
2026-08-10,sepa,Vea,detergente,7791290794085,lavavajilla CIF limon bioactiv DP 450ml DOY-450-ml.,3890.0,,,,,,,
2026-08-10,sepa,Vea,detergente,7791290794092,lavavajilla CIF lima bioactive DP 450ml DOY-450-ml.,3890.0,,,,,,,
2026-08-10,sepa,Vea,detergente,7791290794108,lavavajilla CIF bioactive lima 300ml BOT-300-ml.,2690.0,,,,,,,
2026-08-10,sepa,Vea,detergente,7791290794115,lavavajilla CIF bioactive lima 500ml BOT-500-ml.,4390.0,,,,,,,
2026-08-10,sepa,Vea,yogur-natural-sin-azucar,7791337007208,Yog SER Natural 300g POT-300-gr.,4990.0,,,,,,,
2026-08-10,sepa,Vea,gaseosa-cola-zero,7791813828365,gaseosa PEPSI Black 500cc BOT-500-ml.,2100.0,,,,,,,
2026-08-10,sepa,Vea,gaseosa-cola-zero,7791813828419,gaseosa PEPSI Black 1.5lt BOT-1500-ml.,3899.0,,,,,,,
2026-08-10,sepa,Vea,gaseosa-cola-zero,7791813828464,gaseosa PEPSI Black 2lt BOT-2000-ml.,4300.0,,,,,,,
2026-08-10,sepa,Vea,lavandina,7793253003715,Lavandina Ayudin Triple Poder 1L BOT-1000-ml.,1690.0,,,,,,,
2026-08-10,sepa,Vea,lavandina,7793253003722,lavandina AYUDIN Glaciar Triple Poder La BOT-2000-ml.,3190.0,,,,,,,
2026-08-10,sepa,Vea,lavandina,7793253003739,Lavandina Ayudin Triple Poder 4L BOT-4000-ml.,6590.0,,,,,,,
2026-08-10,sepa,Vea,lavandina,7793253003746,Ayudin Pureza Glaciar Triple Poder 1L BOT-1000-ml.,1690.0,,,,,,,
2026-08-10,sepa,Vea,lavandina,7793253003753,lavandina AYUDIN Glaciar Triple Poder 2l BOT-2000-ml.,3190.0,,,,,,,
2026-08-10,sepa,Vea,lavandina,7793253003777,Lavandina Ayudin Anti-Splash Tradi 1L BOT-1000-ml.,1990.0,,,,,,,
2026-08-10,sepa,Vea,lavandina,7793253003784,lavandina AYUDIN Anti Splash 2lt BOT-2000-ml.,3990.0,,,,,,,
2026-08-10,sepa,Vea,lavandina,7793253003791,Ayudín Lavandina en Gel Original 700ml BOT-700-ml.,3190.0,,,,,,,
2026-08-10,sepa,Vea,lavandina,7793253003807,Ayudín Lavandina en Gel Citrica 700ml BOT-700-ml.,3190.0,,,,,,,
2026-08-10,sepa,Vea,lavandina,7793253003814,Ayudín Lavandina en Gel Floral 700ml BOT-700-ml.,3190.0,,,,,,,
2026-08-10,sepa,Vea,lavandina,7793253003821,Ayudín Lavandina en Gel Menta 700ml BOT-700-ml.,3190.0,,,,,,,
2026-08-10,sepa,Vea,lavandina,7793253003838,Ayudín Lavandina en Gel Lavanda 700ml BOT-700-ml.,3190.0,,,,,,,
2026-08-10,sepa,Vea,papel-higienico-doble-hoja,7793344000517,Papel hig New ELEGANTE Extra bl 30m x 4u PAQ-12-m2,3390.0,,,,,,,
2026-08-10,sepa,Vea,rollo-cocina,7793344009206,rollo cocina ELEGANTE dobl h 1x200 paños PCK-1-un.,2690.0,,,,,,,
2026-08-10,sepa,Vea,rollo-cocina,7793344904013,rollo cocina ELEGANTE dobl h 3x50 paños BSA-3-un.,2490.0,,,,,,,
2026-08-10,sepa,Vea,queso-crema-light,7793913013412,Queso Crema Light Tregar 280g POT-280-gr.,3799.0,,,,,,,
2026-08-10,sepa,Vea,ricotta,7793913013665,RICOTTA ENTERA TREGAR X 290 GRS POT-290-gr.,3290.0,,,,,,,
2026-08-10,sepa,Vea,ricotta,7793913013672,RICOTTA LIGHT TREGAR X 290 GRS POT-290-gr.,3550.0,,,,,,,
2026-08-10,sepa,Vea,queso-crema-light,7794820903094,Queso Crematto Balance MILKAUT x 285 grs POT-285-gr.,4399.0,,,,,,,
2026-08-10,sepa,Vea,queso-crema-light,7794990879663,queso crema LA PAULINA light. POT-290-gr.,2999.0,,,,,,,
2026-08-10,sepa,Vea,yogur-natural-sin-azucar,7798136870545,Yog. Ent. Natural s/az DAHÍ 190g FCO-190-gr.,2799.0,,,,,,,
2026-08-10,sepa,Vea,yogur-natural-sin-azucar,7798136870743,Yog. Desc. Deslac Nat DAHÍ 190g FCO-200-gr.,3399.0,,,,,,,
2026-08-10,sepa,Vea,capsulas-nespresso-starbucks,8445291363656,Capsulas STARBUCKS House Blend 12u CJA-52-gr.,16699.0,,,,,,,
2026-08-10,sepa,Vea,capsulas-nespresso-starbucks,8445291367272,Capsulas STARBUCKS Espresso Roast 12u CJA-78-gr.,16699.0,,,,,,,
2026-08-11,sepa,Axion Energy,gaseosa-cola-zero,7790895067532,COCA COLA ZERO 500 ML,3400.0,,,,,,,
2026-08-11,sepa,Axion Energy,gaseosa-cola-zero,7790895067556,COCA COLA ZERO 1.5 L,7300.0,,,,,,,
2026-08-11,sepa,Axion Energy,gaseosa-cola-zero,7790895067570,DISC:DISC COCA COLA ZERO 2.25L,7200.0,,,,,,,
2026-08-11,sepa,Axion Energy,gaseosa-cola-zero,7790895067587,COCA COLA ZERO LATA 354ML,3200.0,,,,,,,
2026-08-11,sepa,Axion Energy,gaseosa-cola-zero,7791813828365,PEPSI BLACK 500ML,3000.0,,,,,,,
2026-08-11,sepa,Axion Energy,gaseosa-cola-zero,7791813828419,PEPSI BLACK 1.5L,6600.0,,,,,,,
2026-08-11,sepa,COTO CICSA,desodorante-barra-hombre,75083694,DESODORANTE BARRA BLUE LAVEN. AXE BAR 58 GRM,8711.99,,,,,,,
2026-08-11,sepa,COTO CICSA,desodorante-barra-hombre,75083700,DESODORANTE BARRA AQUA CITRUS AXE BAR 58 GRM,8711.99,,,,,,,
2026-08-11,sepa,COTO CICSA,cafe-instantaneo,7613035379213,CAFE INSTANTANEO NESCAFE DESCAFEINADO FRA 95 GRM,16650.0,,,,,,,
2026-08-11,sepa,COTO CICSA,capsulas-nespresso-starbucks,7613036961004,CAPSULA CAFÉ STARBUCKS BLONDE ESPRESSO CJA 53 GRM,17766.0,,,,,,,
2026-08-11,sepa,COTO CICSA,suprema-pollo,7790070036063,SUPREMAS DE POLLO GRANJA DEL SOL PAQ 360 GRM,10665.0,,,,,,,
2026-08-11,sepa,COTO CICSA,vinagre-alcohol,7790130000034,VINAGRE DE ALCOHOL MENOYO BOT 500 CC,1399.0,,,,,,,
2026-08-11,sepa,COTO CICSA,vinagre-alcohol,7790130000058,VINAGRE DE ALCOHOL MENOYO BOT 1 LTR,1765.0,,,,,,,
2026-08-11,sepa,COTO CICSA,vinagre-alcohol,7790130000263,VINAGRE DE ALCOHOL ALCAZAR PET 500 CMQ,1119.0,,,,,,,
2026-08-11,sepa,COTO CICSA,lavandina,7790132098459,LAVANDINA AYUDIN BOT 1 LTR,1453.99,,,,,,,
2026-08-11,sepa,COTO CICSA,vinagre-alcohol,7790139003166,VINAGRE DE ALCOHOL CASALTA CLASICO BOT 500 CC,1205.0,,,,,,,
2026-08-11,sepa,COTO CICSA,vinagre-alcohol,7790139101138,VINAGRE DE ALCOHOL  FAVINCO PET 1000 CC,1587.0,,,,,,,
2026-08-11,sepa,COTO CICSA,vinagre-alcohol,7790139101145,VINAGRE DE ALCOHOL FAVINCO BOT 500 ML,1162.0,,,,,,,
2026-08-11,sepa,COTO CICSA,cafe-instantaneo,7790150100486,CAFÉ INSTANTÁNEO CLÁSICO LA VIRGINIA FRA 170 GRM,9215.0,,,,,,,
2026-08-11,sepa,COTO CICSA,cafe-instantaneo,7790170904798,CAFÉ INSTANTÁNEO INTENSO MORENITA FRA 100 GRM,6350.0,,,,,,,
2026-08-11,sepa,COTO CICSA,queso-crema-light,7790244941605,QUESO D/CREMA DIETETICO SAN IGNACIO POT 290 GRM,3769.0,,,,,,,
2026-08-11,sepa,COTO CICSA,queso-crema-light,7790244941612,QUESO D/CREMA DIETETICO SAN IGNACIO POT 480 GRM,5669.0,,,,,,,
2026-08-11,sepa,COTO CICSA,papel-higienico-doble-hoja,7790250015536,P.HIGIÉNICO DOBLE HOJA PLUS HIGIENOL PAQ X4 UNI 30M,4593.99,,,,,,,
2026-08-11,sepa,COTO CICSA,papel-higienico-doble-hoja,7790250015567,PAPEL HIGIÉNICO DH PLUS HIGIENOL PAQ 4 UNI 20 M2,3545.99,,,,,,,
2026-08-11,sepa,COTO CICSA,papel-higienico-doble-hoja,7790250026075,PAPEL HIGIENICO ULTRA SUAVE 4 X 30M ELITE PAQ 12 M2,5617.99,,,,,,,
2026-08-11,sepa,COTO CICSA,papel-higienico-doble-hoja,7790250026082,PAPEL HIG.ULTR.SUAV. ELITE PAQ 20 M2,10352.99,,,,,,,
2026-08-11,sepa,COTO CICSA,rollo-cocina,7790250056881,"ROLLO D/COCINA CLÁSICO 3X 50 PAÑOS SUSSEX PAQ 6,33 MT2",2957.99,,,,,,,
2026-08-11,sepa,COTO CICSA,rollo-cocina,7790250056898,ROLLO D/COCINA ULTRA 180 PAÑOS SUSSEX PAQ 7.59 M2,4979.99,,,,,,,
2026-08-11,sepa,COTO CICSA,yerba-mananita,7790387015317,YERBA MATE 4 FLEX MAÑANITA PAQ 1 KGM,5370.0,,,,,,,
2026-08-11,sepa,COTO CICSA,yerba-mananita,7790387015324,YERBA MATE 4 FLEX MAÑANITA PAQ 500 GRM,2750.0,,,,,,,
2026-08-11,sepa,COTO CICSA,atun-lomitos-natural,7790580131364,LOMO D/ATÚN AL NATURAL LA CAMPAGNOLA LAT 170 GRM,5813.0,,,,,,,
2026-08-11,sepa,COTO CICSA,ricotta,7790742102805,RICOTTA ENTERA GARCIA BAJA EN SODIO SHC 500 GRM,4755.0,,,,,,,
2026-08-11,sepa,COTO CICSA,ricotta,7790742114204,RICOTTA GARCIA SCH 500 GRM,4755.0,,,,,,,
2026-08-11,sepa,COTO CICSA,leche-protein,7790742358608,LECHE DESC. LA SERENISIMA PROTEIN BOT 1 LTR,2999.0,,,,,,,
2026-08-11,sepa,COTO CICSA,queso-crema-light,7790742373304,QUESO PROCESADO LIGHT FINLANDIA POT 290 GRM,5479.0,,,,,,,
2026-08-11,sepa,COTO CICSA,yogur-natural-sin-azucar,7790787960934,YOGURT DESC.SAB.NATURAL ILOLAY POT 350 GRM,3699.0,,,,,,,
2026-08-11,sepa,COTO CICSA,gaseosa-cola-zero,7790895067556,"GASEOSA COCA COLA  SIN AZUCAR BOT 1,5 LTR",4150.0,,,,,,,
2026-08-11,sepa,COTO CICSA,gaseosa-cola-zero,7790895067570,"GASEOSA COCA COLA SIN AZUCAR  BOT 2,25 LTR",5500.0,,,,,,,
2026-08-11,sepa,COTO CICSA,gaseosa-cola-zero,7790895640438,GASEOSA COCA COLA SIN AZUCAR  BOT 3 LTR,6650.0,,,,,,,
2026-08-11,sepa,COTO CICSA,detergente,7790990003022,DETERGENTE LAVAV.ULTRA LIMÓN MAGISTRAL BOT 300 ML,3129.99,,,,,,,
2026-08-11,sepa,COTO CICSA,detergente,7790990003039,DETERGENTE LAVAV.ULTRA LIMÓN MAGISTRAL BOT 500 ML,5049.99,,,,,,,
2026-08-11,sepa,COTO CICSA,detergente,7790990003046,DETERGENTE LAVAV.ULTRA LIMÓN MAGISTRAL BOT 750 ML,7559.99,,,,,,,
2026-08-11,sepa,COTO CICSA,detergente,7790990003053,DETERGENTE LIMÓN MAGISTRAL BOT 1.4 LTR,13989.99,,,,,,,
2026-08-11,sepa,COTO CICSA,detergente,7790990003121,DETERGENTE LAVAV.ULTRA MARINA MAGISTRAL BOT 300 ML,3129.99,,,,,,,
2026-08-11,sepa,COTO CICSA,detergente,7790990003138,DETERGENTE LAVAV.ULTRA MARINA MAGISTRAL BOT 500 ML,5049.99,,,,,,,
2026-08-11,sepa,COTO CICSA,detergente,7790990003381,DETER.LAVAV.ULTRA LIMÓN MAGISTRAL PLATINUM+ BOT 500 ML,6219.99,,,,,,,
2026-08-11,sepa,COTO CICSA,detergente,7790990003404,DETERGENTE ULTRA DESENG.LIMÓN MAGISTRAL BOT 300 ML,3489.99,,,,,,,
2026-08-11,sepa,COTO CICSA,detergente,7790990003411,DETERGENTE ULTRA DESENG.LIMÓN MAGISTRAL BOT 500 ML,5049.99,,,,,,,
2026-08-11,sepa,COTO CICSA,detergente,7790990003787,REPUESTO DETERG.ULTRA DESENG. LIMÓN MAGISTRAL DOY 450 ML,4319.99,,,,,,,
2026-08-11,sepa,COTO CICSA,rollo-cocina,7791070005806,"ROLLOS D/COCINA 50 PAÑOS 3 UNI CELESTIAL PAQ 5,32 MT2",3188.99,,,,,,,
2026-08-11,sepa,COTO CICSA,lavandina,7791290793781,LIMP.CREMOSO C/LAVANDINA CLORO CLORO CIF BOT 750 GRM,4665.99,,,,,,,
2026-08-11,sepa,COTO CICSA,lavandina,7791290793804,LIMP.DESINF.E/GEL C/LAVANDINA CLORO CIF BOT 513 GRM,3671.99,,,,,,,
2026-08-11,sepa,COTO CICSA,detergente,7791290794054,DETERGENTE BIO ACTIVE LIMON CIF BOT 300 ML,2710.99,,,,,,,
2026-08-11,sepa,COTO CICSA,detergente,7791290794061,DETERGENTE BIO ACT.LIMON CIF BOT 500 ML,4390.99,,,,,,,
2026-08-11,sepa,COTO CICSA,detergente,7791290794078,DETERGENTE BIO ACTIV.LIMON CIF BOT 750 ML,6590.99,,,,,,,
2026-08-11,sepa,COTO CICSA,detergente,7791290794085,DETERGENTE BIOACTIVE LIMÓN CIF DOY 450 ML,3864.99,,,,,,,
2026-08-11,sepa,COTO CICSA,detergente,7791290794092,DETERGENTE BIOACTIVE LIMA CIF DOY 450 ML,3864.99,,,,,,,
2026-08-11,sepa,COTO CICSA,detergente,7791290794108,DETERGENTE BIO ACTIVE LIMA CIF BOT 300 ML,2710.99,,,,,,,
2026-08-11,sepa,COTO CICSA,detergente,7791290794115,DETERGENTE BIO ACT.LIMA CIF BOT 500 ML,4390.99,,,,,,,
2026-08-11,sepa,COTO CICSA,lavandina,7791290794955,LAVANDINA EN GEL ORIGINAL VIM BOT 700 ML,3519.99,,,,,,,
2026-08-11,sepa,COTO CICSA,lavandina,7791290794962,LAVANDINA EN GEL LAVANDA VIM BOT 700 ML,3519.99,,,,,,,
2026-08-11,sepa,COTO CICSA,lavandina,7791290794979,LAVANDINA EN GEL CITRUS VIM BOT 700 ML,3519.99,,,,,,,
2026-08-11,sepa,COTO CICSA,detergente,7791290796706,DETERGENTE ORIGINAL CIF BOT 500 ML,5484.99,,,,,,,
2026-08-11,sepa,COTO CICSA,detergente,7791290796713,DETERGENTE ORIGINAL CIF BOT 750 ML,8232.99,,,,,,,
2026-08-11,sepa,COTO CICSA,detergente,7791290796720,DETERGENTE ORIGINAL CIF DOY 400 ML,4289.99,,,,,,,
2026-08-11,sepa,COTO CICSA,detergente,7791290796737,DETERGENTE LIMON CIF BOT 500 ML,5484.99,,,,,,,
2026-08-11,sepa,COTO CICSA,detergente,7791290796744,DETERGENTE LIMON CIF BOT 750 ML,8232.99,,,,,,,
2026-08-11,sepa,COTO CICSA,detergente,7791290796751,DETERGENTE LIMON CIF DOY 400 ML,4289.99,,,,,,,
2026-08-11,sepa,COTO CICSA,queso-crema-light,7791337009851,QUESO BLANCO CLÁSICO SUAVE LA SERENISIMA POT 460 GRM,6045.0,,,,,,,
2026-08-11,sepa,COTO CICSA,gaseosa-cola-zero,7791813828365,GASEOSA COLA BLACK PEPSI BOT 500 ML,2200.0,,,,,,,
2026-08-11,sepa,COTO CICSA,gaseosa-cola-zero,7791813828419,GASEOSA COLA PEPSI BLACK  BOT. 1500 CMQ,3950.0,,,,,,,
2026-08-11,sepa,COTO CICSA,gaseosa-cola-zero,7791813828464,GASEOSA COLA PEPSI BLACK BOT 2000 CMQ,4400.0,,,,,,,
2026-08-11,sepa,COTO CICSA,rollo-cocina,7791828000121,ROLLO COCINA FELPITA DOBLE HOJA PAQ 3 UNI,2855.99,,,,,,,
2026-08-11,sepa,COTO CICSA,rollo-cocina,7791828900025,ROLLOS DE COCINA FELPITA  DISNEY BSA 3 UNI 4.968MT2,3267.99,,,,,,,
2026-08-11,sepa,COTO CICSA,papel-higienico-doble-hoja,7791828900049,P. HIGIENICO D/H FELPITA  INFIN 12MT2 4ROLL 30MT,4449.99,,,,,,,
2026-08-11,sepa,COTO CICSA,rollo-cocina,7791828900056,ROLL. COC INFIN X3 - 300 PAÑ,5106.99,,,,,,,
2026-08-11,sepa,COTO CICSA,papel-higienico-doble-hoja,7791828900186,P. HIGIENICO D/H FELPITA   PAQ 8 MT2 4ROLL 20MT,2939.99,,,,,,,
2026-08-11,sepa,COTO CICSA,papel-higienico-doble-hoja,7791828900278,PAPEL HIGIÉNICO PURA CARICIA  FELPITA PAQ X6 UNI 30 MTR,6405.99,,,,,,,
2026-08-11,sepa,COTO CICSA,papel-higienico-doble-hoja,7791828900285,PAPEL HIGIÉNICO INFINITY FELPITA PAQ X4 UNI 5 M2,6859.99,,,,,,,
2026-08-11,sepa,COTO CICSA,rollo-cocina,7791828900377,"ROLLO D/COCINA MAXIROLLO FELPITA ROL 2,8 MTR",3070.99,,,,,,,
2026-08-11,sepa,COTO CICSA,rollo-cocina,7791828900537,ROLLO DE COCI.180 PAÑOS D.HOJ. FELPITA BSA 7.59 M2,2799.99,,,,,,,
2026-08-11,sepa,COTO CICSA,lavandina,7791905000020,LAVANDINA QUERUBIN BOT 1 LTR,1620.99,,,,,,,
2026-08-11,sepa,COTO CICSA,lavandina,7791905000037,LAVANDINA QUERUBIN BOT 2 LTR,3130.99,,,,,,,
2026-08-11,sepa,COTO CICSA,lavandina,7791905000372,LAVANDINA QUERUBIN BID 4 LTR,6030.99,,,,,,,
2026-08-11,sepa,COTO CICSA,lavandina,7793253003715,LAVANDINA TRIPLE PODER LAVANDA AYUDIN BOT 1 LTR,1886.99,,,,,,,
2026-08-11,sepa,COTO CICSA,lavandina,7793253003722,LAVANDINA TRIPLE PODER LAVANDA AYUDIN BOT 2 LTR,3606.99,,,,,,,
2026-08-11,sepa,COTO CICSA,lavandina,7793253003739,LAVANDINA TRIPLE PODER LAVANDA AYUDIN BID 4 LTR,7204.99,,,,,,,
2026-08-11,sepa,COTO CICSA,lavandina,7793253003746,LAVANDINA TRIPLE PODER PUREZA GLAC AYUDIN BOT 1 LTR,1886.99,,,,,,,
2026-08-11,sepa,COTO CICSA,lavandina,7793253003753,LAVANDINA TRIPLE PODER PUREZA GLAC AYUDIN BOT 2 LTR,3606.99,,,,,,,
2026-08-11,sepa,COTO CICSA,lavandina,7793253003760,LAVANDINA TRIPLE PODER PUREZA GLAC AYUDIN BID 4 LTR,7204.99,,,,,,,
2026-08-11,sepa,COTO CICSA,lavandina,7793253003777,LAVANDINA ANTI SPLASH AYUDIN BOT 1 LTR,2225.99,,,,,,,
2026-08-11,sepa,COTO CICSA,lavandina,7793253003784,LAVANDINA ANTI SPLASH AYUDIN BOT 2 LTR,4311.99,,,,,,,
2026-08-11,sepa,COTO CICSA,lavandina,7793253003791,LAVANDINA EN GEL ORIGINAL AYUDIN BOT 700 ML,3558.99,,,,,,,
2026-08-11,sepa,COTO CICSA,lavandina,7793253003807,LAVANDINA EN GEL CÍTRICA AYUDIN BOT 700 ML,3558.99,,,,,,,
2026-08-11,sepa,COTO CICSA,lavandina,7793253003814,LAVANDINA EN GEL FLORAL AYUDIN BOT 700 ML,3558.99,,,,,,,
2026-08-11,sepa,COTO CICSA,lavandina,7793253003821,LAVANDINA EN GEL MENTA AYUDIN BOT 700 ML,3558.99,,,,,,,
2026-08-11,sepa,COTO CICSA,lavandina,7793253003838,LAVANDINA EN GEL LAVANDA AYUDIN BOT 700 ML,3558.99,,,,,,,
2026-08-11,sepa,COTO CICSA,lavandina,7793253005856,LAVANDINA EN GEL ORIGINAL AYUDIN BOT 500 ML,3011.99,,,,,,,
2026-08-11,sepa,COTO CICSA,lavandina,7793253006709,LAVANDINA ORIGINAL AYUDIN BOT 2 LTR,2925.99,,,,,,,
2026-08-11,sepa,COTO CICSA,lavandina,7793253006716,LAVANDINA ORIGINAL AYUDIN BID 4 LTR,5842.99,,,,,,,
2026-08-11,sepa,COTO CICSA,lavandina,7793253007263,LAVANDINA ANTISPLASH AYUDIN BID 4 LTR,8280.99,,,,,,,
2026-08-11,sepa,COTO CICSA,yogur-natural-sin-azucar,7793913002423,YOGUR ENTERO NATURAL TREGAR POTE X140 GRS.,2090.0,,,,,,,
2026-08-11,sepa,COTO CICSA,queso-crema-light,7793913013214,QUESO CREMA LIGHT TREGAR POT 190 GRM,3190.0,,,,,,,
2026-08-11,sepa,COTO CICSA,queso-crema-light,7793913013412,QUESO CREMA DESCREMADO TREGAR POT 280 GRM,4190.0,,,,,,,
2026-08-11,sepa,COTO CICSA,queso-crema-light,7793913013641,QUESO UNTABLE DESCREMADO TREGAR POT 180 GRM,3090.0,,,,,,,
2026-08-11,sepa,COTO CICSA,ricotta,7793913013665,RICOTTA ENTERA TREGAR POT 290 GRM,3790.0,,,,,,,
2026-08-11,sepa,COTO CICSA,ricotta,7793913013672,RICOTTA SEMIDESCREMADA S/SAL TREGAR POT 290 GRM,3790.0,,,,,,,
2026-08-11,sepa,COTO CICSA,yogur-natural-sin-azucar,7794820903612,YOG.CREMOSO SAB.NATURAL MILKAUT  POT 300 GRM,3879.0,,,,,,,
2026-08-11,sepa,COTO CICSA,yogur-natural-sin-azucar,7794820903711,YOG.CREM.DESC.SAB.NATURAL BALANCE MILKAUT  POT 300 GRM,3879.0,,,,,,,
2026-08-11,sepa,COTO CICSA,queso-crema-light,7794990879663,QUESO CREMA LA PAULINA LIGHT POT 290 GRM,3435.0,,,,,,,
2026-08-11,sepa,COTO CICSA,yogur-natural-sin-azucar,7798136870545,YOGUR FIRME ENT.NAT.S/AZUC DAHI FRA 190 GRM,2725.0,,,,,,,
2026-08-11,sepa,COTO CICSA,yogur-natural-sin-azucar,7798136870859,YOGUR ESTILO GRIEGO NATURAL DAHI FRA 190 GRM,3295.0,,,,,,,
2026-08-11,sepa,COTO CICSA,ricotta,7798179070018,RICOTA CON CREMA SILVIA SCH 500 GRM,3285.0,,,,,,,
2026-08-11,sepa,COTO CICSA,leche-protein,7798338291803,LECHE C/PROTEINA TRES NIÑAS TTB 1 LTR,2865.0,,,,,,,
2026-08-11,sepa,COTO CICSA,atun-lomitos-natural,7891167831100,ATUN GOMES DA COSTA LOMO AL NATURAL LAT 170 GRM,4050.0,,,,,,,
2026-08-11,sepa,COTO CICSA,capsulas-nespresso-starbucks,8445290154125,CAFÉ CAPS.SMOOTH CARAMEL STARBUCKS CJA 51 GRM,16605.0,,,,,,,
2026-08-11,sepa,COTO CICSA,cafe-instantaneo,8445291311510,CAFÉ INSTANTANEO TRADICIÓN NESCAFE DOY 100 GRM,8952.0,,,,,,,
2026-08-11,sepa,COTO CICSA,capsulas-nespresso-starbucks,8445291363656,CAFÉ CAPSULA HOUSE BLEND LUNGO STARBUCKS CJA 78 GRM,15995.0,,,,,,,
2026-08-11,sepa,COTO CICSA,capsulas-nespresso-starbucks,8445291367272,CAFÉ CAPSULA ESPRESO ROAST STARBUCKS CJA 78 GRM,16605.0,,,,,,,
2026-08-11,sepa,Cooperativa Obrera Limitada de Consumo y Vivienda,desodorante-barra-hombre,7501001163983,DEO BARRA OLD SPICE FRESH,10128.0,,,,,,,
2026-08-11,sepa,Cooperativa Obrera Limitada de Consumo y Vivienda,cafe-instantaneo,7613035379213,CAFE NESCAFE SOLUBLE DESC,18170.0,,,,,,,
2026-08-11,sepa,Cooperativa Obrera Limitada de Consumo y Vivienda,cafe-instantaneo,7613036312752,CAFE NESCAFE ESPRESSO FRA,18990.0,25860.0,,,,,Vigencia desde el 30/07/2026 al 12/08/2026,
2026-08-11,sepa,Cooperativa Obrera Limitada de Consumo y Vivienda,lavandina,7790132098459,LAVANDINA AYUDIN ORIGINAL,1270.0,,,,,,,
2026-08-11,sepa,Cooperativa Obrera Limitada de Consumo y Vivienda,vinagre-alcohol,7790139003166,VINAGRE CASALTA ALCOHOL,1239.0,,,,,,,
2026-08-11,sepa,Cooperativa Obrera Limitada de Consumo y Vivienda,vinagre-alcohol,7790139101138,VINAGRE FAVINCO ALCOHOL,1585.0,,,,,,,
2026-08-11,sepa,Cooperativa Obrera Limitada de Consumo y Vivienda,vinagre-alcohol,7790139101145,VINAGRE FAVINCO ALC S/TAC,1229.0,,,,,,,
2026-08-11,sepa,Cooperativa Obrera Limitada de Consumo y Vivienda,cafe-instantaneo,7790150100462,CAFE INST LV CLAS.DPACK,6990.0,8005.0,,,,,Vigencia desde el 30/07/2026 al 12/08/2026 hasta agotar Stock de 30 unidades.,
2026-08-11,sepa,Cooperativa Obrera Limitada de Consumo y Vivienda,cafe-instantaneo,7790150100486,CAFE INST LV FRAS CLASICO,9290.0,,,,,,,
2026-08-11,sepa,Cooperativa Obrera Limitada de Consumo y Vivienda,cafe-instantaneo,7790150100783,CAFE INST LV CLASICO ESP,5920.0,,,,,,,
2026-08-11,sepa,Cooperativa Obrera Limitada de Consumo y Vivienda,cafe-instantaneo,7790150100806,CAFE INST LA VIRGINIA DP,6779.0,,,,,,,
2026-08-11,sepa,Cooperativa Obrera Limitada de Consumo y Vivienda,cafe-instantaneo,7790150101476,CAFE INST LV SUAVE DP,6990.0,8005.0,,,,,Vigencia desde el 30/07/2026 al 12/08/2026 hasta agotar Stock de 64 unidades.,
2026-08-11,sepa,Cooperativa Obrera Limitada de Consumo y Vivienda,cafe-instantaneo,7790150101490,CAFE INST LV SUAVE FRASCO,9290.0,,,,,,,
2026-08-11,sepa,Cooperativa Obrera Limitada de Consumo y Vivienda,cafe-instantaneo,7790150101773,CAFE INST LV SUAVE FRASCO,6179.0,,,,,,,
2026-08-11,sepa,Cooperativa Obrera Limitada de Consumo y Vivienda,cafe-instantaneo,7790150101780,CAFE INST LV SUAVE DP,5390.0,,,,,,,
2026-08-11,sepa,Cooperativa Obrera Limitada de Consumo y Vivienda,rollo-cocina,7790250056881,ROLLO SUSSEX CLAS BLANCO,2990.0,,,,,,,
2026-08-11,sepa,Cooperativa Obrera Limitada de Consumo y Vivienda,rollo-cocina,7790250056898,ROLLO COCINA SUSSEX ULTRA,4390.0,,,,,,,
2026-08-11,sepa,Cooperativa Obrera Limitada de Consumo y Vivienda,rollo-cocina,7790250056980,ROLLO COC SUSSEX MAXI,6590.0,,,,,,,
2026-08-11,sepa,Cooperativa Obrera Limitada de Consumo y Vivienda,rollo-cocina,7790250057086,SUSSEX CLASICO MEGARROLLO,2490.0,3320.0,,,,,Vigencia desde el 30/07/2026 al 12/08/2026 hasta agotar Stock de 4 unidades.,
2026-08-11,sepa,Cooperativa Obrera Limitada de Consumo y Vivienda,yerba-mananita,7790387015317,YERBA MAÑANITA 4FLEX,5350.0,,,,,,,
2026-08-11,sepa,Cooperativa Obrera Limitada de Consumo y Vivienda,yerba-mananita,7790387015324,YERBA MAÑANITA 4FLEX 1/2,2750.0,,,,,,,
2026-08-11,sepa,Cooperativa Obrera Limitada de Consumo y Vivienda,cafe-instantaneo,7790550029431,CAFE LPC FRASCO CLASICO,10091.0,,,,,,,
2026-08-11,sepa,Cooperativa Obrera Limitada de Consumo y Vivienda,atun-lomitos-natural,7790580131364,ATUN LC LOMO NATURAL,5740.0,,,,,,,
2026-08-11,sepa,Cooperativa Obrera Limitada de Consumo y Vivienda,leche-protein,7790742358608,LECHE DESC LS PROTEIN BOT,2490.0,3149.0,,,,,Vigencia desde el 30/07/2026 al 12/08/2026 hasta agotar Stock de 92 unidades.,
2026-08-11,sepa,Cooperativa Obrera Limitada de Consumo y Vivienda,yogur-natural-sin-azucar,7790787960934,YOGUR NATURAL CREM ILOLAY,3599.0,,,,,,,
2026-08-11,sepa,Cooperativa Obrera Limitada de Consumo y Vivienda,gaseosa-cola-zero,7790895067532,COCA COLA SIN AZUCAR,2450.0,,,,,,,
2026-08-11,sepa,Cooperativa Obrera Limitada de Consumo y Vivienda,gaseosa-cola-zero,7790895067556,COCA COLA SIN AZUCAR,4150.0,,,,,,,
2026-08-11,sepa,Cooperativa Obrera Limitada de Consumo y Vivienda,gaseosa-cola-zero,7790895067570,COCA COLA SIN AZUCAR,4200.0,5500.0,,,,,Llevando 2 paga $4200.00 c/u - Vigencia desde el 30/07/2026 al 12/08/2026 o hasta agotar Stock de 144 unidades.,
2026-08-11,sepa,Cooperativa Obrera Limitada de Consumo y Vivienda,detergente,7790990003022,DET MAGISTRAL ULTRA LIMON,3400.0,,,,,,,
2026-08-11,sepa,Cooperativa Obrera Limitada de Consumo y Vivienda,detergente,7790990003039,DET MAGISTRAL ULTRA LIMON,4700.0,,,,,,,
2026-08-11,sepa,Cooperativa Obrera Limitada de Consumo y Vivienda,detergente,7790990003046,DET MAGISTRAL ULTRA LIMON,7990.0,,,,,,,
2026-08-11,sepa,Cooperativa Obrera Limitada de Consumo y Vivienda,detergente,7790990003121,DET MAGISTRAL ULTRA MARIN,3400.0,,,,,,,
2026-08-11,sepa,Cooperativa Obrera Limitada de Consumo y Vivienda,detergente,7790990003138,DET MAGISTRAL ULTRA MARIN,4700.0,,,,,,,
2026-08-11,sepa,Cooperativa Obrera Limitada de Consumo y Vivienda,detergente,7790990003145,DET MAGISTRAL ULTRA MARIN,7990.0,,,,,,,
2026-08-11,sepa,Cooperativa Obrera Limitada de Consumo y Vivienda,detergente,7790990003787,DET MAGISTRAL ULT LIM DP,4550.0,,,,,,,
2026-08-11,sepa,Cooperativa Obrera Limitada de Consumo y Vivienda,lavandina,7791290793781,CIF CREMA C/LAVAND Y CLOR,3490.0,4790.0,,,,,Vigencia desde el 30/07/2026 al 12/08/2026 hasta agotar Stock de 2 unidades.,
2026-08-11,sepa,Cooperativa Obrera Limitada de Consumo y Vivienda,lavandina,7791290793804,CIF GEL C/LAVAND Y CLORO,3790.0,,,,,,,
2026-08-11,sepa,Cooperativa Obrera Limitada de Consumo y Vivienda,detergente,7791290794054,DET CIF BIOACTIVE LIMON,2749.0,,,,,,,
2026-08-11,sepa,Cooperativa Obrera Limitada de Consumo y Vivienda,detergente,7791290794061,DET CIF BIOACTIVE LIMON,2990.0,4209.0,,,,,Vigencia desde el 30/07/2026 al 12/08/2026 hasta agotar Stock de 16 unidades.,
2026-08-11,sepa,Cooperativa Obrera Limitada de Consumo y Vivienda,detergente,7791290794078,DET CIF BIOACTIVE LIMON,6690.0,,,,,,,
2026-08-11,sepa,Cooperativa Obrera Limitada de Consumo y Vivienda,detergente,7791290794085,CIF BIOACTIVE LIMON DP,3870.0,,,,,,,
2026-08-11,sepa,Cooperativa Obrera Limitada de Consumo y Vivienda,detergente,7791290794092,CIF BIOACTIVE LIMA DP,3870.0,,,,,,,
2026-08-11,sepa,Cooperativa Obrera Limitada de Consumo y Vivienda,detergente,7791290794108,DET CIF BIOACTIVE LIMA,2790.0,,,,,,,
2026-08-11,sepa,Cooperativa Obrera Limitada de Consumo y Vivienda,detergente,7791290794115,DET CIF BIOACTIVE LIMA,2990.0,4209.0,,,,,Vigencia desde el 30/07/2026 al 12/08/2026 hasta agotar Stock de 30 unidades.,
2026-08-11,sepa,Cooperativa Obrera Limitada de Consumo y Vivienda,detergente,7791290796706,DET CIF ACTIVE GEL ORIGIN,5550.0,,,,,,,
2026-08-11,sepa,Cooperativa Obrera Limitada de Consumo y Vivienda,detergente,7791290796720,DET CIF ACTIV GEL ORIG DP,4390.0,,,,,,,
2026-08-11,sepa,Cooperativa Obrera Limitada de Consumo y Vivienda,detergente,7791290796737,DET CIF ACTIVE GEL LIMON,5550.0,,,,,,,
2026-08-11,sepa,Cooperativa Obrera Limitada de Consumo y Vivienda,detergente,7791290796751,DET CIF ACT GEL LIMON DP,4390.0,,,,,,,
2026-08-11,sepa,Cooperativa Obrera Limitada de Consumo y Vivienda,yogur-natural-sin-azucar,7791337007208,YOGUR SER DESC S/LACT NAT,4999.0,,,,,,,
2026-08-11,sepa,Cooperativa Obrera Limitada de Consumo y Vivienda,yogur-natural-sin-azucar,7791337010932,YOGURISIMO GRIEGO FIRME N,3250.0,,,,,,,
2026-08-11,sepa,Cooperativa Obrera Limitada de Consumo y Vivienda,gaseosa-cola-zero,7791813828365,PEPSI BLACK,1290.0,2500.0,,,,,Vigencia desde el 30/07/2026 al 12/08/2026 hasta agotar Stock de 46 unidades.,
2026-08-11,sepa,Cooperativa Obrera Limitada de Consumo y Vivienda,gaseosa-cola-zero,7791813828419,PEPSI BLACK,4300.0,,,,,,,
2026-08-11,sepa,Cooperativa Obrera Limitada de Consumo y Vivienda,gaseosa-cola-zero,7791813828464,PEPSI BLACK,2500.0,4750.0,,,,,Vigencia desde el 30/07/2026 al 12/08/2026 hasta agotar Stock de 71 unidades.,
2026-08-11,sepa,Cooperativa Obrera Limitada de Consumo y Vivienda,rollo-cocina,7791828000121,ROLLO COCI FELPITA BLANCO,2695.0,,,,,,,
2026-08-11,sepa,Cooperativa Obrera Limitada de Consumo y Vivienda,rollo-cocina,7791828900056,ROLLO FELPITA INFINITY BL,5249.0,,,,,,,
2026-08-11,sepa,Cooperativa Obrera Limitada de Consumo y Vivienda,rollo-cocina,7791828900377,ROLLO FELPITA BLANCO,3090.0,,,,,,,
2026-08-11,sepa,Cooperativa Obrera Limitada de Consumo y Vivienda,lavandina,7791905003663,LAVAN ADIT QUERUBIN RO BL,2350.0,,,,,,,
2026-08-11,sepa,Cooperativa Obrera Limitada de Consumo y Vivienda,lavandina,7791905023203,LAVANDINA ODEX,1550.0,,,,,,,
2026-08-11,sepa,Cooperativa Obrera Limitada de Consumo y Vivienda,lavandina,7791905023210,LAVANDINA ODEX,2850.0,,,,,,,
2026-08-11,sepa,Cooperativa Obrera Limitada de Consumo y Vivienda,lavandina,7791905023227,LAVANDINA ODEX,5590.0,,,,,,,
2026-08-11,sepa,Cooperativa Obrera Limitada de Consumo y Vivienda,lavandina,7793253003715,LAV AYUDIN LAVANDA TRIPLE,1885.0,,,,,,,
2026-08-11,sepa,Cooperativa Obrera Limitada de Consumo y Vivienda,lavandina,7793253003722,LAV AYUDIN LAVANDA TRIPLE,3600.0,,,,,,,
2026-08-11,sepa,Cooperativa Obrera Limitada de Consumo y Vivienda,lavandina,7793253003746,LAV AYUDIN GLACIAR TRIPLE,1885.0,,,,,,,
2026-08-11,sepa,Cooperativa Obrera Limitada de Consumo y Vivienda,lavandina,7793253003753,LAV AYUDIN GLACIAR TRIPLE,3600.0,,,,,,,
2026-08-11,sepa,Cooperativa Obrera Limitada de Consumo y Vivienda,lavandina,7793253003777,LAV AYUDIN ANTISPLASH,2319.0,,,,,,,
2026-08-11,sepa,Cooperativa Obrera Limitada de Consumo y Vivienda,lavandina,7793253003784,LAV AYUDIN ANTISPLASH X2,4650.0,,,,,,,
2026-08-11,sepa,Cooperativa Obrera Limitada de Consumo y Vivienda,lavandina,7793253006709,LAVANDINA AYUDIN ORIGINAL,2680.0,,,,,,,
2026-08-11,sepa,Cooperativa Obrera Limitada de Consumo y Vivienda,lavandina,7793253006716,LAVANDINA AYUDIN ORIGINAL,6990.0,,,,,,,
2026-08-11,sepa,Cooperativa Obrera Limitada de Consumo y Vivienda,rollo-cocina,7793344009206,ROLLO COC ELEGANTE,3190.0,,,,,,,
2026-08-11,sepa,Cooperativa Obrera Limitada de Consumo y Vivienda,rollo-cocina,7793344009305,ROLLO COC ELEGANTE PREM,3675.0,5390.0,,,,,Vigencia desde el 30/07/2026 al 12/08/2026 hasta agotar Stock de 15 unidades.,
2026-08-11,sepa,Cooperativa Obrera Limitada de Consumo y Vivienda,rollo-cocina,7793344904013,ROLLO COC ELEGANTE,2830.0,,,,,,,
2026-08-11,sepa,Cooperativa Obrera Limitada de Consumo y Vivienda,rollo-cocina,7793344904853,ROLLO COC ELEGANTE,3490.0,,,,,,,
2026-08-11,sepa,Cooperativa Obrera Limitada de Consumo y Vivienda,yogur-natural-sin-azucar,7794820903612,YOGUR NAT CREMOSO MILKAUT,2850.0,3790.0,,,,,Vigencia desde el 06/08/2026 al 12/08/2026 hasta agotar Stock de 1 unidades.,
2026-08-11,sepa,Cooperativa Obrera Limitada de Consumo y Vivienda,yogur-natural-sin-azucar,7794820903711,YOGUR NAT DESCR MILKAUT,2850.0,3790.0,,,,,Vigencia desde el 06/08/2026 al 12/08/2026,
2026-08-11,sepa,Cooperativa Obrera Limitada de Consumo y Vivienda,lavandina,7798131250380,LAVANDINA HEROE CLASIC,1190.0,,,,,,,
2026-08-11,sepa,Cooperativa Obrera Limitada de Consumo y Vivienda,yogur-natural-sin-azucar,7798136870545,YOG DAHI FIRME NATUR S/AZ,2659.0,,,,,,,
2026-08-11,sepa,Cooperativa Obrera Limitada de Consumo y Vivienda,yogur-natural-sin-azucar,7798136870743,YOGUR NAT DESLACT DAHI,3190.0,,,,,,,
2026-08-11,sepa,Cooperativa Obrera Limitada de Consumo y Vivienda,yogur-natural-sin-azucar,7798136870859,YOGUR GRIEGO NAT DAHI,3190.0,,,,,,,
2026-08-11,sepa,Cooperativa Obrera Limitada de Consumo y Vivienda,leche-protein,7798338291803,LECHE LV LAS3 NIÑAS PROTE,2890.0,,,,,,,
2026-08-11,sepa,Cooperativa Obrera Limitada de Consumo y Vivienda,cafe-instantaneo,8445291311510,NESCAFE TRADICION DP,9290.0,,,,,,,
2026-08-11,sepa,DEHEZA S.A.I.C.F. e I.,yerba-mananita,7790387015324,MAÑANITA YERBA 4FLEX X 500 GR,4400.0,,,,,,,
2026-08-11,sepa,DEHEZA S.A.I.C.F. e I.,gaseosa-cola-zero,7791813828365,PEPSI BLACK PET X 500CC,2900.0,,,,,,,
2026-08-11,sepa,Disco,cafe-instantaneo,7613035379213,Cafe Descafeinado NESCAFE MasAroma 100g FCO-100-gr.,18000.0,,,,,,,
2026-08-11,sepa,Disco,cafe-instantaneo,7613036312752,Nescafe GOLD espresso 100g FCO-100-gr.,24000.0,,,,,,,
2026-08-11,sepa,Disco,capsulas-nespresso-starbucks,7613036961004,Capsulas STARBUCKS Blonde Espresso Roast CJA-53-gr.,18750.0,,,,,,,
2026-08-11,sepa,Disco,capsulas-nespresso-starbucks,7613036961448,Capsulas Café STARBUCKS Colombia x57g CJA-57-gr.,19050.0,,,,,,,
2026-08-11,sepa,Disco,suprema-pollo,7790070036063,Suprema de pollo GRANJA DEL SOL 360g PAQ-360-gr.,11350.0,,,,,,,
2026-08-11,sepa,Disco,vinagre-alcohol,7790130000034,Vinagre MENOYO de alcohol PVC-500-cc.,1350.0,,,,,,,
2026-08-11,sepa,Disco,vinagre-alcohol,7790130000058,Vinagre MENOYO de alcohol PVC-1-lt.,1850.0,,,,,,,
2026-08-11,sepa,Disco,vinagre-alcohol,7790130000263,Vinagre alcazar de alcohol PVC-500-cc.,1200.0,,,,,,,
2026-08-11,sepa,Disco,lavandina,7790132098459,lavandina AYUDIN original 1L       PVC-1000-ml.,1278.0,,,,,,,
2026-08-11,sepa,Disco,vinagre-alcohol,7790139003166,Vinagre de Alcohol CASALTA x 500cc. BOT-500-cc.,1300.0,,,,,,,
2026-08-11,sepa,Disco,vinagre-alcohol,7790139101138,Vinagre de Alcohol Favinco S/T x 1lt BOT-1000-ml.,1717.0,,,,,,,
2026-08-11,sepa,Disco,cafe-instantaneo,7790150100462,café LA VIRGINIA Clásico Espuma DPx170g DOY-170-gr.,8150.0,,,,,,,
2026-08-11,sepa,Disco,cafe-instantaneo,7790150100486,café LA VIRGINIA Clasico Espuma x170G FCO-170-gr.,9450.0,,,,,,,
2026-08-11,sepa,Disco,cafe-instantaneo,7790150101476,café LA VIRGINIA Suave Espuma DP x170g DOY-170-gr.,8600.0,,,,,,,
2026-08-11,sepa,Disco,cafe-instantaneo,7790150101490,café LA VIRGINIA Suave Espuma x170g FCO-170-gr.,10850.0,,,,,,,
2026-08-11,sepa,Disco,cafe-instantaneo,7790150101773,café LA VIRGINIA Suave Espuma x100g FCO-100-gr.,6700.0,,,,,,,
2026-08-11,sepa,Disco,cafe-instantaneo,7790150101780,Café LA VIRGINIA Suave Espuma DPx100g DOY-100-gr.,5550.0,,,,,,,
2026-08-11,sepa,Disco,cafe-instantaneo,7790170904798,café LA MORENITA Intenso x100g FCO-100-gr.,6550.0,,,,,,,
2026-08-11,sepa,Disco,queso-crema-light,7790244941605,Q.Blancrem Light S.Ignacio 290g POT-290-gr.,4000.0,,,,,,,
2026-08-11,sepa,Disco,queso-crema-light,7790244941612,Q.Blancrem Light S.Ignacio 480g POT-480-gr.,5800.0,,,,,,,
2026-08-11,sepa,Disco,papel-higienico-doble-hoja,7790250015536,papel higieni HIGIENOL dob h fus 4x30m BSA-4-m2,4300.0,,,,,,,
2026-08-11,sepa,Disco,papel-higienico-doble-hoja,7790250026075,papel higienic ELITE dobl h soft 4x30m PAQ-12-m2,5180.0,,,,,,,
2026-08-11,sepa,Disco,papel-higienico-doble-hoja,7790250026082,papel higienic ELITE ult dobl h 4x50m PAQ-20-m2,10550.0,,,,,,,
2026-08-11,sepa,Disco,rollo-cocina,7790250056881,rollo cocina SUSSEX clasic 3x50paños PAQ-15-m2,3100.0,,,,,,,
2026-08-11,sepa,Disco,rollo-cocina,7790250056980,rollo cocina SUSSEX ultra 3x100p PAQ-300-un.,8050.0,,,,,,,
2026-08-11,sepa,Disco,yerba-mananita,7790387015317,Yerba Mate MAÑANITA 4FLEX 1kg PAQ-1000-gr.,5350.0,,,,,,,
2026-08-11,sepa,Disco,yerba-mananita,7790387015324,Yerba Mate MAÑANITA 4FLEX 1/2kg PAQ-500-gr.,2800.0,,,,,,,
2026-08-11,sepa,Disco,atun-lomitos-natural,7790580131364,Atun LA CAMPAGNOLA al natural x170g LAT-170-gr.,6300.0,,,,,,,
2026-08-11,sepa,Disco,ricotta,7790742102805,ricota entera GARCIA baja en sodio SCH-500-gr.,5100.0,,,,,,,
2026-08-11,sepa,Disco,ricotta,7790742114204,Ricotta Garcia Semigrasa Sachet 500GR SCH-500-gr.,5100.0,,,,,,,
2026-08-11,sepa,Disco,leche-protein,7790742358608,Leche Uat Proteina La serenisima 1l BOT-1000-ml.,3100.0,,,,,,,
2026-08-11,sepa,Disco,queso-crema-light,7790742373304,Q.Procesado Finlandia Light 290g POT-290-gr.,5900.0,,,,,,,
2026-08-11,sepa,Disco,gaseosa-cola-zero,7790895067532,gaseosa COCA COLA Zero 500cc PET-500-ml.,2750.0,,,,,,,
2026-08-11,sepa,Disco,gaseosa-cola-zero,7790895067556,gaseosa COCA COLA Zero 1.5lt PET-1500-ml.,4300.0,,,,,,,
2026-08-11,sepa,Disco,gaseosa-cola-zero,7790895067570,gaseosa COCA COLA Zero 2.25lt PET-2250-ml.,5600.0,,,,,,,
2026-08-11,sepa,Disco,gaseosa-cola-zero,7790895067587,gaseosa COCA COLA Zero 354cc LAT-354-ml.,2850.0,,,,,,,
2026-08-11,sepa,Disco,gaseosa-cola-zero,7790895640438,gaseosa COCA COLA Zero  3lt PET-3000-ml.,6551.0,,,,,,,
2026-08-11,sepa,Disco,detergente,7790990003022,detergente MAGISTRAL ult lim bot 300ml BOT-300-ml.,3350.0,,,,,,,
2026-08-11,sepa,Disco,detergente,7790990003039,detergente MAGISTRAL ult lim bot 500ml BOT-500-ml.,4542.0,,,,,,,
2026-08-11,sepa,Disco,detergente,7790990003046,detergente MAGISTRAL ult lim bot 750ml BOT-750-ml.,7850.0,,,,,,,
2026-08-11,sepa,Disco,detergente,7790990003121,detergente MAGISTRAL ult mar bot 300ml BOT-300-ml.,3350.0,,,,,,,
2026-08-11,sepa,Disco,detergente,7790990003138,detergente MAGISTRAL ult mar bot 500ml BOT-500-ml.,4542.0,,,,,,,
2026-08-11,sepa,Disco,detergente,7790990003145,detergente MAGISTRAL ult mar bot 750ml BOT-750-ml.,7850.0,,,,,,,
2026-08-11,sepa,Disco,lavandina,7791290793804,limpiador CIF  gel lavandina cloro 513gr BOT-513-ml.,3950.0,,,,,,,
2026-08-11,sepa,Disco,detergente,7791290794054,lavavajilla CIF bioactive limon 300ml. BOT-300-ml.,2700.0,,,,,,,
2026-08-11,sepa,Disco,detergente,7791290794061,lavavajilla CIF bioactive limon 500ml BOT-500-ml.,4400.0,,,,,,,
2026-08-11,sepa,Disco,detergente,7791290794078,lavavajilla CIF bioactive limon 750ml BOT-750-ml.,6850.0,,,,,,,
2026-08-11,sepa,Disco,detergente,7791290794085,lavavajilla CIF limon bioactiv DP 450ml DOY-450-ml.,3900.0,,,,,,,
2026-08-11,sepa,Disco,detergente,7791290794092,lavavajilla CIF lima bioactive DP 450ml DOY-450-ml.,3900.0,,,,,,,
2026-08-11,sepa,Disco,detergente,7791290794108,lavavajilla CIF bioactive lima 300ml BOT-300-ml.,2700.0,,,,,,,
2026-08-11,sepa,Disco,detergente,7791290794115,lavavajilla CIF bioactive lima 500ml BOT-500-ml.,4400.0,,,,,,,
2026-08-11,sepa,Disco,yogur-natural-sin-azucar,7791337007208,Yog SER Natural 300g POT-300-gr.,5250.0,,,,,,,
2026-08-11,sepa,Disco,gaseosa-cola-zero,7791813828365,gaseosa PEPSI Black 500cc BOT-500-ml.,2250.0,,,,,,,
2026-08-11,sepa,Disco,gaseosa-cola-zero,7791813828419,gaseosa PEPSI Black 1.5lt BOT-1500-ml.,3899.0,,,,,,,
2026-08-11,sepa,Disco,gaseosa-cola-zero,7791813828464,gaseosa PEPSI Black 2lt BOT-2000-ml.,4300.0,,,,,,,
2026-08-11,sepa,Disco,rollo-cocina,7791828900056,Rollo Cocina FELPITA DH Infinity 3x100 PCK-300-un.,5350.0,,,,,,,
2026-08-11,sepa,Disco,papel-higienico-doble-hoja,7791828900285,Papel Higienico FELPITA Doble Hoj 4x50 PAQ-50-hjs,7250.0,,,,,,,
2026-08-11,sepa,Disco,lavandina,7793253003715,Lavandina Ayudin Triple Poder 1L BOT-1000-ml.,2050.0,,,,,,,
2026-08-11,sepa,Disco,lavandina,7793253003722,lavandina AYUDIN Glaciar Triple Poder La BOT-2000-ml.,3850.0,,,,,,,
2026-08-11,sepa,Disco,lavandina,7793253003739,Lavandina Ayudin Triple Poder 4L BOT-4000-ml.,7700.0,,,,,,,
2026-08-11,sepa,Disco,lavandina,7793253003746,Ayudin Pureza Glaciar Triple Poder 1L BOT-1000-ml.,2050.0,,,,,,,
2026-08-11,sepa,Disco,lavandina,7793253003753,lavandina AYUDIN Glaciar Triple Poder 2l BOT-2000-ml.,3950.0,,,,,,,
2026-08-11,sepa,Disco,lavandina,7793253003760,Ayudin Pureza Glaciar Triple Poder 4L BOT-4000-ml.,7800.0,,,,,,,
2026-08-11,sepa,Disco,lavandina,7793253003777,Lavandina Ayudin Anti-Splash Tradi 1L BOT-1000-ml.,2400.0,,,,,,,
2026-08-11,sepa,Disco,lavandina,7793253003784,lavandina AYUDIN Anti Splash 2lt BOT-2000-ml.,4600.0,,,,,,,
2026-08-11,sepa,Disco,lavandina,7793253003791,Ayudín Lavandina en Gel Original 700ml BOT-700-ml.,3800.0,,,,,,,
2026-08-11,sepa,Disco,lavandina,7793253003807,Ayudín Lavandina en Gel Citrica 700ml BOT-700-ml.,3800.0,,,,,,,
2026-08-11,sepa,Disco,lavandina,7793253003814,Ayudín Lavandina en Gel Floral 700ml BOT-700-ml.,3800.0,,,,,,,
2026-08-11,sepa,Disco,lavandina,7793253003821,Ayudín Lavandina en Gel Menta 700ml BOT-700-ml.,3800.0,,,,,,,
2026-08-11,sepa,Disco,lavandina,7793253003838,Ayudín Lavandina en Gel Lavanda 700ml BOT-700-ml.,3800.0,,,,,,,
2026-08-11,sepa,Disco,lavandina,7793253003869,Ayudín Lavandina en Gel Original 1500ml BOT-1500-ml.,8300.0,,,,,,,
2026-08-11,sepa,Disco,lavandina,7793253003876,Ayudín Lavandina en Gel Citrica 1500ml BOT-1500-ml.,8300.0,,,,,,,
2026-08-11,sepa,Disco,papel-higienico-doble-hoja,7793344000517,Papel hig New ELEGANTE Extra bl 30m x 4u PAQ-12-m2,3650.0,,,,,,,
2026-08-11,sepa,Disco,rollo-cocina,7793344009206,rollo cocina ELEGANTE dobl h 1x200 paños PCK-1-un.,3050.0,,,,,,,
2026-08-11,sepa,Disco,rollo-cocina,7793344009305,Rollos de Cocina Elegante 3u x 100 paños LAM-300-un.,5700.0,,,,,,,
2026-08-11,sepa,Disco,rollo-cocina,7793344904013,rollo cocina ELEGANTE dobl h 3x50 paños BSA-3-un.,3000.0,,,,,,,
2026-08-11,sepa,Disco,queso-crema-light,7793913013412,Queso Crema Light Tregar 280g POT-280-gr.,4400.0,,,,,,,
2026-08-11,sepa,Disco,ricotta,7793913013665,RICOTTA ENTERA TREGAR X 290 GRS POT-290-gr.,3850.0,,,,,,,
2026-08-11,sepa,Disco,ricotta,7793913013672,RICOTTA LIGHT TREGAR X 290 GRS POT-290-gr.,3850.0,,,,,,,
2026-08-11,sepa,Disco,queso-crema-light,7794820015018,Qso Proces para untar Light Milkaut 190g POT-190-gr.,3550.0,,,,,,,
2026-08-11,sepa,Disco,queso-crema-light,7794820903094,Queso Crematto Balance MILKAUT x 285 grs POT-285-gr.,5200.0,,,,,,,
2026-08-11,sepa,Disco,queso-crema-light,7794990879663,queso crema LA PAULINA light. POT-290-gr.,3500.0,,,,,,,
2026-08-11,sepa,Disco,lavandina,7798131250380,lavandina clasica HEROE 1lt BOT-1000-ml.,1150.0,,,,,,,
2026-08-11,sepa,Disco,lavandina,7798131250397,lavandina clasica HEROE 2lt BOT-2000-ml.,2250.0,,,,,,,
2026-08-11,sepa,Disco,yogur-natural-sin-azucar,7798136870545,Yog. Ent. Natural s/az DAHÍ 190g FCO-190-gr.,2850.0,,,,,,,
2026-08-11,sepa,Disco,yogur-natural-sin-azucar,7798136870743,Yog. Desc. Deslac Nat DAHÍ 190g FCO-200-gr.,3450.0,,,,,,,
2026-08-11,sepa,Disco,yogur-natural-sin-azucar,7798327950193,Yog. Entero Natural Flia Beudroit 400g POT-400-gr.,4750.0,,,,,,,
2026-08-11,sepa,Disco,capsulas-nespresso-starbucks,8445291363656,Capsulas STARBUCKS House Blend 12u CJA-52-gr.,19050.0,,,,,,,
2026-08-11,sepa,Disco,capsulas-nespresso-starbucks,8445291367272,Capsulas STARBUCKS Espresso Roast 12u CJA-78-gr.,19050.0,,,,,,,
2026-08-11,sepa,Express,cafe-instantaneo,7613035379213,CAFE DESCAFEINADO INSTANTANEO NESCAFE X 100 GRS,17029.0,,,,,,,
2026-08-11,sepa,Express,cafe-instantaneo,7613036312752,CAFE INSTANTANEO EXPRESSO GOLD NESCAFE X 100 GRS,25209.0,,,,,,,
2026-08-11,sepa,Express,capsulas-nespresso-starbucks,7613036961004,CAPSULAS CAFE BLOND ESPRESSO STARBUCKS X 10 UNI,18299.0,,,,,,,
2026-08-11,sepa,Express,suprema-pollo,7790070036063,SUPREMAS DE POLLO GRANJA DEL SOL BOLSA X 360 GRS,10985.0,,,,,,,
2026-08-11,sepa,Express,vinagre-alcohol,7790130000034,VINAGRE DE ALCOHOL MENOYO PET X 500 CC,1599.0,,,,,,,
2026-08-11,sepa,Express,vinagre-alcohol,7790130000058,VINAGRE DE ALCOHOL MENOYO PET X 1 LT,2025.0,,,,,,,
2026-08-11,sepa,Express,lavandina,7790132098459,LAVANDINA ORIGINAL AYUDIN X 1 LT,1319.0,,,,,,,
2026-08-11,sepa,Express,cafe-instantaneo,7790170904798,CAFE INSTANTANEO LA MORENITA FRASCO X 100 GRS,6540.0,,,,,,,
2026-08-11,sepa,Express,papel-higienico-doble-hoja,7790250015536,PAPEL HIGIENICO D HOJA PLUS HIGIENOL 4 X 30 MTS,3729.0,,,,,,,
2026-08-11,sepa,Express,papel-higienico-doble-hoja,7790250026075,PAPEL HIGIENICO D H ULTRA SUAVE ELITE 4 X 30 MTS,5785.0,,,,,,,
2026-08-11,sepa,Express,rollo-cocina,7790250056881,ROLLO DE COCINA CLASICO SUSSEX 3 X 50 PAN,2929.0,,,,,,,
2026-08-11,sepa,Express,rollo-cocina,7790250057086,ROLLO COCINA CLASICO MEGA SUSSEX X 200 PANOS,3450.0,,,,,,,
2026-08-11,sepa,Express,yerba-mananita,7790387015317,YERBA MATE BAJO POLVO MANANITA 4FLEX X 1 KG,4929.0,,,,,,,
2026-08-11,sepa,Express,yerba-mananita,7790387015324,YERBA MATE BAJO POLVO MANANITA 4FLEX X 500 GRS,2570.0,,,,,,,
2026-08-11,sepa,Express,atun-lomitos-natural,7790580131364,ATUN AL NATURAL LOMITOS LA CAMPAGNOLA X 170 GRS,6469.0,,,,,,,
2026-08-11,sepa,Express,ricotta,7790742114204,RICOTTA SEMIGRASA BAJO SODIO GARCIA X 500 GRS,4899.0,,,,,,,
2026-08-11,sepa,Express,leche-protein,7790742358608,LECHE UAT DESC S LACT PROTEIN LA SERENISIMA BOTX1L,3089.0,,,,,,,
2026-08-11,sepa,Express,queso-crema-light,7790742373304,QUESO FUNDIDO FINLANDIA LIGHT POTE 290 GRS,5640.0,,,,,,,
2026-08-11,sepa,Express,gaseosa-cola-zero,7790895067532,GASEOSA COLA ZERO COCA COLA PET X 500 CC,2350.0,,,,,,,
2026-08-11,sepa,Express,gaseosa-cola-zero,7790895067556,GASEOSA COLA SIN AZUCAR COCA COLA PET X 1.5LT,4300.0,,,,,,,
2026-08-11,sepa,Express,gaseosa-cola-zero,7790895067570,GASEOSA COLA ZERO COCA COLA PET X 2.25 LT,5600.0,,,,,,,
2026-08-11,sepa,Express,gaseosa-cola-zero,7790895067587,GASEOSA COLA SIN AZUCAR COCA COLA LATA X 354 CC,2500.0,,,,,,,
2026-08-11,sepa,Express,detergente,7790990003022,DETERGENTE ULTRA LIMON MAGISTRAL BOT X 300 CC,2669.0,,,,,,,
2026-08-11,sepa,Express,detergente,7790990003039,DETERGENTE ULTRA LIMON MAGISTRAL BOT X 500 CC,4315.0,,,,,,,
2026-08-11,sepa,Express,detergente,7790990003046,DETERGENTE ULTRA LIMON MAGISTRAL BOT X 750 CC,7779.0,,,,,,,
2026-08-11,sepa,Express,detergente,7790990003787,DETERGENTE ULTRA LIMON MAGISTRAL DP X 450 CC,4445.0,,,,,,,
2026-08-11,sepa,Express,lavandina,7791290793804,LIMPIADOR EN GEL C LAVANDINA CIF X 513G,3760.0,,,,,,,
2026-08-11,sepa,Express,detergente,7791290794054,DETERGENTE BIOACTIVE LIMON CIF X 300 CC,2710.0,,,,,,,
2026-08-11,sepa,Express,detergente,7791290794061,DETERGENTE BIOACTIVE LIMON CIF X 500 CC,4005.0,,,,,,,
2026-08-11,sepa,Express,detergente,7791290794085,DETERGENTE BIOACTIVE LIMON CIF REPUESTO X 450 CC,3965.0,,,,,,,
2026-08-11,sepa,Express,detergente,7791290794115,DETERGENTE BIOACTIVE LIMA CIF X 500 CC,4005.0,,,,,,,
2026-08-11,sepa,Express,detergente,7791290796706,DETERGENTE ACTIVE GEL ORIG CIF BOT X 500 CC,5615.0,,,,,,,
2026-08-11,sepa,Express,detergente,7791290796720,DETERGENTE ACTIVE GEL ORIG CIF DP X 400 CC,4409.0,,,,,,,
2026-08-11,sepa,Express,yogur-natural-sin-azucar,7791337007208,YOGUR NATURAL S LACTOSA SER POTE X 300 GR,5059.0,,,,,,,
2026-08-11,sepa,Express,queso-crema-light,7791337009851,QUESO CREMA LIGHT LA SERENISIMA POTE X 460 GRS,6229.0,,,,,,,
2026-08-11,sepa,Express,rollo-cocina,7791720002605,ROLLO DE COCINA CARREFOUR ESSENTIAL 3 X 40 PANOS,2350.0,,,,,,,
2026-08-11,sepa,Express,rollo-cocina,7791720025543,ROLLO DE COCINA MAXI BLANCO CARREFOUR X 200 PANOS,2850.0,,,,,,,
2026-08-11,sepa,Express,yogur-natural-sin-azucar,7791720048122,YOGUR NATURAL CARREFOUR EXTRA FRASCO X 200 GR,2750.0,,,,,,,
2026-08-11,sepa,Express,yogur-natural-sin-azucar,7791720048139,YOGUR NATURAL CARREFOUR CLASSIC POTE 300 X GR,3090.0,,,,,,,
2026-08-11,sepa,Express,gaseosa-cola-zero,7791813828365,GASEOSA COLA BLACK PEPSI N PET X 500 CC.,2159.0,,,,,,,
2026-08-11,sepa,Express,gaseosa-cola-zero,7791813828419,GASEOSA COLA BLACK PEPSI NF PET X 1.5 LT,4120.0,,,,,,,
2026-08-11,sepa,Express,gaseosa-cola-zero,7791813828464,GASEOSA COLA BLACK PEPSI N PET X 2 LT,4689.0,,,,,,,
2026-08-11,sepa,Express,rollo-cocina,7791828900377,ROLLO DE COCINA MAXIROLLO FELPITA X 200 PANOS,3165.0,,,,,,,
2026-08-11,sepa,Express,lavandina,7791905000020,LAVANDINA CONCENTRADA QUERUBIN X 1 LT,1670.0,,,,,,,
2026-08-11,sepa,Express,lavandina,7791905023203,LAVANDINA ORIGINAL ODEX X 1 LT,1335.0,,,,,,,
2026-08-11,sepa,Express,lavandina,7791905023210,LAVANDINA ORIGINAL ODEX X 2 LT,2535.0,,,,,,,
2026-08-11,sepa,Express,lavandina,7793253003715,LAVANDINA MULTISUP LAVANDA TRIPLE PODER AYUDIN X1L,1989.0,,,,,,,
2026-08-11,sepa,Express,lavandina,7793253003722,LAVANDINA MULTISUP LAVANDA TRIPLE PODER AYUDIN X2L,3750.0,,,,,,,
2026-08-11,sepa,Express,lavandina,7793253003746,LAVANDINA MULTI PU GLACIAR TRIPLE PODER AYUDIN X1L,1989.0,,,,,,,
2026-08-11,sepa,Express,lavandina,7793253003777,LAVANDINA ANTISPLASH TRADICIONAL AYUDIN X 1 LT,2309.0,,,,,,,
2026-08-11,sepa,Express,lavandina,7793253003791,LAVANDINA EN GEL ORIGINAL AYUDIN BOTELLA X 700 CC,3699.0,,,,,,,
2026-08-11,sepa,Express,lavandina,7793253003807,LAVANDINA EN GEL CITRUS AYUDIN BOTELLA X 700 CC,3699.0,,,,,,,
2026-08-11,sepa,Express,lavandina,7793253003838,LAVANDINA EN GEL LAVANDA AYUDIN X 700 CC,3699.0,,,,,,,
2026-08-11,sepa,Express,lavandina,7793253006709,LAVANDINA ORIGINAL DESINFECTANTE AYUDIN X 2 LT,3039.0,,,,,,,
2026-08-11,sepa,Express,papel-higienico-doble-hoja,7793344000517,PAPEL HIGIENICO D HOJA ELEGANTE 4 X 30 MT,3965.0,,,,,,,
2026-08-11,sepa,Express,rollo-cocina,7793344009206,ROLLO DE COCINA GIGANTE ELEGANTE X 200 PANOS,3189.0,,,,,,,
2026-08-11,sepa,Express,vinagre-alcohol,7798033332641,VINAGRE DE ALCOHOL CARREFOUR PET X 1 LT,1550.0,,,,,,,
2026-08-11,sepa,Express,atun-lomitos-natural,7798033333907,ATUN AL NATURAL LOMITOS CARREFOUR LATA X 170 GRS.,3490.0,,,,,,,
2026-08-11,sepa,Express,atun-lomitos-natural,7798108349161,ATUN AL NATURAL LOMITOS CARREFOUR LATA X 354 GRS,6450.0,,,,,,,
2026-08-11,sepa,Express,atun-lomitos-natural,7798152222151,ATUN AL NATURAL LOMITOS CARREFOUR 3 X 80 GRS,6150.0,,,,,,,
2026-08-11,sepa,Express,papel-higienico-doble-hoja,7798159717520,PAPEL HIGIENICO D HOJA DECO CARREFOUR 4 X 50 MTS,6090.0,,,,,,,
2026-08-11,sepa,Express,papel-higienico-doble-hoja,7798159718961,PAPEL HIGIENICO D HOJA CARREFOUR 4 X 30 MTS,3450.0,,,,,,,
2026-08-11,sepa,Express,ricotta,7798179070018,RICOTA G SILVIA X 500 GRS,3479.0,,,,,,,
2026-08-11,sepa,Express,leche-protein,7798338291803,LECHE C PROTEINA VIDA ACTIVA LAS TRES NINAS X 1LT,2950.0,,,,,,,
2026-08-11,sepa,Express,cafe-instantaneo,8445291311510,CAFE INSTANTANEO TRADICION NESCAFE X 100 GRS,9219.0,,,,,,,
2026-08-11,sepa,Express,cafe-instantaneo,8445291311558,CAFE INSTANTANEO SUAVE DOLCA DP X 100 GRS,6149.0,,,,,,,
2026-08-11,sepa,Express,capsulas-nespresso-starbucks,8445291363656,CAPSULAS CAFE HOUSE BLEND STARBUCKS X 10 UNI,17105.0,,,,,,,
2026-08-11,sepa,Express,cafe-instantaneo,8445291738775,CAFE INSTANTANEO GOLD NESCAFE FRASCO X 95 GRS,21350.0,,,,,,,
2026-08-11,sepa,HiperChangomas,desodorante-barra-hombre,33200197447,AYH DEO MASC ULTRAMX,14739.0,,,,,,,
2026-08-11,sepa,HiperChangomas,desodorante-barra-hombre,75083694,AXE STI BLUE LAVEND,8349.0,,,,,,,
2026-08-11,sepa,HiperChangomas,desodorante-barra-hombre,75083700,AXE STI AQUA CITRUS,8349.0,,,,,,,
2026-08-11,sepa,HiperChangomas,cafe-instantaneo,7613035379213,NESCAFE DESCAFEINADO,17239.0,,,,,,,
2026-08-11,sepa,HiperChangomas,cafe-instantaneo,7613036312752,NESCAFE PURO ESPRESS,23949.0,,,,,,,
2026-08-11,sepa,HiperChangomas,capsulas-nespresso-starbucks,7613036961448,STARB NESP COLMB 10U,17059.0,,,,,,,
2026-08-11,sepa,HiperChangomas,suprema-pollo,7790070036063,GDS SUPREMAS 360GR,10239.0,,,,,,,
2026-08-11,sepa,HiperChangomas,vinagre-alcohol,7790130000034,MENOYO VINAGRE ALCOH,1349.0,,,,,,,
2026-08-11,sepa,HiperChangomas,vinagre-alcohol,7790130000058,MENOYO VINAGRE DE ALCOHOL 1L,1689.0,,,,,,,
2026-08-11,sepa,HiperChangomas,lavandina,7790132098459,AYUDIN LAVANDINA ORIGINAL 1L,1479.0,,,,,,,
2026-08-11,sepa,HiperChangomas,vinagre-alcohol,7790139000424,CASALTA VINAGRE DE ALCOHOL 1.3L,2189.0,,,,,,,
2026-08-11,sepa,HiperChangomas,vinagre-alcohol,7790139003166,CASALTA VINAGRE DE A,1309.0,,,,,,,
2026-08-11,sepa,HiperChangomas,vinagre-alcohol,7790139101138,FAVINCO VINAGRE DE A,1669.0,,,,,,,
2026-08-11,sepa,HiperChangomas,queso-crema-light,7790244941605,BLANCREM DIETE 290GR,3719.0,,,,,,,
2026-08-11,sepa,HiperChangomas,queso-crema-light,7790244941612,BLANCREM DIETE 480GR,5589.0,,,,,,,
2026-08-11,sepa,HiperChangomas,papel-higienico-doble-hoja,7790250015536,HIGIENOL PAPEL HIGENICO PLUS DOBLE HOJA 30M 4U,3549.0,,,,,,,
2026-08-11,sepa,HiperChangomas,rollo-cocina,7790250056881,SUSSEX ROLLO DE COCINA CLASICO DOBLE HOJA 50 PANOS 3U,2829.0,,,,,,,
2026-08-11,sepa,HiperChangomas,rollo-cocina,7790250056898,SUSSEX PREM 3X60 PAN,4799.0,,,,,,,
2026-08-11,sepa,HiperChangomas,rollo-cocina,7790250057086,SUSSEX ROLLO DE COCINA HOJA SIMPLE 200 PANOS 1U,3319.0,,,,,,,
2026-08-11,sepa,HiperChangomas,papel-higienico-doble-hoja,7790250913368,HIGIENOL PH DH YAPA,9239.0,,,,,,,
2026-08-11,sepa,HiperChangomas,yerba-mananita,7790387015317,MANANITA YERBA MATE 1KG,5519.0,,,,,,,
2026-08-11,sepa,HiperChangomas,cafe-instantaneo,7790550029431,LPC INS FR CLAS 170G,13299.0,,,,,,,
2026-08-11,sepa,HiperChangomas,atun-lomitos-natural,7790580131364,LA CAMPAGNOLA ATUN LOMITO 170G,6029.0,,,,,,,
2026-08-11,sepa,HiperChangomas,vinagre-alcohol,7790673000188,FAVINCO VINA ALCO 5L,7799.0,,,,,,,
2026-08-11,sepa,HiperChangomas,ricotta,7790742102805,RICOTTA GARCIA BAJA EN SODIO X 500 G,4759.0,,,,,,,
2026-08-11,sepa,HiperChangomas,ricotta,7790742114204,GARCIA RICOTA SEMIGRASA BAJA EN SODIO 500G,4759.0,,,,,,,
2026-08-11,sepa,HiperChangomas,leche-protein,7790742358608,LA SERENISIMA LECHE PROTEIN 1L,2999.0,,,,,,,
2026-08-11,sepa,HiperChangomas,queso-crema-light,7790742373304,FINLANDIA QUESO UNTABLE LIGHT 290G,5479.0,,,,,,,
2026-08-11,sepa,HiperChangomas,yogur-natural-sin-azucar,7790787960934,ILOLAY YOG NAT 350GR,3549.0,,,,,,,
2026-08-11,sepa,HiperChangomas,gaseosa-cola-zero,7790895067570,COCA COLA GASEOSA ZERO 2.25L,5279.0,,,,,,,
2026-08-11,sepa,HiperChangomas,gaseosa-cola-zero,7790895067587,COCA COLA GASEOSA ZERO 354ML,2359.0,,,,,,,
2026-08-11,sepa,HiperChangomas,detergente,7790990003022,MAGISTRAL DETERGENTE ULTRA LIMON 300ML,2999.0,,,,,,,
2026-08-11,sepa,HiperChangomas,detergente,7790990003039,MAGISTRAL DETERGENTE ULTRA LIMON 500ML,4849.0,,,,,,,
2026-08-11,sepa,HiperChangomas,detergente,7790990003046,MAGISTRAL LIMON,7259.0,,,,,,,
2026-08-11,sepa,HiperChangomas,detergente,7790990003121,MAGISTRAL MARINA,2999.0,,,,,,,
2026-08-11,sepa,HiperChangomas,detergente,7790990003138,MAGISTRAL MARINA,4849.0,,,,,,,
2026-08-11,sepa,HiperChangomas,detergente,7790990003145,MAGISTRAL MARINA,7259.0,,,,,,,
2026-08-11,sepa,HiperChangomas,detergente,7790990003381,MAGISTRAL DETERGENTE PLATINUM LIMON 500ML,5969.0,,,,,,,
2026-08-11,sepa,HiperChangomas,detergente,7790990003404,MAGISTRAL LIMON,3349.0,,,,,,,
2026-08-11,sepa,HiperChangomas,detergente,7790990003411,MAGISTRAL DETERGENTE ULTRA LIMON CREMOSO 500ML,4849.0,,,,,,,
2026-08-11,sepa,HiperChangomas,detergente,7790990003787,MAGISTRAL DETERGENTE ULTRA LIMON 450ML,4149.0,,,,,,,
2026-08-11,sepa,HiperChangomas,detergente,7791290794054,CIF BIOACTIVE,2609.0,,,,,,,
2026-08-11,sepa,HiperChangomas,detergente,7791290794061,CIF DETERGENTE BIOACTIVE LIMON 500ML,4219.0,,,,,,,
2026-08-11,sepa,HiperChangomas,detergente,7791290794108,CIF LAVAVAJILL LIMA,2609.0,,,,,,,
2026-08-11,sepa,HiperChangomas,detergente,7791290794115,CIF DETERGENTE BIOACTIVE LIMA 500ML,4219.0,,,,,,,
2026-08-11,sepa,HiperChangomas,detergente,7791290796706,CIF ACTIVE GEL,5269.0,,,,,,,
2026-08-11,sepa,HiperChangomas,detergente,7791290796713,CIF ACTIVE GEL,7909.0,,,,,,,
2026-08-11,sepa,HiperChangomas,detergente,7791290796720,CIF ACTIVE GEL,4119.0,,,,,,,
2026-08-11,sepa,HiperChangomas,detergente,7791290796737,CIF ACTIVE GEL,5269.0,,,,,,,
2026-08-11,sepa,HiperChangomas,detergente,7791290796744,CIF ACTIVE GEL,7909.0,,,,,,,
2026-08-11,sepa,HiperChangomas,detergente,7791290796751,CIF ACTIVE GEL,4119.0,,,,,,,
2026-08-11,sepa,HiperChangomas,yogur-natural-sin-azucar,7791337007208,SER NATU CON AZU300G,4915.0,,,,,,,
2026-08-11,sepa,HiperChangomas,queso-crema-light,7791337009851,LSC QSO CREMA LIGHT,6045.0,,,,,,,
2026-08-11,sepa,HiperChangomas,yogur-natural-sin-azucar,7791337010932,YYS FIRM ENT NAT180G,2959.0,,,,,,,
2026-08-11,sepa,HiperChangomas,rollo-cocina,7791828900025,FELPIT DISNEY RC3X40,2369.0,,,,,,,
2026-08-11,sepa,HiperChangomas,papel-higienico-doble-hoja,7791828900049,FELPITA PAPEL HIGIENICO DOBLE HOJA 30M 4U,4269.0,,,,,,,
2026-08-11,sepa,HiperChangomas,rollo-cocina,7791828900377,FELPITA MAXI ROLLO DE COCINA DOBLE HOJA 200 PANOS 1U,3069.0,,,,,,,
2026-08-11,sepa,HiperChangomas,papel-higienico-doble-hoja,7791828900520,FELPITA PH12x30DH,12719.0,,,,,,,
2026-08-11,sepa,HiperChangomas,rollo-cocina,7791828900537,FELPITA ROLLO DE COCINA 60 PANOS 3U,2539.0,,,,,,,
2026-08-11,sepa,HiperChangomas,rollo-cocina,7791828900599,FELPITA RC 150 MAXI,2949.0,,,,,,,
2026-08-11,sepa,HiperChangomas,lavandina,7791905000020,QUERUBIN CONCENTRADA,1559.0,,,,,,,
2026-08-11,sepa,HiperChangomas,lavandina,7791905000037,QUERUBIN CONCENTRADA,2999.0,,,,,,,
2026-08-11,sepa,HiperChangomas,lavandina,7791905000372,QUERUBIN CONCENTRADA,5789.0,,,,,,,
2026-08-11,sepa,HiperChangomas,lavandina,7791905023203,ODEX LAVANDINA 1L,1259.0,,,,,,,
2026-08-11,sepa,HiperChangomas,lavandina,7793253003715,AYUDIN LAVANDINA TRIPLE PODER LAVANDA 1L,1819.0,,,,,,,
2026-08-11,sepa,HiperChangomas,lavandina,7793253003722,AYUDIN TRIPLE PODER,3469.0,,,,,,,
2026-08-11,sepa,HiperChangomas,lavandina,7793253003739,AYUDIN TRIPLE PODER,6919.0,,,,,,,
2026-08-11,sepa,HiperChangomas,lavandina,7793253003746,AYUDIN TRIPLE PODER,1819.0,,,,,,,
2026-08-11,sepa,HiperChangomas,lavandina,7793253003753,AYUDIN TRIPLE PODER,3469.0,,,,,,,
2026-08-11,sepa,HiperChangomas,lavandina,7793253003760,AYUDIN TRIPLE PODER,6919.0,,,,,,,
2026-08-11,sepa,HiperChangomas,lavandina,7793253003777,AYUDIN ANTI SPLASH T,2139.0,,,,,,,
2026-08-11,sepa,HiperChangomas,lavandina,7793253003784,AYUDIN ANTI SPLASH T,4149.0,,,,,,,
2026-08-11,sepa,HiperChangomas,lavandina,7793253003791,AYUDIN LAVANDINA EN GEL ORIGINAL 700ML,3419.0,,,,,,,
2026-08-11,sepa,HiperChangomas,lavandina,7793253003807,AYUDIN LAVANDINA EN GEL PUREZA CITRICA 700ML,3419.0,,,,,,,
2026-08-11,sepa,HiperChangomas,lavandina,7793253003814,AYUDIN LAVANDINA GEL,3419.0,,,,,,,
2026-08-11,sepa,HiperChangomas,lavandina,7793253003821,AYUDIN LAVANDINA EN,3419.0,,,,,,,
2026-08-11,sepa,HiperChangomas,lavandina,7793253003838,AYUDIN LAVANDINA EN,3419.0,,,,,,,
2026-08-11,sepa,HiperChangomas,lavandina,7793253003869,AYUDIN LAVAN ORIGINA,7179.0,,,,,,,
2026-08-11,sepa,HiperChangomas,lavandina,7793253003876,AYUDIN LAVANDINA GEL,7179.0,,,,,,,
2026-08-11,sepa,HiperChangomas,lavandina,7793253005856,AYUDIN LAVAN ORIGINA,2899.0,,,,,,,
2026-08-11,sepa,HiperChangomas,lavandina,7793253005863,AYUDIN LAVANDINA GEL,2869.0,,,,,,,
2026-08-11,sepa,HiperChangomas,lavandina,7793253006709,AYUDIN LAVANDINA ORIGINAL 2L,2809.0,,,,,,,
2026-08-11,sepa,HiperChangomas,lavandina,7793253006716,AYUDIN LAVAN ORIGINA,5619.0,,,,,,,
2026-08-11,sepa,HiperChangomas,lavandina,7793253007263,AYUDIN ANTI SPLASH E,7949.0,,,,,,,
2026-08-11,sepa,HiperChangomas,rollo-cocina,7793344009206,ELEGANTE ROLLO DE COCINA 200 PANOS,2829.0,,,,,,,
2026-08-11,sepa,HiperChangomas,rollo-cocina,7793344009305,ELEGANTE RC 3X100P,5109.0,,,,,,,
2026-08-11,sepa,HiperChangomas,rollo-cocina,7793344904013,ELEGANTE ROLLO DE COCINA 3X50 HOJAS,2839.0,,,,,,,
2026-08-11,sepa,HiperChangomas,yogur-natural-sin-azucar,7793913002423,TREG ENT BAT NAT140G,2019.0,,,,,,,
2026-08-11,sepa,HiperChangomas,queso-crema-light,7793913013214,TREG QSO CREMA LIGHT,3059.0,,,,,,,
2026-08-11,sepa,HiperChangomas,queso-crema-light,7793913013412,TREGA QSO CREMA DESC,4019.0,,,,,,,
2026-08-11,sepa,HiperChangomas,queso-crema-light,7793913013641,CHATEL QSO DESCR180G,2969.0,,,,,,,
2026-08-11,sepa,HiperChangomas,ricotta,7793913013665,TREG RICOT ENTER290G,3639.0,,,,,,,
2026-08-11,sepa,HiperChangomas,ricotta,7793913013672,TREG RICOT LIGHT290G,3639.0,,,,,,,
2026-08-11,sepa,HiperChangomas,queso-crema-light,7794820015018,MILKAU QSO LIGHT190G,3519.0,,,,,,,
2026-08-11,sepa,HiperChangomas,queso-crema-light,7794820903094,CREMATTO BALANCE285G,5079.0,,,,,,,
2026-08-11,sepa,HiperChangomas,yogur-natural-sin-azucar,7794820903612,MILKAUT YOGUR ENTERO NATURAL CREMOSO 300G,3879.0,,,,,,,
2026-08-11,sepa,HiperChangomas,yogur-natural-sin-azucar,7794820903711,MILK YOG NAT BALANCE,3719.0,,,,,,,
2026-08-11,sepa,HiperChangomas,queso-crema-light,7794990879663,LA PAULINA QUESO CREMA LIGHT 290G,3429.0,,,,,,,
2026-08-11,sepa,HiperChangomas,queso-crema-light,7798060854352,PATAGON QSO REDU180G,2979.0,,,,,,,
2026-08-11,sepa,HiperChangomas,lavandina,7798131250380,HEROE LAVANDINA,1069.0,,,,,,,
2026-08-11,sepa,HiperChangomas,lavandina,7798131250397,HEROE LAVANDINA,2089.0,,,,,,,
2026-08-11,sepa,HiperChangomas,yogur-natural-sin-azucar,7798136870545,DAHI YOGUR FIRME NATURAL SIN AZUCAR 190G,2619.0,,,,,,,
2026-08-11,sepa,HiperChangomas,yogur-natural-sin-azucar,7798136870743,DAHI PROBIO NAT 190G,3159.0,,,,,,,
2026-08-11,sepa,HiperChangomas,yogur-natural-sin-azucar,7798136870859,DAHI YOGUR GRIEGO NATURAL 190G,3159.0,,,,,,,
2026-08-11,sepa,HiperChangomas,ricotta,7798179070018,SILVIA RICOTTA 500GR,3159.0,,,,,,,
2026-08-11,sepa,HiperChangomas,cafe-instantaneo,7798196990016,SEGA CAF INS PR 100G,18959.0,,,,,,,
2026-08-11,sepa,HiperChangomas,cafe-instantaneo,7798196990023,SEG CAF PRE INT 100G,12909.11,,,,,,,
2026-08-11,sepa,HiperChangomas,cafe-instantaneo,7798196990047,SEGA LIOFIL FRASCO,20479.0,,,,,,,
2026-08-11,sepa,HiperChangomas,queso-crema-light,7798312320567,CLARA QSO BLANCO LIG,2999.0,,,,,,,
2026-08-11,sepa,HiperChangomas,leche-protein,7798338291803,LAS TRES NINAS LECHE DESCREMADA CON PROTEINA 1L,2759.0,,,,,,,
2026-08-11,sepa,HiperChangomas,cafe-instantaneo,7891000426937,NESCAFE ICE 100G,10389.0,,,,,,,
2026-08-11,sepa,HiperChangomas,capsulas-nespresso-starbucks,8445290154125,STARBUCKS CAFE EN CAPSULAS NESPRESSO CARAMEL 10U,17059.0,,,,,,,
2026-08-11,sepa,HiperChangomas,capsulas-nespresso-starbucks,8445290814425,SBUX BLND ESPRS DECA,17059.0,,,,,,,
2026-08-11,sepa,HiperChangomas,cafe-instantaneo,8445291311510,NESCAFE NESTLE CAFE INSTANTANEO TRADICION 100G,9109.0,,,,,,,
2026-08-11,sepa,HiperChangomas,cafe-instantaneo,8445291738775,NESCAFE CAFE INSTANTANEO GOLD SIGNATURE 95G,21089.0,,,,,,,
2026-08-11,sepa,HiperChangomas,capsulas-nespresso-starbucks,8445291786721,SBUX CHOC HAZEL 51GR,17059.0,,,,,,,
2026-08-11,sepa,Hipermercado Carrefour,desodorante-barra-hombre,33200197447,ANTITRANS ULTRAMAX SPORT ARM HAMMER STICK X73GRS,12086.15,14219.0,,,,,Promo A valida desde el 06/08/2026 hasta 12/08/2026,
2026-08-11,sepa,Hipermercado Carrefour,desodorante-barra-hombre,7500435213882,ANTITRANSP BARRA COCONUT SECRET X 45 GRM,12800.0,,,,,,,
2026-08-11,sepa,Hipermercado Carrefour,desodorante-barra-hombre,7501001163983,ANTITRANSPIRANTE BARRA FRESH OLD SPICE X 50 GRS,9949.0,,,,,,,
2026-08-11,sepa,Hipermercado Carrefour,desodorante-barra-hombre,75083694,DESODORANTE STICK BLUE LAVENDER AXE X 58 GRM,8709.0,,,,,,,
2026-08-11,sepa,Hipermercado Carrefour,desodorante-barra-hombre,75083700,DESODORANTE STICK AQUA CITRUS AXE X 58 GRM,8709.0,,,,,,,
2026-08-11,sepa,Hipermercado Carrefour,cafe-instantaneo,7613035379213,CAFE DESCAFEINADO INSTANTANEO NESCAFE X 100 GRS,16535.0,,,,,,,
2026-08-11,sepa,Hipermercado Carrefour,cafe-instantaneo,7613036312752,CAFE INSTANTANEO EXPRESSO GOLD NESCAFE X 100 GRS,24475.0,,,,,,,
2026-08-11,sepa,Hipermercado Carrefour,capsulas-nespresso-starbucks,7613036961004,CAPSULAS CAFE BLOND ESPRESSO STARBUCKS X 10 UNI,17765.0,,,,,,,
2026-08-11,sepa,Hipermercado Carrefour,capsulas-nespresso-starbucks,7613036961448,CAPSULA CAFE NESPRESSO STARBUCKS COLOMBIA X 57 GRS,19200.0,,,,,,,
2026-08-11,sepa,Hipermercado Carrefour,suprema-pollo,7790070036063,SUPREMAS DE POLLO GRANJA DEL SOL BOLSA X 360 GRS,10665.0,,,,,,,
2026-08-11,sepa,Hipermercado Carrefour,vinagre-alcohol,7790130000034,VINAGRE DE ALCOHOL MENOYO PET X 500 CC,1379.0,,,,,,,
2026-08-11,sepa,Hipermercado Carrefour,vinagre-alcohol,7790130000058,VINAGRE DE ALCOHOL MENOYO PET X 1 LT,1750.0,,,,,,,
2026-08-11,sepa,Hipermercado Carrefour,vinagre-alcohol,7790130000102,VINAGRE DE ALCOHOL MENOYO BIDON X 5 LT,9830.0,,,,,,,
2026-08-11,sepa,Hipermercado Carrefour,vinagre-alcohol,7790130000263,VINAGRE DE ALCOHOL ALCAZAR PET 500 CC,1119.0,,,,,,,
2026-08-11,sepa,Hipermercado Carrefour,vinagre-alcohol,7790130000294,VINAGRE DE ALCOHOL ALCAZAR PET X 1 LT,1319.0,,,,,,,
2026-08-11,sepa,Hipermercado Carrefour,vinagre-alcohol,7790130000645,VINAGRE DE ALCOHOL MENOYO PET X 250 CC,1145.0,,,,,,,
2026-08-11,sepa,Hipermercado Carrefour,lavandina,7790132098459,LAVANDINA ORIGINAL AYUDIN X 1 LT,1279.0,,,,,,,
2026-08-11,sepa,Hipermercado Carrefour,vinagre-alcohol,7790139003166,VINAGRE DE ALCOHOL CLASICO CASALTA PET X500 CC,1205.0,,,,,,,
2026-08-11,sepa,Hipermercado Carrefour,vinagre-alcohol,7790139101138,VINAGRE DE ALCOHOL FAVINCO PET X 1 LT,1589.0,,,,,,,
2026-08-11,sepa,Hipermercado Carrefour,cafe-instantaneo,7790150100462,INSTANTANEO CLASICO ESP INST LA VIRGINIA DP 170GR,8039.0,,,,,,,
2026-08-11,sepa,Hipermercado Carrefour,cafe-instantaneo,7790150100486,CAFE INSTANTANEO ESP INST CLAS LA VIRGINIA X 170GR,8089.0,,,,,,,
2026-08-11,sepa,Hipermercado Carrefour,cafe-instantaneo,7790150100783,CAFE INSTANTANEO ESP INST CLAS LA VIRGINIA X 100GR,5859.0,,,,,,,
2026-08-11,sepa,Hipermercado Carrefour,cafe-instantaneo,7790150100806,CAFE INSTANTANEO CLASICO LA VIRGINA DP X 100 GRS,5150.0,,,,,,,
2026-08-11,sepa,Hipermercado Carrefour,cafe-instantaneo,7790150101476,CAFE INSTANTANEO SUAVE LA VIRGINA DOYPACK X 170GRS,8050.0,,,,,,,
2026-08-11,sepa,Hipermercado Carrefour,cafe-instantaneo,7790150101490,CAFE INSTANTANEO SUAVE LA VIRGINIA FRASCO X 170 GR,9215.0,,,,,,,
2026-08-11,sepa,Hipermercado Carrefour,cafe-instantaneo,7790150101773,CAFE INSTANTANEO SUAVE LA VIRGINIA FRASCO X 100GRS,5859.0,,,,,,,
2026-08-11,sepa,Hipermercado Carrefour,cafe-instantaneo,7790150101780,CAFE INSTANTANEO SUAVE LA VIRGINA DP X 100 GRS,5139.0,,,,,,,
2026-08-11,sepa,Hipermercado Carrefour,cafe-instantaneo,7790150150573,CAFE INSTANTANEO TOSTADO LA VIRGINIA FRASCO 100GR,8259.0,,,,,,,
2026-08-11,sepa,Hipermercado Carrefour,cafe-instantaneo,7790170904798,CAFE INSTANTANEO LA MORENITA FRASCO X 100 GRS,6350.0,,,,,,,
2026-08-11,sepa,Hipermercado Carrefour,queso-crema-light,7790244941605,QUESO CREMA LIGTH SAN IGNACIO POTE X 290 GR,3203.65,3769.0,,,,,Promo A valida desde el 06/08/2026 hasta 12/08/2026,
2026-08-11,sepa,Hipermercado Carrefour,queso-crema-light,7790244941612,QUESO CREMA LIGHT SAN IGNACIO POTE X480 GRS,4818.65,5669.0,,,,,Promo A valida desde el 06/08/2026 hasta 12/08/2026,
2026-08-11,sepa,Hipermercado Carrefour,papel-higienico-doble-hoja,7790250015536,PAPEL HIGIENICO D HOJA PLUS HIGIENOL 4 X 30 MTS,3435.0,,,,,,,
2026-08-11,sepa,Hipermercado Carrefour,papel-higienico-doble-hoja,7790250015567,PAPEL HIGIENICO DOBLE HOJA PLUS HIGIENOL 4 X 20 MT,3149.0,,,,,,,
2026-08-11,sepa,Hipermercado Carrefour,papel-higienico-doble-hoja,7790250019411,PAPEL HIGIENICO DH PLUS HIGIENOL 30M X 18,15510.0,,,,,,,
2026-08-11,sepa,Hipermercado Carrefour,papel-higienico-doble-hoja,7790250026075,PAPEL HIGIENICO D H ULTRA SUAVE ELITE 4 X 30 MTS,4399.0,,,,,,,
2026-08-11,sepa,Hipermercado Carrefour,papel-higienico-doble-hoja,7790250026082,PAPEL HIGIENICO ULTRA SOFT D HOJA ELITE 4 X 50 MTS,10349.0,,,,,,,
2026-08-11,sepa,Hipermercado Carrefour,rollo-cocina,7790250056881,ROLLO DE COCINA CLASICO SUSSEX 3 X 50 PAN,2929.0,,,,,,,
2026-08-11,sepa,Hipermercado Carrefour,rollo-cocina,7790250056898,ROLLO DE COCINA ULTRA SUSSEX 60P X 3 UNI,4980.0,,,,,,,
2026-08-11,sepa,Hipermercado Carrefour,rollo-cocina,7790250056980,ROLLO DE COCINA MAXI SUSSEX 3 X 100 PAN,7489.0,,,,,,,
2026-08-11,sepa,Hipermercado Carrefour,rollo-cocina,7790250057086,ROLLO COCINA CLASICO MEGA SUSSEX X 200 PANOS,3350.0,,,,,,,
2026-08-11,sepa,Hipermercado Carrefour,papel-higienico-doble-hoja,7790250092452,PAPEL HIGIENICO DOBLE HOJA NOBLE 4 X 30 M,3669.0,,,,,,,
2026-08-11,sepa,Hipermercado Carrefour,papel-higienico-doble-hoja,7790250913368,PAPEL HIGIENICO DH CON YAPA HIGIENOL 50M X 4 UNI,9529.0,,,,,,,
2026-08-11,sepa,Hipermercado Carrefour,yerba-mananita,7790387015317,YERBA MATE BAJO POLVO MANANITA 4FLEX X 1 KG,4749.0,,,,,,,
2026-08-11,sepa,Hipermercado Carrefour,yerba-mananita,7790387015324,YERBA MATE BAJO POLVO MANANITA 4FLEX X 500 GRS,2379.0,,,,,,,
2026-08-11,sepa,Hipermercado Carrefour,cafe-instantaneo,7790550029431,CAFE INSTANTANEO CLASICO LA PLANTA FRASCO X 170 GR,13709.0,,,,,,,
2026-08-11,sepa,Hipermercado Carrefour,atun-lomitos-natural,7790580131364,ATUN AL NATURAL LOMITOS LA CAMPAGNOLA X 170 GRS,5745.0,,,,,,,
2026-08-11,sepa,Hipermercado Carrefour,vinagre-alcohol,7790673000188,VINAGRE DE ALCOHOL FAVINCO BIDON X 5 LT,8129.0,,,,,,,
2026-08-11,sepa,Hipermercado Carrefour,ricotta,7790742102805,RICOTTA ENTERA B SODIO GARCIA SACHET X 500 GRS,4699.0,,,,,,,
2026-08-11,sepa,Hipermercado Carrefour,ricotta,7790742114204,RICOTTA SEMIGRASA BAJO SODIO GARCIA X 500 GRS,4755.0,,,,,,,
2026-08-11,sepa,Hipermercado Carrefour,leche-protein,7790742358608,LECHE UAT DESC S LACT PROTEIN LA SERENISIMA BOTX1L,2999.0,,,,,,,
2026-08-11,sepa,Hipermercado Carrefour,queso-crema-light,7790742373304,QUESO FUNDIDO FINLANDIA LIGHT POTE 290 GRS,5479.0,,,,,,,
2026-08-11,sepa,Hipermercado Carrefour,yogur-natural-sin-azucar,7790787960934,YOGUR CREMOSO SAB NATURAL ILOLAY POTE X 350 G,3144.15,3699.0,,,,,Promo A valida desde el 06/08/2026 hasta 12/08/2026,
2026-08-11,sepa,Hipermercado Carrefour,gaseosa-cola-zero,7790895067532,GASEOSA COLA ZERO COCA COLA PET X 500 CC,2500.0,,,,,,,
2026-08-11,sepa,Hipermercado Carrefour,gaseosa-cola-zero,7790895067556,GASEOSA COLA SIN AZUCAR COCA COLA PET X 1.5LT,4300.0,,,,,,,
2026-08-11,sepa,Hipermercado Carrefour,gaseosa-cola-zero,7790895067570,GASEOSA COLA ZERO COCA COLA PET X 2.25 LT,5600.0,,,,,,,
2026-08-11,sepa,Hipermercado Carrefour,gaseosa-cola-zero,7790895067587,GASEOSA COLA SIN AZUCAR COCA COLA LATA X 354 CC,2500.0,,,,,,,
2026-08-11,sepa,Hipermercado Carrefour,gaseosa-cola-zero,7790895640438,GASEOSA COLA SIN AZUCAR COCA COLA PET X 3 LT,6750.0,,,,,,,
2026-08-11,sepa,Hipermercado Carrefour,detergente,7790990003022,DETERGENTE ULTRA LIMON MAGISTRAL BOT X 300 CC,2459.0,,,,,,,
2026-08-11,sepa,Hipermercado Carrefour,detergente,7790990003039,DETERGENTE ULTRA LIMON MAGISTRAL BOT X 500 CC,4389.0,,,,,,,
2026-08-11,sepa,Hipermercado Carrefour,detergente,7790990003046,DETERGENTE ULTRA LIMON MAGISTRAL BOT X 750 CC,6035.0,,,,,,,
2026-08-11,sepa,Hipermercado Carrefour,detergente,7790990003053,DETERGENTE ULTRA LIMON MAGISTRAL BOT 1400ML,13990.0,,,,,,,
2026-08-11,sepa,Hipermercado Carrefour,detergente,7790990003121,DETERGENTE ULTRA MARINA MAGISTRAL BOT X 300 CC,2459.0,,,,,,,
2026-08-11,sepa,Hipermercado Carrefour,detergente,7790990003138,DETERGENTE ULTRA MARINA MAGISTRAL BOT X 500 CC,4559.0,,,,,,,
2026-08-11,sepa,Hipermercado Carrefour,detergente,7790990003145,DETERGENTE ULTRA MARINA MAGISTRAL BOT X 750 CC,6035.0,,,,,,,
2026-08-11,sepa,Hipermercado Carrefour,detergente,7790990003381,DETERGENTE LIMON MAGISTRAL PLATINUM X 500 CC,6159.0,,,,,,,
2026-08-11,sepa,Hipermercado Carrefour,detergente,7790990003404,DETERGENTE CREMOSO ULTRA LIMON BOT X 300 CC,3450.0,,,,,,,
2026-08-11,sepa,Hipermercado Carrefour,detergente,7790990003411,DETERGENTE CREM ULTRA LIMON MAGISTRAL BOT X 500CC,4559.0,,,,,,,
2026-08-11,sepa,Hipermercado Carrefour,detergente,7790990003787,DETERGENTE ULTRA LIMON MAGISTRAL DP X 450 CC,4039.0,,,,,,,
2026-08-11,sepa,Hipermercado Carrefour,rollo-cocina,7791070005806,ROLLO DE COCINA CELESTIAL 3 X 50 PANOS,3189.0,,,,,,,
2026-08-11,sepa,Hipermercado Carrefour,lavandina,7791290793781,LIMPIADOR CREMOSO C LAVANDINA CIF X 750G,4665.0,,,,,,,
2026-08-11,sepa,Hipermercado Carrefour,lavandina,7791290793804,LIMPIADOR EN GEL C LAVANDINA CIF X 513G,3669.0,,,,,,,
2026-08-11,sepa,Hipermercado Carrefour,detergente,7791290794054,DETERGENTE BIOACTIVE LIMON CIF X 300 CC,2329.0,,,,,,,
2026-08-11,sepa,Hipermercado Carrefour,detergente,7791290794061,DETERGENTE BIOACTIVE LIMON CIF X 500 CC,3729.0,,,,,,,
2026-08-11,sepa,Hipermercado Carrefour,detergente,7791290794078,DETERGENTE BIOACTIVE LIMON CIF X 750 CC,6590.0,,,,,,,
2026-08-11,sepa,Hipermercado Carrefour,detergente,7791290794085,DETERGENTE BIOACTIVE LIMON CIF REPUESTO X 450 CC,2855.0,,,,,,,
2026-08-11,sepa,Hipermercado Carrefour,detergente,7791290794092,DETERGENTE BIOACTIVE LIMA CIF RESPUESTO X 450 CC,2855.0,,,,,,,
2026-08-11,sepa,Hipermercado Carrefour,detergente,7791290794108,DETERGENTE BIOACTIVE LIMA CIF X 300 CC,2329.0,,,,,,,
2026-08-11,sepa,Hipermercado Carrefour,detergente,7791290794115,DETERGENTE BIOACTIVE LIMA CIF X 500 CC,3729.0,,,,,,,
2026-08-11,sepa,Hipermercado Carrefour,lavandina,7791290794955,LAVANDINA EN GEL ORIGINAL VIM X 700 CC,3500.0,,,,,,,
2026-08-11,sepa,Hipermercado Carrefour,detergente,7791290796706,DETERGENTE ACTIVE GEL ORIG CIF BOT X 500 CC,4850.0,,,,,,,
2026-08-11,sepa,Hipermercado Carrefour,detergente,7791290796720,DETERGENTE ACTIVE GEL ORIG CIF DP X 400 CC,4289.0,,,,,,,
2026-08-11,sepa,Hipermercado Carrefour,detergente,7791290796737,DETERGENTE ACTIVE GEL LIMON CIF BOT X 500 CC,4850.0,,,,,,,
2026-08-11,sepa,Hipermercado Carrefour,detergente,7791290796744,DETERGENTE ACTIVE GEL LIMON CIF BOT X 750 CC,8229.0,,,,,,,
2026-08-11,sepa,Hipermercado Carrefour,detergente,7791290796751,DETERGENTE ACTIVE GEL LIMON CIF DP X 400 CC,4289.0,,,,,,,
2026-08-11,sepa,Hipermercado Carrefour,yogur-natural-sin-azucar,7791337007208,YOGUR NATURAL S LACTOSA SER POTE X 300 GR,4915.0,,,,,,,
2026-08-11,sepa,Hipermercado Carrefour,queso-crema-light,7791337009851,QUESO CREMA LIGHT LA SERENISIMA POTE X 460 GRS,6045.0,,,,,,,
2026-08-11,sepa,Hipermercado Carrefour,yogur-natural-sin-azucar,7791337010932,YOGUR GRIEGO FIR NATURAL YOGURISIMO POTE X 180 GR,2950.0,,,,,,,
2026-08-11,sepa,Hipermercado Carrefour,rollo-cocina,7791720002605,ROLLO DE COCINA CARREFOUR ESSENTIAL 3 X 40 PANOS,2350.0,,,,,,,
2026-08-11,sepa,Hipermercado Carrefour,rollo-cocina,7791720025543,ROLLO DE COCINA MAXI BLANCO CARREFOUR X 200 PANOS,2850.0,,,,,,,
2026-08-11,sepa,Hipermercado Carrefour,queso-crema-light,7791720028506,QUESO CREMA LIGHT CARREFOUR CLASSIC X 290 GRS,3190.0,,,,,,,
2026-08-11,sepa,Hipermercado Carrefour,papel-higienico-doble-hoja,7791720032930,PAPEL HIGIENICO DH CARREFOUR ESSENTIAL 4X30 MTS,3450.0,,,,,,,
2026-08-11,sepa,Hipermercado Carrefour,cafe-instantaneo,7791720035481,CAFE INSTANTANEO SUAVE CRF CLASSIC FRASCO X 170 GR,10650.0,,,,,,,
2026-08-11,sepa,Hipermercado Carrefour,vinagre-alcohol,7791720035955,VINAGRE DE ALCOHOL BULNEZ 1 LT,1190.0,,,,,,,
2026-08-11,sepa,Hipermercado Carrefour,vinagre-alcohol,7791720035962,VINAGRE DE ALCOHOL BULNEZ BIDON 5000 CC,5790.0,,,,,,,
2026-08-11,sepa,Hipermercado Carrefour,rollo-cocina,7791720045541,ROLLOS DE COCINA CARREFOUR ESSENTIAL 3 X 100 PANOS,4650.0,,,,,,,
2026-08-11,sepa,Hipermercado Carrefour,papel-higienico-doble-hoja,7791720045558,PAPEL HIG DOBLE HOJA CARREFOUR ESSENTIAL 4 X50MTS,5550.0,,,,,,,
2026-08-11,sepa,Hipermercado Carrefour,ricotta,7791720046951,RICOTTA ENTERA BULNEZ X 500 GRM,2966.5,3490.0,,,,,Promo A valida desde el 06/08/2026 hasta 12/08/2026,
2026-08-11,sepa,Hipermercado Carrefour,rollo-cocina,7791720047446,ROLLO DE COCINA DOBLE HOJA BULNEZ X 200 PANOS,2350.0,,,,,,,
2026-08-11,sepa,Hipermercado Carrefour,yogur-natural-sin-azucar,7791720048122,YOGUR NATURAL CARREFOUR EXTRA FRASCO X 200 GR,2337.5,2750.0,,,,,Promo A valida desde el 06/08/2026 hasta 12/08/2026,
2026-08-11,sepa,Hipermercado Carrefour,yogur-natural-sin-azucar,7791720048139,YOGUR NATURAL CARREFOUR CLASSIC POTE 300 X GR,2626.5,3090.0,,,,,Promo A valida desde el 06/08/2026 hasta 12/08/2026,
2026-08-11,sepa,Hipermercado Carrefour,gaseosa-cola-zero,7791813828365,GASEOSA COLA BLACK PEPSI N PET X 500 CC.,2200.0,,,,,,,
2026-08-11,sepa,Hipermercado Carrefour,gaseosa-cola-zero,7791813828419,GASEOSA COLA BLACK PEPSI NF PET X 1.5 LT,3950.0,,,,,,,
2026-08-11,sepa,Hipermercado Carrefour,gaseosa-cola-zero,7791813828464,GASEOSA COLA BLACK PEPSI N PET X 2 LT,4400.0,,,,,,,
2026-08-11,sepa,Hipermercado Carrefour,rollo-cocina,7791828000121,ROLLO COCINA PARA CADA DIA FELPITA 3 X 40 PANOS,2499.0,,,,,,,
2026-08-11,sepa,Hipermercado Carrefour,rollo-cocina,7791828900025,ROLLO DE COCINA DISNEY FELPITA 3 X 40 PANOS,3265.0,,,,,,,
2026-08-11,sepa,Hipermercado Carrefour,papel-higienico-doble-hoja,7791828900049,PAPEL HIGIENICO INFINITY FELPITA 4X30 MTS,4409.0,,,,,,,
2026-08-11,sepa,Hipermercado Carrefour,rollo-cocina,7791828900056,ROLLO DE COCINA BLANCO INFINITY FELPITA 3X100 MTS,5109.0,,,,,,,
2026-08-11,sepa,Hipermercado Carrefour,papel-higienico-doble-hoja,7791828900186,PAPEL HIGIENICO DH FELPITA PREMIUM 4X20 MTS,2940.0,,,,,,,
2026-08-11,sepa,Hipermercado Carrefour,papel-higienico-doble-hoja,7791828900278,PAPEL HIGIENICO D HOJA SUPER SUAVE FELPITA 6X30MTS,6405.0,,,,,,,
2026-08-11,sepa,Hipermercado Carrefour,papel-higienico-doble-hoja,7791828900285,PAPEL HIGIENICO DH INFINITY FELPITA 4 X 50 M,6860.0,,,,,,,
2026-08-11,sepa,Hipermercado Carrefour,rollo-cocina,7791828900377,ROLLO DE COCINA MAXIROLLO FELPITA X 200 PANOS,3069.0,,,,,,,
2026-08-11,sepa,Hipermercado Carrefour,papel-higienico-doble-hoja,7791828900520,PAPEL HIGIENICO DH FELPITA 12 X 30 MTS,14009.0,,,,,,,
2026-08-11,sepa,Hipermercado Carrefour,rollo-cocina,7791828900537,ROLLO DE COCINA PANO BLANCO FELPITA 3 X 60 UNI,2649.0,,,,,,,
2026-08-11,sepa,Hipermercado Carrefour,rollo-cocina,7791828900599,ROLLO DE COCINA MAXIROLLO FELPITA X 150 PANOS,3069.0,,,,,,,
2026-08-11,sepa,Hipermercado Carrefour,rollo-cocina,7791828900605,ROLLO DE COCINA FAMILIAR MAXIROLLO FELPITA 4 X 200,11039.0,,,,,,,
2026-08-11,sepa,Hipermercado Carrefour,lavandina,7791905000020,LAVANDINA CONCENTRADA QUERUBIN X 1 LT,1206.75,1609.0,,,,,Promo A valida desde el 06/08/2026 hasta 12/08/2026,
2026-08-11,sepa,Hipermercado Carrefour,lavandina,7791905003663,LAVANDINA ROPA BLANCA ADITIVADA QUERUBIN BOT X 1 L,2020.0,,,,,,,
2026-08-11,sepa,Hipermercado Carrefour,lavandina,7791905023203,LAVANDINA ORIGINAL ODEX X 1 LT,1295.0,,,,,,,
2026-08-11,sepa,Hipermercado Carrefour,lavandina,7791905023210,LAVANDINA ORIGINAL ODEX X 2 LT,2460.0,,,,,,,
2026-08-11,sepa,Hipermercado Carrefour,lavandina,7791905023227,LAVANDINA ORIGINAL ODEX X 4 LT,4809.0,,,,,,,
2026-08-11,sepa,Hipermercado Carrefour,lavandina,7791905024057,LAVANDINA ADITIVADA LAVANDA ODEX X 1 LT,1520.0,,,,,,,
2026-08-11,sepa,Hipermercado Carrefour,lavandina,7791905024064,LAVANDINA ADITIVADA LAVANDA ODEX X 2 LT,2810.0,,,,,,,
2026-08-11,sepa,Hipermercado Carrefour,lavandina,7791905024071,LAVANDINA ADITIVADA LAVANDA ODEX X 4 LT,4990.0,,,,,,,
2026-08-11,sepa,Hipermercado Carrefour,lavandina,7791905024095,LAVANDINA ADITIVADA BOSQUE ODEX X 2 LT,2810.0,,,,,,,
2026-08-11,sepa,Hipermercado Carrefour,lavandina,7791905024101,LAVANDINA ADITIVADA BOSQUE ODEX X 4 LT,4990.0,,,,,,,
2026-08-11,sepa,Hipermercado Carrefour,lavandina,7791905024248,LAVANDINA ADITIVADA EN GEL ORIGINAL ODEX X 700 CC,3000.0,,,,,,,
2026-08-11,sepa,Hipermercado Carrefour,lavandina,7793253003715,LAVANDINA MULTISUP LAVANDA TRIPLE PODER AYUDIN X1L,1909.0,,,,,,,
2026-08-11,sepa,Hipermercado Carrefour,lavandina,7793253003722,LAVANDINA MULTISUP LAVANDA TRIPLE PODER AYUDIN X2L,3465.0,,,,,,,
2026-08-11,sepa,Hipermercado Carrefour,lavandina,7793253003739,LAVANDINA MULTISUP LAVANDA TRIPLE PODER AYUDIN X4L,7179.0,,,,,,,
2026-08-11,sepa,Hipermercado Carrefour,lavandina,7793253003746,LAVANDINA MULTI PU GLACIAR TRIPLE PODER AYUDIN X1L,1909.0,,,,,,,
2026-08-11,sepa,Hipermercado Carrefour,lavandina,7793253003760,LAVANDINA MULTI PU GLACIAR TRIPLE PODER AYUDIN X4L,7179.0,,,,,,,
2026-08-11,sepa,Hipermercado Carrefour,lavandina,7793253003777,LAVANDINA ANTISPLASH TRADICIONAL AYUDIN X 1 LT,2225.0,,,,,,,
2026-08-11,sepa,Hipermercado Carrefour,lavandina,7793253003784,LAVANDINA ANTISPLASH TRADICIONAL AYUDIN X 2 LT,4185.0,,,,,,,
2026-08-11,sepa,Hipermercado Carrefour,lavandina,7793253003791,LAVANDINA EN GEL ORIGINAL AYUDIN BOTELLA X 700 CC,3519.0,,,,,,,
2026-08-11,sepa,Hipermercado Carrefour,lavandina,7793253003807,LAVANDINA EN GEL CITRUS AYUDIN BOTELLA X 700 CC,3519.0,,,,,,,
2026-08-11,sepa,Hipermercado Carrefour,lavandina,7793253003814,LAVANDINA EN GEL FLORAL AYUDIN BOTELLA X 700 CC,3519.0,,,,,,,
2026-08-11,sepa,Hipermercado Carrefour,lavandina,7793253003821,LAVANDINA EN GEL MENTA AYUDIN BOTELLA X 700 CC,3519.0,,,,,,,
2026-08-11,sepa,Hipermercado Carrefour,lavandina,7793253003838,LAVANDINA EN GEL LAVANDA AYUDIN X 700 CC,3519.0,,,,,,,
2026-08-11,sepa,Hipermercado Carrefour,lavandina,7793253003869,LAVANDINA EN GEL ORIGINAL AYUDIN BOTELLA X 1.5 LT,8300.0,,,,,,,
2026-08-11,sepa,Hipermercado Carrefour,lavandina,7793253003876,LAVANDINA EN GEL PUREZA CITRICA AYUDIN X 1.5 LT,8300.0,,,,,,,
2026-08-11,sepa,Hipermercado Carrefour,lavandina,7793253005856,LAVANDINA EN GEL ORIGINAL AYUDIN BOTELLA X 500 CC,2989.0,,,,,,,
2026-08-11,sepa,Hipermercado Carrefour,lavandina,7793253005863,LAVANDINA EN GEL CITRICA AYUDIN X 500 CC,2985.0,,,,,,,
2026-08-11,sepa,Hipermercado Carrefour,lavandina,7793253006709,LAVANDINA ORIGINAL DESINFECTANTE AYUDIN X 2 LT,2609.0,,,,,,,
2026-08-11,sepa,Hipermercado Carrefour,lavandina,7793253006716,LAVANDINA ORIGINAL DESINFECTANTE AYUDIN X 4 LT,5789.0,,,,,,,
2026-08-11,sepa,Hipermercado Carrefour,lavandina,7793253007263,LAVANDINA ANTISPLASH AYUDIN X 4 L,8280.0,,,,,,,
2026-08-11,sepa,Hipermercado Carrefour,papel-higienico-doble-hoja,7793344000517,PAPEL HIGIENICO D HOJA ELEGANTE 4 X 30 MT,3110.0,,,,,,,
2026-08-11,sepa,Hipermercado Carrefour,rollo-cocina,7793344009206,ROLLO DE COCINA GIGANTE ELEGANTE X 200 PANOS,2839.0,,,,,,,
2026-08-11,sepa,Hipermercado Carrefour,rollo-cocina,7793344009305,ROLLOS DE COCINA ELEGANTE GIRAMAS 3 X 100 PAN,5319.0,,,,,,,
2026-08-11,sepa,Hipermercado Carrefour,rollo-cocina,7793344904013,ROLLO DE COCINA ELEGANTE 3 X 50 PANOS,2839.0,,,,,,,
2026-08-11,sepa,Hipermercado Carrefour,rollo-cocina,7793344904853,ROLLO DE COCINA PREMIUM ELEGANTE 3 X 60 PAN,3429.0,,,,,,,
2026-08-11,sepa,Hipermercado Carrefour,yogur-natural-sin-azucar,7793913002423,YOGUR ENTERO NATURAL TREGAR POTE X 140 GRS.,2029.0,,,,,,,
2026-08-11,sepa,Hipermercado Carrefour,queso-crema-light,7793913013214,QUESO CREMA LIGHT TREGAR X 190 GRS,3190.0,,,,,,,
2026-08-11,sepa,Hipermercado Carrefour,queso-crema-light,7793913013641,QUESO NEUFCHATEL LIGHT TREGAR POTE X 180 GRS,3089.0,,,,,,,
2026-08-11,sepa,Hipermercado Carrefour,ricotta,7793913013665,RICOTTA ENTERA BAJO SODIO TREGAR POTE X 290 GRS,3790.0,,,,,,,
2026-08-11,sepa,Hipermercado Carrefour,ricotta,7793913013672,RICOTTA MAGRA BAJO SODIO TREGAR POTE X 290 GRS,3769.0,,,,,,,
2026-08-11,sepa,Hipermercado Carrefour,queso-crema-light,7794820015018,QUESO FUNDIDO LIGHT TRAD MILKAUT POTE X 190 GRS,3379.0,,,,,,,
2026-08-11,sepa,Hipermercado Carrefour,queso-crema-light,7794820903094,QUESO UNTABLE LIGHT CREMATTO POTE MILKAUT X 285GRS,5069.0,,,,,,,
2026-08-11,sepa,Hipermercado Carrefour,yogur-natural-sin-azucar,7794820903612,YOGUR ENT NATURAL CREMOSO MILKAUT POTE X 300 G,3879.0,,,,,,,
2026-08-11,sepa,Hipermercado Carrefour,yogur-natural-sin-azucar,7794820903711,YOGUR DESC NATURAL CREMOSO MILKAUT POTE X 300G,3879.0,,,,,,,
2026-08-11,sepa,Hipermercado Carrefour,vinagre-alcohol,7798033332610,VINAGRE DE ALCOHOL CARREFOUR PET X 500 CC,1190.0,,,,,,,
2026-08-11,sepa,Hipermercado Carrefour,vinagre-alcohol,7798033332641,VINAGRE DE ALCOHOL CARREFOUR PET X 1 LT,1550.0,,,,,,,
2026-08-11,sepa,Hipermercado Carrefour,atun-lomitos-natural,7798033333907,ATUN AL NATURAL LOMITOS CARREFOUR LATA X 170 GRS.,3490.0,,,,,,,
2026-08-11,sepa,Hipermercado Carrefour,atun-lomitos-natural,7798108349161,ATUN AL NATURAL LOMITOS CARREFOUR LATA X 354 GRS,6450.0,,,,,,,
2026-08-11,sepa,Hipermercado Carrefour,yogur-natural-sin-azucar,7798136870545,YOGUR FIRME NATURAL DAHI FRASCO X 190 GRS,2720.0,,,,,,,
2026-08-11,sepa,Hipermercado Carrefour,yogur-natural-sin-azucar,7798136870859,YOGUR NATURAL ESTILO GRIEGO DAHI FRASCO X 190 GRM,3289.0,,,,,,,
2026-08-11,sepa,Hipermercado Carrefour,rollo-cocina,7798141718221,ROLLO DE COCINA CARREFOUR 3 X 50 PANOS,2150.0,2390.0,,,,,Promo A valida desde el 11/08/2026 hasta 18/08/2026,
2026-08-11,sepa,Hipermercado Carrefour,atun-lomitos-natural,7798152222151,ATUN AL NATURAL LOMITOS CARREFOUR 3 X 80 GRS,6150.0,,,,,,,
2026-08-11,sepa,Hipermercado Carrefour,papel-higienico-doble-hoja,7798159717520,PAPEL HIGIENICO D HOJA DECO CARREFOUR 4 X 50 MTS,6090.0,,,,,,,
2026-08-11,sepa,Hipermercado Carrefour,rollo-cocina,7798159717537,ROLLO DE COCINA DECORADO CARREFOUR 3 X 50 PANOS,2750.0,,,,,,,
2026-08-11,sepa,Hipermercado Carrefour,papel-higienico-doble-hoja,7798159718961,PAPEL HIGIENICO D HOJA CARREFOUR 4 X 30 MTS,3450.0,,,,,,,
2026-08-11,sepa,Hipermercado Carrefour,ricotta,7798179070018,RICOTA G SILVIA X 500 GRS,3285.0,,,,,,,
2026-08-11,sepa,Hipermercado Carrefour,cafe-instantaneo,7798196990016,CAFE SOLUBLE SEGAFREDO FRASCO X 100 GRS,19500.0,,,,,,,
2026-08-11,sepa,Hipermercado Carrefour,cafe-instantaneo,7798196990047,CAFE INSTANTANEO LIOFILIZADO SEGAFREDO X 100 GRS,22100.0,,,,,,,
2026-08-11,sepa,Hipermercado Carrefour,queso-crema-light,7798312320567,QUESO UNTABLE LIGHT SANTA CLARA POTE X 300 GRS,3099.0,,,,,,,
2026-08-11,sepa,Hipermercado Carrefour,yogur-natural-sin-azucar,7798327950193,YOGUR NATURAL S AZUCAR SIN TACC BEAUDROIT 400 GR,4855.0,,,,,,,
2026-08-11,sepa,Hipermercado Carrefour,leche-protein,7798338291803,LECHE C PROTEINA VIDA ACTIVA LAS TRES NINAS X 1LT,2865.0,,,,,,,
2026-08-11,sepa,Hipermercado Carrefour,cafe-instantaneo,7891000426937,CAFE INSTANTANEO ICED COFFEE NESCAFE X 100 GRS,10210.0,,,,,,,
2026-08-11,sepa,Hipermercado Carrefour,capsulas-nespresso-starbucks,8445290154125,CAPSULA CAFE NESPRESSO STARBUCKS CARAMEL X 51 GRS,16599.0,,,,,,,
2026-08-11,sepa,Hipermercado Carrefour,capsulas-nespresso-starbucks,8445290814425,CAPSULA CAFE NESPRESSO STARBUCKS DECAF X 55 GRS,16599.0,,,,,,,
2026-08-11,sepa,Hipermercado Carrefour,cafe-instantaneo,8445291311510,CAFE INSTANTANEO TRADICION NESCAFE X 100 GRS,8750.0,,,,,,,
2026-08-11,sepa,Hipermercado Carrefour,cafe-instantaneo,8445291311558,CAFE INSTANTANEO SUAVE DOLCA DP X 100 GRS,6149.0,,,,,,,
2026-08-11,sepa,Hipermercado Carrefour,capsulas-nespresso-starbucks,8445291363656,CAPSULAS CAFE HOUSE BLEND STARBUCKS X 10 UNI,15995.0,,,,,,,
2026-08-11,sepa,Hipermercado Carrefour,capsulas-nespresso-starbucks,8445291367272,CAPSULAS CAFE ESPRESSO ROAST STARBUCKS X 10 UNI,16599.0,,,,,,,
2026-08-11,sepa,Hipermercado Carrefour,cafe-instantaneo,8445291738775,CAFE INSTANTANEO GOLD NESCAFE FRASCO X 95 GRS,21969.0,,,,,,,
2026-08-11,sepa,Hipermercado Carrefour,capsulas-nespresso-starbucks,8445291786721,CAPSULAS CAFE CHOCO HAZELNUT STARBUCKS X 10 UNI,17589.0,,,,,,,
2026-08-11,sepa,Market,desodorante-barra-hombre,75083694,DESODORANTE STICK BLUE LAVENDER AXE X 58 GRM,8709.0,,,,,,,
2026-08-11,sepa,Market,desodorante-barra-hombre,75083700,DESODORANTE STICK AQUA CITRUS AXE X 58 GRM,8709.0,,,,,,,
2026-08-11,sepa,Market,cafe-instantaneo,7613035379213,CAFE DESCAFEINADO INSTANTANEO NESCAFE X 100 GRS,16535.0,,,,,,,
2026-08-11,sepa,Market,cafe-instantaneo,7613036312752,CAFE INSTANTANEO EXPRESSO GOLD NESCAFE X 100 GRS,24475.0,,,,,,,
2026-08-11,sepa,Market,capsulas-nespresso-starbucks,7613036961004,CAPSULAS CAFE BLOND ESPRESSO STARBUCKS X 10 UNI,17765.0,,,,,,,
2026-08-11,sepa,Market,suprema-pollo,7790070036063,SUPREMAS DE POLLO GRANJA DEL SOL BOLSA X 360 GRS,10665.0,,,,,,,
2026-08-11,sepa,Market,vinagre-alcohol,7790130000034,VINAGRE DE ALCOHOL MENOYO PET X 500 CC,1379.0,,,,,,,
2026-08-11,sepa,Market,vinagre-alcohol,7790130000058,VINAGRE DE ALCOHOL MENOYO PET X 1 LT,1750.0,,,,,,,
2026-08-11,sepa,Market,vinagre-alcohol,7790130000263,VINAGRE DE ALCOHOL ALCAZAR PET 500 CC,1119.0,,,,,,,
2026-08-11,sepa,Market,vinagre-alcohol,7790130000294,VINAGRE DE ALCOHOL ALCAZAR PET X 1 LT,1319.0,,,,,,,
2026-08-11,sepa,Market,vinagre-alcohol,7790130000645,VINAGRE DE ALCOHOL MENOYO PET X 250 CC,1145.0,,,,,,,
2026-08-11,sepa,Market,lavandina,7790132098459,LAVANDINA ORIGINAL AYUDIN X 1 LT,1279.0,,,,,,,
2026-08-11,sepa,Market,vinagre-alcohol,7790139003166,VINAGRE DE ALCOHOL CLASICO CASALTA PET X500 CC,1205.0,,,,,,,
2026-08-11,sepa,Market,vinagre-alcohol,7790139101138,VINAGRE DE ALCOHOL FAVINCO PET X 1 LT,1589.0,,,,,,,
2026-08-11,sepa,Market,cafe-instantaneo,7790150100486,CAFE INSTANTANEO ESP INST CLAS LA VIRGINIA X 170GR,9209.0,,,,,,,
2026-08-11,sepa,Market,cafe-instantaneo,7790150100806,CAFE INSTANTANEO CLASICO LA VIRGINA DP X 100 GRS,5150.0,,,,,,,
2026-08-11,sepa,Market,cafe-instantaneo,7790150101780,CAFE INSTANTANEO SUAVE LA VIRGINA DP X 100 GRS,5139.0,,,,,,,
2026-08-11,sepa,Market,cafe-instantaneo,7790170904798,CAFE INSTANTANEO LA MORENITA FRASCO X 100 GRS,6350.0,,,,,,,
2026-08-11,sepa,Market,queso-crema-light,7790244941605,QUESO CREMA LIGTH SAN IGNACIO POTE X 290 GR,3769.0,,,,,,,
2026-08-11,sepa,Market,queso-crema-light,7790244941612,QUESO CREMA LIGHT SAN IGNACIO POTE X480 GRS,5669.0,,,,,,,
2026-08-11,sepa,Market,papel-higienico-doble-hoja,7790250015536,PAPEL HIGIENICO D HOJA PLUS HIGIENOL 4 X 30 MTS,3619.0,,,,,,,
2026-08-11,sepa,Market,papel-higienico-doble-hoja,7790250015567,PAPEL HIGIENICO DOBLE HOJA PLUS HIGIENOL 4 X 20 MT,3545.0,,,,,,,
2026-08-11,sepa,Market,papel-higienico-doble-hoja,7790250026075,PAPEL HIGIENICO D H ULTRA SUAVE ELITE 4 X 30 MTS,5599.0,,,,,,,
2026-08-11,sepa,Market,papel-higienico-doble-hoja,7790250026082,PAPEL HIGIENICO ULTRA SOFT D HOJA ELITE 4 X 50 MTS,10349.0,,,,,,,
2026-08-11,sepa,Market,rollo-cocina,7790250056881,ROLLO DE COCINA CLASICO SUSSEX 3 X 50 PAN,2929.0,,,,,,,
2026-08-11,sepa,Market,rollo-cocina,7790250056898,ROLLO DE COCINA ULTRA SUSSEX 60P X 3 UNI,4980.0,,,,,,,
2026-08-11,sepa,Market,rollo-cocina,7790250057086,ROLLO COCINA CLASICO MEGA SUSSEX X 200 PANOS,3099.0,,,,,,,
2026-08-11,sepa,Market,papel-higienico-doble-hoja,7790250913368,PAPEL HIGIENICO DH CON YAPA HIGIENOL 50M X 4 UNI,9529.0,,,,,,,
2026-08-11,sepa,Market,yerba-mananita,7790387015317,YERBA MATE BAJO POLVO MANANITA 4FLEX X 1 KG,4789.0,,,,,,,
2026-08-11,sepa,Market,yerba-mananita,7790387015324,YERBA MATE BAJO POLVO MANANITA 4FLEX X 500 GRS,2570.0,,,,,,,
2026-08-11,sepa,Market,atun-lomitos-natural,7790580131364,ATUN AL NATURAL LOMITOS LA CAMPAGNOLA X 170 GRS,5745.0,,,,,,,
2026-08-11,sepa,Market,ricotta,7790742102805,RICOTTA ENTERA B SODIO GARCIA SACHET X 500 GRS,4509.0,,,,,,,
2026-08-11,sepa,Market,ricotta,7790742114204,RICOTTA SEMIGRASA BAJO SODIO GARCIA X 500 GRS,4755.0,,,,,,,
2026-08-11,sepa,Market,leche-protein,7790742358608,LECHE UAT DESC S LACT PROTEIN LA SERENISIMA BOTX1L,2999.0,,,,,,,
2026-08-11,sepa,Market,queso-crema-light,7790742373304,QUESO FUNDIDO FINLANDIA LIGHT POTE 290 GRS,5475.0,,,,,,,
2026-08-11,sepa,Market,yogur-natural-sin-azucar,7790787960934,YOGUR CREMOSO SAB NATURAL ILOLAY POTE X 350 G,3695.0,,,,,,,
2026-08-11,sepa,Market,gaseosa-cola-zero,7790895067532,GASEOSA COLA ZERO COCA COLA PET X 500 CC,2280.0,,,,,,,
2026-08-11,sepa,Market,gaseosa-cola-zero,7790895067556,GASEOSA COLA SIN AZUCAR COCA COLA PET X 1.5LT,4300.0,,,,,,,
2026-08-11,sepa,Market,gaseosa-cola-zero,7790895067570,GASEOSA COLA ZERO COCA COLA PET X 2.25 LT,5600.0,,,,,,,
2026-08-11,sepa,Market,gaseosa-cola-zero,7790895067587,GASEOSA COLA SIN AZUCAR COCA COLA LATA X 354 CC,2500.0,,,,,,,
2026-08-11,sepa,Market,gaseosa-cola-zero,7790895640438,GASEOSA COLA SIN AZUCAR COCA COLA PET X 3 LT,6750.0,,,,,,,
2026-08-11,sepa,Market,detergente,7790990003022,DETERGENTE ULTRA LIMON MAGISTRAL BOT X 300 CC,2595.0,,,,,,,
2026-08-11,sepa,Market,detergente,7790990003039,DETERGENTE ULTRA LIMON MAGISTRAL BOT X 500 CC,4189.0,,,,,,,
2026-08-11,sepa,Market,detergente,7790990003046,DETERGENTE ULTRA LIMON MAGISTRAL BOT X 750 CC,7550.0,,,,,,,
2026-08-11,sepa,Market,detergente,7790990003121,DETERGENTE ULTRA MARINA MAGISTRAL BOT X 300 CC,3129.0,,,,,,,
2026-08-11,sepa,Market,detergente,7790990003138,DETERGENTE ULTRA MARINA MAGISTRAL BOT X 500 CC,4559.0,,,,,,,
2026-08-11,sepa,Market,detergente,7790990003145,DETERGENTE ULTRA MARINA MAGISTRAL BOT X 750 CC,7560.0,,,,,,,
2026-08-11,sepa,Market,detergente,7790990003381,DETERGENTE LIMON MAGISTRAL PLATINUM X 500 CC,6159.0,,,,,,,
2026-08-11,sepa,Market,detergente,7790990003404,DETERGENTE CREMOSO ULTRA LIMON BOT X 300 CC,3450.0,,,,,,,
2026-08-11,sepa,Market,detergente,7790990003411,DETERGENTE CREM ULTRA LIMON MAGISTRAL BOT X 500CC,4559.0,,,,,,,
2026-08-11,sepa,Market,detergente,7790990003787,DETERGENTE ULTRA LIMON MAGISTRAL DP X 450 CC,4315.0,,,,,,,
2026-08-11,sepa,Market,rollo-cocina,7791070005806,ROLLO DE COCINA CELESTIAL 3 X 50 PANOS,3189.0,,,,,,,
2026-08-11,sepa,Market,lavandina,7791290793781,LIMPIADOR CREMOSO C LAVANDINA CIF X 750G,4665.0,,,,,,,
2026-08-11,sepa,Market,lavandina,7791290793804,LIMPIADOR EN GEL C LAVANDINA CIF X 513G,3669.0,,,,,,,
2026-08-11,sepa,Market,detergente,7791290794054,DETERGENTE BIOACTIVE LIMON CIF X 300 CC,2710.0,,,,,,,
2026-08-11,sepa,Market,detergente,7791290794061,DETERGENTE BIOACTIVE LIMON CIF X 500 CC,3889.0,,,,,,,
2026-08-11,sepa,Market,detergente,7791290794078,DETERGENTE BIOACTIVE LIMON CIF X 750 CC,6590.0,,,,,,,
2026-08-11,sepa,Market,detergente,7791290794085,DETERGENTE BIOACTIVE LIMON CIF REPUESTO X 450 CC,2855.0,,,,,,,
2026-08-11,sepa,Market,detergente,7791290794092,DETERGENTE BIOACTIVE LIMA CIF RESPUESTO X 450 CC,2855.0,,,,,,,
2026-08-11,sepa,Market,detergente,7791290794108,DETERGENTE BIOACTIVE LIMA CIF X 300 CC,2710.0,,,,,,,
2026-08-11,sepa,Market,detergente,7791290794115,DETERGENTE BIOACTIVE LIMA CIF X 500 CC,3889.0,,,,,,,
2026-08-11,sepa,Market,lavandina,7791290794955,LAVANDINA EN GEL ORIGINAL VIM X 700 CC,3500.0,,,,,,,
2026-08-11,sepa,Market,detergente,7791290796706,DETERGENTE ACTIVE GEL ORIG CIF BOT X 500 CC,5485.0,,,,,,,
2026-08-11,sepa,Market,detergente,7791290796720,DETERGENTE ACTIVE GEL ORIG CIF DP X 400 CC,4289.0,,,,,,,
2026-08-11,sepa,Market,detergente,7791290796737,DETERGENTE ACTIVE GEL LIMON CIF BOT X 500 CC,5485.0,,,,,,,
2026-08-11,sepa,Market,detergente,7791290796751,DETERGENTE ACTIVE GEL LIMON CIF DP X 400 CC,4289.0,,,,,,,
2026-08-11,sepa,Market,yogur-natural-sin-azucar,7791337007208,YOGUR NATURAL S LACTOSA SER POTE X 300 GR,4915.0,,,,,,,
2026-08-11,sepa,Market,yogur-natural-sin-azucar,7791337010932,YOGUR GRIEGO FIR NATURAL YOGURISIMO POTE X 180 GR,2950.0,,,,,,,
2026-08-11,sepa,Market,rollo-cocina,7791720002605,ROLLO DE COCINA CARREFOUR ESSENTIAL 3 X 40 PANOS,2350.0,,,,,,,
2026-08-11,sepa,Market,rollo-cocina,7791720025543,ROLLO DE COCINA MAXI BLANCO CARREFOUR X 200 PANOS,2850.0,,,,,,,
2026-08-11,sepa,Market,queso-crema-light,7791720028506,QUESO CREMA LIGHT CARREFOUR CLASSIC X 290 GRS,3190.0,,,,,,,
2026-08-11,sepa,Market,rollo-cocina,7791720045541,ROLLOS DE COCINA CARREFOUR ESSENTIAL 3 X 100 PANOS,4650.0,,,,,,,
2026-08-11,sepa,Market,papel-higienico-doble-hoja,7791720045558,PAPEL HIG DOBLE HOJA CARREFOUR ESSENTIAL 4 X50MTS,5550.0,,,,,,,
2026-08-11,sepa,Market,ricotta,7791720046951,RICOTTA ENTERA BULNEZ X 500 GRM,3490.0,,,,,,,
2026-08-11,sepa,Market,rollo-cocina,7791720047446,ROLLO DE COCINA DOBLE HOJA BULNEZ X 200 PANOS,2350.0,,,,,,,
2026-08-11,sepa,Market,yogur-natural-sin-azucar,7791720048122,YOGUR NATURAL CARREFOUR EXTRA FRASCO X 200 GR,2750.0,,,,,,,
2026-08-11,sepa,Market,yogur-natural-sin-azucar,7791720048139,YOGUR NATURAL CARREFOUR CLASSIC POTE 300 X GR,3090.0,,,,,,,
2026-08-11,sepa,Market,gaseosa-cola-zero,7791813828365,GASEOSA COLA BLACK PEPSI N PET X 500 CC.,2200.0,,,,,,,
2026-08-11,sepa,Market,gaseosa-cola-zero,7791813828419,GASEOSA COLA BLACK PEPSI NF PET X 1.5 LT,3950.0,,,,,,,
2026-08-11,sepa,Market,gaseosa-cola-zero,7791813828464,GASEOSA COLA BLACK PEPSI N PET X 2 LT,4400.0,,,,,,,
2026-08-11,sepa,Market,rollo-cocina,7791828000121,ROLLO COCINA PARA CADA DIA FELPITA 3 X 40 PANOS,2499.0,,,,,,,
2026-08-11,sepa,Market,papel-higienico-doble-hoja,7791828900049,PAPEL HIGIENICO INFINITY FELPITA 4X30 MTS,4449.0,,,,,,,
2026-08-11,sepa,Market,rollo-cocina,7791828900056,ROLLO DE COCINA BLANCO INFINITY FELPITA 3X100 MTS,5109.0,,,,,,,
2026-08-11,sepa,Market,papel-higienico-doble-hoja,7791828900186,PAPEL HIGIENICO DH FELPITA PREMIUM 4X20 MTS,2940.0,,,,,,,
2026-08-11,sepa,Market,papel-higienico-doble-hoja,7791828900278,PAPEL HIGIENICO D HOJA SUPER SUAVE FELPITA 6X30MTS,6405.0,,,,,,,
2026-08-11,sepa,Market,papel-higienico-doble-hoja,7791828900285,PAPEL HIGIENICO DH INFINITY FELPITA 4 X 50 M,6860.0,,,,,,,
2026-08-11,sepa,Market,rollo-cocina,7791828900377,ROLLO DE COCINA MAXIROLLO FELPITA X 200 PANOS,3069.0,,,,,,,
2026-08-11,sepa,Market,rollo-cocina,7791828900537,ROLLO DE COCINA PANO BLANCO FELPITA 3 X 60 UNI,2649.0,,,,,,,
2026-08-11,sepa,Market,lavandina,7791905000020,LAVANDINA CONCENTRADA QUERUBIN X 1 LT,1609.0,,,,,,,
2026-08-11,sepa,Market,lavandina,7791905000037,LAVANDINA CONCENTRADA QUERUBIN X 2 LT,3129.0,,,,,,,
2026-08-11,sepa,Market,lavandina,7791905003663,LAVANDINA ROPA BLANCA ADITIVADA QUERUBIN BOT X 1 L,2020.0,,,,,,,
2026-08-11,sepa,Market,lavandina,7791905023203,LAVANDINA ORIGINAL ODEX X 1 LT,1295.0,,,,,,,
2026-08-11,sepa,Market,lavandina,7791905023210,LAVANDINA ORIGINAL ODEX X 2 LT,2459.0,,,,,,,
2026-08-11,sepa,Market,lavandina,7791905023227,LAVANDINA ORIGINAL ODEX X 4 LT,4809.0,,,,,,,
2026-08-11,sepa,Market,lavandina,7791905024248,LAVANDINA ADITIVADA EN GEL ORIGINAL ODEX X 700 CC,3000.0,,,,,,,
2026-08-11,sepa,Market,lavandina,7793253003715,LAVANDINA MULTISUP LAVANDA TRIPLE PODER AYUDIN X1L,1909.0,,,,,,,
2026-08-11,sepa,Market,lavandina,7793253003722,LAVANDINA MULTISUP LAVANDA TRIPLE PODER AYUDIN X2L,3609.0,,,,,,,
2026-08-11,sepa,Market,lavandina,7793253003739,LAVANDINA MULTISUP LAVANDA TRIPLE PODER AYUDIN X4L,7179.0,,,,,,,
2026-08-11,sepa,Market,lavandina,7793253003746,LAVANDINA MULTI PU GLACIAR TRIPLE PODER AYUDIN X1L,1909.0,,,,,,,
2026-08-11,sepa,Market,lavandina,7793253003753,LAVANDINA MULTI PU GLACIAR TRIPLE PODER AYUDIN X2L,3609.0,,,,,,,
2026-08-11,sepa,Market,lavandina,7793253003760,LAVANDINA MULTI PU GLACIAR TRIPLE PODER AYUDIN X4L,7179.0,,,,,,,
2026-08-11,sepa,Market,lavandina,7793253003777,LAVANDINA ANTISPLASH TRADICIONAL AYUDIN X 1 LT,2225.0,,,,,,,
2026-08-11,sepa,Market,lavandina,7793253003784,LAVANDINA ANTISPLASH TRADICIONAL AYUDIN X 2 LT,4309.0,,,,,,,
2026-08-11,sepa,Market,lavandina,7793253003791,LAVANDINA EN GEL ORIGINAL AYUDIN BOTELLA X 700 CC,3519.0,,,,,,,
2026-08-11,sepa,Market,lavandina,7793253003807,LAVANDINA EN GEL CITRUS AYUDIN BOTELLA X 700 CC,3519.0,,,,,,,
2026-08-11,sepa,Market,lavandina,7793253003821,LAVANDINA EN GEL MENTA AYUDIN BOTELLA X 700 CC,3519.0,,,,,,,
2026-08-11,sepa,Market,lavandina,7793253003838,LAVANDINA EN GEL LAVANDA AYUDIN X 700 CC,3519.0,,,,,,,
2026-08-11,sepa,Market,lavandina,7793253005856,LAVANDINA EN GEL ORIGINAL AYUDIN BOTELLA X 500 CC,2989.0,,,,,,,
2026-08-11,sepa,Market,lavandina,7793253006709,LAVANDINA ORIGINAL DESINFECTANTE AYUDIN X 2 LT,2925.0,,,,,,,
2026-08-11,sepa,Market,lavandina,7793253006716,LAVANDINA ORIGINAL DESINFECTANTE AYUDIN X 4 LT,5789.0,,,,,,,
2026-08-11,sepa,Market,papel-higienico-doble-hoja,7793344000517,PAPEL HIGIENICO D HOJA ELEGANTE 4 X 30 MT,3900.0,,,,,,,
2026-08-11,sepa,Market,rollo-cocina,7793344009206,ROLLO DE COCINA GIGANTE ELEGANTE X 200 PANOS,2839.0,,,,,,,
2026-08-11,sepa,Market,rollo-cocina,7793344009305,ROLLOS DE COCINA ELEGANTE GIRAMAS 3 X 100 PAN,5319.0,,,,,,,
2026-08-11,sepa,Market,rollo-cocina,7793344904013,ROLLO DE COCINA ELEGANTE 3 X 50 PANOS,2839.0,,,,,,,
2026-08-11,sepa,Market,rollo-cocina,7793344904853,ROLLO DE COCINA PREMIUM ELEGANTE 3 X 60 PAN,3429.0,,,,,,,
2026-08-11,sepa,Market,queso-crema-light,7793913013214,QUESO CREMA LIGHT TREGAR X 190 GRS,3190.0,,,,,,,
2026-08-11,sepa,Market,queso-crema-light,7793913013641,QUESO NEUFCHATEL LIGHT TREGAR POTE X 180 GRS,3089.0,,,,,,,
2026-08-11,sepa,Market,ricotta,7793913013672,RICOTTA MAGRA BAJO SODIO TREGAR POTE X 290 GRS,3790.0,,,,,,,
2026-08-11,sepa,Market,queso-crema-light,7794820015018,QUESO FUNDIDO LIGHT TRAD MILKAUT POTE X 190 GRS,3379.0,,,,,,,
2026-08-11,sepa,Market,queso-crema-light,7794820903094,QUESO UNTABLE LIGHT CREMATTO POTE MILKAUT X 285GRS,5069.0,,,,,,,
2026-08-11,sepa,Market,yogur-natural-sin-azucar,7794820903612,YOGUR ENT NATURAL CREMOSO MILKAUT POTE X 300 G,3879.0,,,,,,,
2026-08-11,sepa,Market,yogur-natural-sin-azucar,7794820903711,YOGUR DESC NATURAL CREMOSO MILKAUT POTE X 300G,3879.0,,,,,,,
2026-08-11,sepa,Market,queso-crema-light,7794990879663,QUESO CREMA LIGHT LA PAULINA POTE X 290 GRS,3429.0,,,,,,,
2026-08-11,sepa,Market,vinagre-alcohol,7798033332610,VINAGRE DE ALCOHOL CARREFOUR PET X 500 CC,1190.0,,,,,,,
2026-08-11,sepa,Market,vinagre-alcohol,7798033332641,VINAGRE DE ALCOHOL CARREFOUR PET X 1 LT,1550.0,,,,,,,
2026-08-11,sepa,Market,atun-lomitos-natural,7798033333907,ATUN AL NATURAL LOMITOS CARREFOUR LATA X 170 GRS.,3490.0,,,,,,,
2026-08-11,sepa,Market,atun-lomitos-natural,7798108349161,ATUN AL NATURAL LOMITOS CARREFOUR LATA X 354 GRS,6450.0,,,,,,,
2026-08-11,sepa,Market,rollo-cocina,7798141718221,ROLLO DE COCINA CARREFOUR 3 X 50 PANOS,2150.0,2390.0,,,,,Promo A valida desde el 11/08/2026 hasta 18/08/2026,
2026-08-11,sepa,Market,atun-lomitos-natural,7798152222151,ATUN AL NATURAL LOMITOS CARREFOUR 3 X 80 GRS,6150.0,,,,,,,
2026-08-11,sepa,Market,papel-higienico-doble-hoja,7798159717520,PAPEL HIGIENICO D HOJA DECO CARREFOUR 4 X 50 MTS,6090.0,,,,,,,
2026-08-11,sepa,Market,rollo-cocina,7798159717537,ROLLO DE COCINA DECORADO CARREFOUR 3 X 50 PANOS,2750.0,,,,,,,
2026-08-11,sepa,Market,papel-higienico-doble-hoja,7798159718961,PAPEL HIGIENICO D HOJA CARREFOUR 4 X 30 MTS,3450.0,,,,,,,
2026-08-11,sepa,Market,ricotta,7798179070018,RICOTA G SILVIA X 500 GRS,3285.0,,,,,,,
2026-08-11,sepa,Market,cafe-instantaneo,7798196990016,CAFE SOLUBLE SEGAFREDO FRASCO X 100 GRS,19500.0,,,,,,,
2026-08-11,sepa,Market,queso-crema-light,7798312320567,QUESO UNTABLE LIGHT SANTA CLARA POTE X 300 GRS,3099.0,,,,,,,
2026-08-11,sepa,Market,leche-protein,7798338291803,LECHE C PROTEINA VIDA ACTIVA LAS TRES NINAS X 1LT,2865.0,,,,,,,
2026-08-11,sepa,Market,capsulas-nespresso-starbucks,8445290154125,CAPSULA CAFE NESPRESSO STARBUCKS CARAMEL X 51 GRS,16599.0,,,,,,,
2026-08-11,sepa,Market,capsulas-nespresso-starbucks,8445290814425,CAPSULA CAFE NESPRESSO STARBUCKS DECAF X 55 GRS,16599.0,,,,,,,
2026-08-11,sepa,Market,cafe-instantaneo,8445291311510,CAFE INSTANTANEO TRADICION NESCAFE X 100 GRS,8949.0,,,,,,,
2026-08-11,sepa,Market,cafe-instantaneo,8445291311558,CAFE INSTANTANEO SUAVE DOLCA DP X 100 GRS,6149.0,,,,,,,
2026-08-11,sepa,Market,capsulas-nespresso-starbucks,8445291363656,CAPSULAS CAFE HOUSE BLEND STARBUCKS X 10 UNI,15995.0,,,,,,,
2026-08-11,sepa,Market,capsulas-nespresso-starbucks,8445291367272,CAPSULAS CAFE ESPRESSO ROAST STARBUCKS X 10 UNI,16599.0,,,,,,,
2026-08-11,sepa,Market,cafe-instantaneo,8445291738775,CAFE INSTANTANEO GOLD NESCAFE FRASCO X 95 GRS,20729.0,,,,,,,
2026-08-11,sepa,Market,capsulas-nespresso-starbucks,8445291786721,CAPSULAS CAFE CHOCO HAZELNUT STARBUCKS X 10 UNI,17589.0,,,,,,,
2026-08-11,sepa,Supermercados DIA,desodorante-barra-hombre,75083694,DEO BLUE LAVEN BARRA,8699.0,,,,,,,
2026-08-11,sepa,Supermercados DIA,desodorante-barra-hombre,75083700,DEO AQUA CITRUS BARR,8699.0,,,,,,,
2026-08-11,sepa,Supermercados DIA,vinagre-alcohol,7790130000034,VINAGRE DE ALCOHOL,1400.0,,,,,,,
2026-08-11,sepa,Supermercados DIA,vinagre-alcohol,7790130000058,VINAGRE DE ALCOHOL,1965.0,,,,,,,
2026-08-11,sepa,Supermercados DIA,lavandina,7790132098459,LAVANDINA ORIG MULTI,1279.0,,,,,,,
2026-08-11,sepa,Supermercados DIA,cafe-instantaneo,7790150100462,CAFE INSTANT CLASICO,8050.0,,,,,,,
2026-08-11,sepa,Supermercados DIA,cafe-instantaneo,7790150100806,CAFE INST CLAS DOYPA,5145.0,,,,,,,
2026-08-11,sepa,Supermercados DIA,cafe-instantaneo,7790150101476,CAFE INSTANTA SUAVE,8050.0,,,,,,,
2026-08-11,sepa,Supermercados DIA,cafe-instantaneo,7790150101780,CAFE INSTANT SUAV DP,5145.0,,,,,,,
2026-08-11,sepa,Supermercados DIA,papel-higienico-doble-hoja,7790250015536,P HIG DOBLE FUSION,3619.0,,,,,,,
2026-08-11,sepa,Supermercados DIA,papel-higienico-doble-hoja,7790250026075,P HIG DOBL HOJA 30MT,5615.0,,,,,,,
2026-08-11,sepa,Supermercados DIA,rollo-cocina,7790250056881,ROLLO COCINA CLASICO,2840.0,,,,,,,
2026-08-11,sepa,Supermercados DIA,rollo-cocina,7790250057086,RC CLASICO MEGARROLL,3249.0,,,,,,,
2026-08-11,sepa,Supermercados DIA,yerba-mananita,7790387015317,YERBA MATE 4FLEX,3790.0,,,,,,,
2026-08-11,sepa,Supermercados DIA,yerba-mananita,7790387015324,YERBA MATE 4 FLEX,2505.0,,,,,,,
2026-08-11,sepa,Supermercados DIA,atun-lomitos-natural,7790580131364,ATUN LOMITO NATURAL,5745.0,,,,,,,
2026-08-11,sepa,Supermercados DIA,ricotta,7790742102805,RICOTTA ENTERA,4699.0,,,,,,,
2026-08-11,sepa,Supermercados DIA,leche-protein,7790742358608,LECHE PROTEIN DES 0%,2999.0,,,,,,,
2026-08-11,sepa,Supermercados DIA,queso-crema-light,7790742373304,QUESO UNT LIGHT,5475.0,,,,,,,
2026-08-11,sepa,Supermercados DIA,gaseosa-cola-zero,7790895067532,GASEO COLA ZERO,2450.0,,,,,,,
2026-08-11,sepa,Supermercados DIA,gaseosa-cola-zero,7790895067556,GASEO COLA S/AZUCAR,4150.0,,,,,,,
2026-08-11,sepa,Supermercados DIA,gaseosa-cola-zero,7790895067570,GASEO COLA ZERO,5500.0,,,,,,,
2026-08-11,sepa,Supermercados DIA,detergente,7790990003022,DETERGEN ULTRA LIMON,2595.0,,,,,,,
2026-08-11,sepa,Supermercados DIA,detergente,7790990003039,DETER ULTRA LIMON,4290.0,,,,,,,
2026-08-11,sepa,Supermercados DIA,detergente,7790990003046,LAVAVAJ ULTRA LIMON,7550.0,,,,,,,
2026-08-11,sepa,Supermercados DIA,detergente,7790990003138,DETERG ULTRA MARINA,5040.0,,,,,,,
2026-08-11,sepa,Supermercados DIA,detergente,7790990003787,LAVAVAJI ULTRA LIMON,3200.0,,,,,,,
2026-08-11,sepa,Supermercados DIA,lavandina,7791290793804,LIMPIADOR GEL LAV/CL,3650.0,,,,,,,
2026-08-11,sepa,Supermercados DIA,detergente,7791290794054,LAVAVAJILL BIOACT LI,2700.0,,,,,,,
2026-08-11,sepa,Supermercados DIA,detergente,7791290794061,LAVAVAJ BIOACT LIMON,3772.0,,,,,,,
2026-08-11,sepa,Supermercados DIA,detergente,7791290794078,LAVAVAJ BIOACT LIMON,6550.0,,,,,,,
2026-08-11,sepa,Supermercados DIA,detergente,7791290794085,LAVAVAJ BIO LIMON DP,3850.0,,,,,,,
2026-08-11,sepa,Supermercados DIA,detergente,7791290794092,LAVAVAJ BIOAC LIMA D,3850.0,,,,,,,
2026-08-11,sepa,Supermercados DIA,detergente,7791290794108,LAVAVAJI BIOACT LIMA,2700.0,,,,,,,
2026-08-11,sepa,Supermercados DIA,detergente,7791290794115,LAVAVAJI BIOACT LIMA,3889.0,,,,,,,
2026-08-11,sepa,Supermercados DIA,lavandina,7791290794955,LAVANDINA GEL ORIGIN,3500.0,,,,,,,
2026-08-11,sepa,Supermercados DIA,detergente,7791290796706,LAVAVAJ ACT GEL ORIG,5450.0,,,,,,,
2026-08-11,sepa,Supermercados DIA,detergente,7791290796720,DET ACTIVEGEL ORIGIN,4280.0,,,,,,,
2026-08-11,sepa,Supermercados DIA,detergente,7791290796737,DET ACTIVEGEL LIMON,5450.0,,,,,,,
2026-08-11,sepa,Supermercados DIA,detergente,7791290796751,LAVAVAJ ACTIV LIM DP,4280.0,,,,,,,
2026-08-11,sepa,Supermercados DIA,yogur-natural-sin-azucar,7791337007208,YOGUR NATURAL BIGPOT,4915.0,,,,,,,
2026-08-11,sepa,Supermercados DIA,queso-crema-light,7791337009851,QUESO BLANCO LIGHT,6045.0,,,,,,,
2026-08-11,sepa,Supermercados DIA,yogur-natural-sin-azucar,7791337010932,YOG FIRME GRIEG NATU,2950.0,,,,,,,
2026-08-11,sepa,Supermercados DIA,gaseosa-cola-zero,7791813828365,GASEO PEPSI BLACK,2200.0,,,,,,,
2026-08-11,sepa,Supermercados DIA,gaseosa-cola-zero,7791813828419,GASEO COLA BLACK,3900.0,,,,,,,
2026-08-11,sepa,Supermercados DIA,gaseosa-cola-zero,7791813828464,GASEO COLA BLACK,4300.0,,,,,,,
2026-08-11,sepa,Supermercados DIA,lavandina,7793253003715,LAVAN LAV TRI PODER,1890.0,,,,,,,
2026-08-11,sepa,Supermercados DIA,lavandina,7793253003722,LAVANDINA LAVA TR PO,3640.0,,,,,,,
2026-08-11,sepa,Supermercados DIA,lavandina,7793253003753,LAVA PUR GLA TRI POD,3640.0,,,,,,,
2026-08-11,sepa,Supermercados DIA,lavandina,7793253003777,LAVANDINA ANTISPLASH,2240.0,,,,,,,
2026-08-11,sepa,Supermercados DIA,lavandina,7793253003791,LAVANDINA EN GEL,3590.0,,,,,,,
2026-08-11,sepa,Supermercados DIA,lavandina,7793253003807,LAVANDINA EN GEL CIT,3590.0,,,,,,,
2026-08-11,sepa,Supermercados DIA,lavandina,7793253003838,LAVANDINA EN GEL LAV,3590.0,,,,,,,
2026-08-11,sepa,Supermercados DIA,lavandina,7793253006709,LAVANDINA ORIGINAL,2950.0,,,,,,,
2026-08-11,sepa,Supermercados DIA,lavandina,7793253006716,LAVANDINA ORIGINAL,5890.0,,,,,,,
2026-08-11,sepa,Supermercados DIA,queso-crema-light,7794820903094,QUESO CREMATTO LIGHT,5069.0,,,,,,,
2026-08-11,sepa,Supermercados DIA,yogur-natural-sin-azucar,7794820903612,YOG NATURAL CREMOSO,3879.0,,,,,,,
2026-08-11,sepa,Supermercados DIA,queso-crema-light,7794990879663,QUESO CREMA LIGHT,3420.0,,,,,,,
2026-08-11,sepa,Supermercados DIA,lavandina,7798131250380,LAVANDINA CLÁSICA,1100.0,,,,,,,
2026-08-11,sepa,Supermercados DIA,lavandina,7798131250397,LAVANDINA CLÁSICA,2170.0,,,,,,,
2026-08-11,sepa,Supermercados DIA,yogur-natural-sin-azucar,7798136870545,YOG FIRME NAT S/AZUC,2720.0,,,,,,,
2026-08-11,sepa,Supermercados DIA,yogur-natural-sin-azucar,7798136870743,YOG NAT DESLAC C/PRO,3290.0,,,,,,,
2026-08-11,sepa,Supermercados DIA,yogur-natural-sin-azucar,7798136870859,YOG EST GRIEGO NATUR,3290.0,,,,,,,
2026-08-11,sepa,Supermercados DIA,leche-protein,7798338291803,LECH PROTEIN,2100.0,2865.0,,,,,27% de descuento. Precio Promocional Exclusivo DIA en Sucursales Indicadas Hasta Agotar Stock o Finalice Vigencia.,
2026-08-11,sepa,Supermercados DIA,capsulas-nespresso-starbucks,8445291363656,LUNGO CAPS COFFEE,16605.0,,,,,,,
2026-08-11,sepa,Vea,cafe-instantaneo,7613035379213,Cafe Descafeinado NESCAFE MasAroma 100g FCO-100-gr.,15499.0,,,,,,,
2026-08-11,sepa,Vea,cafe-instantaneo,7613036312752,Nescafe GOLD espresso 100g FCO-100-gr.,21299.0,,,,,,,
2026-08-11,sepa,Vea,capsulas-nespresso-starbucks,7613036961004,Capsulas STARBUCKS Blonde Espresso Roast CJA-53-gr.,17290.0,,,,,,,
2026-08-11,sepa,Vea,capsulas-nespresso-starbucks,7613036961448,Capsulas Café STARBUCKS Colombia x57g CJA-57-gr.,15699.0,,,,,,,
2026-08-11,sepa,Vea,suprema-pollo,7790070036063,Suprema de pollo GRANJA DEL SOL 360g PAQ-360-gr.,10990.0,,,,,,,
2026-08-11,sepa,Vea,vinagre-alcohol,7790130000034,Vinagre MENOYO de alcohol PVC-500-cc.,1350.0,,,,,,,
2026-08-11,sepa,Vea,vinagre-alcohol,7790130000058,Vinagre MENOYO de alcohol PVC-1-lt.,1850.0,,,,,,,
2026-08-11,sepa,Vea,vinagre-alcohol,7790130000263,Vinagre alcazar de alcohol PVC-500-cc.,1150.0,,,,,,,
2026-08-11,sepa,Vea,lavandina,7790132098459,lavandina AYUDIN original 1L       PVC-1000-ml.,1290.0,,,,,,,
2026-08-11,sepa,Vea,vinagre-alcohol,7790139101138,Vinagre de Alcohol Favinco S/T x 1lt BOT-1000-ml.,1290.0,,,,,,,
2026-08-11,sepa,Vea,cafe-instantaneo,7790150100462,café LA VIRGINIA Clásico Espuma DPx170g DOY-170-gr.,7590.0,,,,,,,
2026-08-11,sepa,Vea,cafe-instantaneo,7790150100486,café LA VIRGINIA Clasico Espuma x170G FCO-170-gr.,6799.0,,,,,,,
2026-08-11,sepa,Vea,cafe-instantaneo,7790150100783,café LA VIRGINIA Clasico Espuma x100G FCO-100-gr.,5399.0,,,,,,,
2026-08-11,sepa,Vea,cafe-instantaneo,7790150101476,café LA VIRGINIA Suave Espuma DP x170g DOY-170-gr.,7590.0,,,,,,,
2026-08-11,sepa,Vea,cafe-instantaneo,7790150101780,Café LA VIRGINIA Suave Espuma DPx100g DOY-100-gr.,5199.0,,,,,,,
2026-08-11,sepa,Vea,cafe-instantaneo,7790170904798,café LA MORENITA Intenso x100g FCO-100-gr.,5899.0,,,,,,,
2026-08-11,sepa,Vea,queso-crema-light,7790244941605,Q.Blancrem Light S.Ignacio 290g POT-290-gr.,3599.0,,,,,,,
2026-08-11,sepa,Vea,queso-crema-light,7790244941612,Q.Blancrem Light S.Ignacio 480g POT-480-gr.,5199.0,,,,,,,
2026-08-11,sepa,Vea,papel-higienico-doble-hoja,7790250015536,papel higieni HIGIENOL dob h fus 4x30m BSA-4-m2,3290.0,,,,,,,
2026-08-11,sepa,Vea,rollo-cocina,7790250056881,rollo cocina SUSSEX clasic 3x50paños PAQ-15-m2,2890.0,,,,,,,
2026-08-11,sepa,Vea,rollo-cocina,7790250056980,rollo cocina SUSSEX ultra 3x100p PAQ-300-un.,6790.0,,,,,,,
2026-08-11,sepa,Vea,yerba-mananita,7790387015317,Yerba Mate MAÑANITA 4FLEX 1kg PAQ-1000-gr.,4490.0,,,,,,,
2026-08-11,sepa,Vea,yerba-mananita,7790387015324,Yerba Mate MAÑANITA 4FLEX 1/2kg PAQ-500-gr.,2690.0,,,,,,,
2026-08-11,sepa,Vea,ricotta,7790742102805,ricota entera GARCIA baja en sodio SCH-500-gr.,5050.0,,,,,,,
2026-08-11,sepa,Vea,ricotta,7790742114204,Ricotta Garcia Semigrasa Sachet 500GR SCH-500-gr.,4950.0,,,,,,,
2026-08-11,sepa,Vea,leche-protein,7790742358608,Leche Uat Proteina La serenisima 1l BOT-1000-ml.,2890.0,,,,,,,
2026-08-11,sepa,Vea,queso-crema-light,7790742373304,Q.Procesado Finlandia Light 290g POT-290-gr.,5199.0,,,,,,,
2026-08-11,sepa,Vea,gaseosa-cola-zero,7790895067532,gaseosa COCA COLA Zero 500cc PET-500-ml.,2290.0,,,,,,,
2026-08-11,sepa,Vea,gaseosa-cola-zero,7790895067556,gaseosa COCA COLA Zero 1.5lt PET-1500-ml.,4300.0,,,,,,,
2026-08-11,sepa,Vea,gaseosa-cola-zero,7790895067570,gaseosa COCA COLA Zero 2.25lt PET-2250-ml.,5600.0,,,,,,,
2026-08-11,sepa,Vea,gaseosa-cola-zero,7790895067587,gaseosa COCA COLA Zero 354cc LAT-354-ml.,2890.0,,,,,,,
2026-08-11,sepa,Vea,gaseosa-cola-zero,7790895640438,gaseosa COCA COLA Zero  3lt PET-3000-ml.,6490.0,,,,,,,
2026-08-11,sepa,Vea,detergente,7790990003022,detergente MAGISTRAL ult lim bot 300ml BOT-300-ml.,3190.0,,,,,,,
2026-08-11,sepa,Vea,detergente,7790990003039,detergente MAGISTRAL ult lim bot 500ml BOT-500-ml.,4290.0,,,,,,,
2026-08-11,sepa,Vea,detergente,7790990003046,detergente MAGISTRAL ult lim bot 750ml BOT-750-ml.,6290.0,,,,,,,
2026-08-11,sepa,Vea,detergente,7790990003121,detergente MAGISTRAL ult mar bot 300ml BOT-300-ml.,2990.0,,,,,,,
2026-08-11,sepa,Vea,detergente,7790990003138,detergente MAGISTRAL ult mar bot 500ml BOT-500-ml.,4290.0,,,,,,,
2026-08-11,sepa,Vea,detergente,7790990003145,detergente MAGISTRAL ult mar bot 750ml BOT-750-ml.,6290.0,,,,,,,
2026-08-11,sepa,Vea,lavandina,7791290793781,limpiador CIF crema lavand cloro 750gr BOT-750-gr.,4850.0,,,,,,,
2026-08-11,sepa,Vea,lavandina,7791290793804,limpiador CIF  gel lavandina cloro 513gr BOT-513-ml.,3800.0,,,,,,,
2026-08-11,sepa,Vea,detergente,7791290794054,lavavajilla CIF bioactive limon 300ml. BOT-300-ml.,2690.0,,,,,,,
2026-08-11,sepa,Vea,detergente,7791290794061,lavavajilla CIF bioactive limon 500ml BOT-500-ml.,4390.0,,,,,,,
2026-08-11,sepa,Vea,detergente,7791290794078,lavavajilla CIF bioactive limon 750ml BOT-750-ml.,6590.0,,,,,,,
2026-08-11,sepa,Vea,detergente,7791290794085,lavavajilla CIF limon bioactiv DP 450ml DOY-450-ml.,3890.0,,,,,,,
2026-08-11,sepa,Vea,detergente,7791290794092,lavavajilla CIF lima bioactive DP 450ml DOY-450-ml.,3890.0,,,,,,,
2026-08-11,sepa,Vea,detergente,7791290794108,lavavajilla CIF bioactive lima 300ml BOT-300-ml.,2690.0,,,,,,,
2026-08-11,sepa,Vea,detergente,7791290794115,lavavajilla CIF bioactive lima 500ml BOT-500-ml.,4390.0,,,,,,,
2026-08-11,sepa,Vea,yogur-natural-sin-azucar,7791337007208,Yog SER Natural 300g POT-300-gr.,4990.0,,,,,,,
2026-08-11,sepa,Vea,gaseosa-cola-zero,7791813828365,gaseosa PEPSI Black 500cc BOT-500-ml.,2100.0,,,,,,,
2026-08-11,sepa,Vea,gaseosa-cola-zero,7791813828419,gaseosa PEPSI Black 1.5lt BOT-1500-ml.,3899.0,,,,,,,
2026-08-11,sepa,Vea,gaseosa-cola-zero,7791813828464,gaseosa PEPSI Black 2lt BOT-2000-ml.,4300.0,,,,,,,
2026-08-11,sepa,Vea,lavandina,7793253003715,Lavandina Ayudin Triple Poder 1L BOT-1000-ml.,1690.0,,,,,,,
2026-08-11,sepa,Vea,lavandina,7793253003722,lavandina AYUDIN Glaciar Triple Poder La BOT-2000-ml.,3190.0,,,,,,,
2026-08-11,sepa,Vea,lavandina,7793253003739,Lavandina Ayudin Triple Poder 4L BOT-4000-ml.,6590.0,,,,,,,
2026-08-11,sepa,Vea,lavandina,7793253003746,Ayudin Pureza Glaciar Triple Poder 1L BOT-1000-ml.,1690.0,,,,,,,
2026-08-11,sepa,Vea,lavandina,7793253003753,lavandina AYUDIN Glaciar Triple Poder 2l BOT-2000-ml.,3190.0,,,,,,,
2026-08-11,sepa,Vea,lavandina,7793253003777,Lavandina Ayudin Anti-Splash Tradi 1L BOT-1000-ml.,1990.0,,,,,,,
2026-08-11,sepa,Vea,lavandina,7793253003784,lavandina AYUDIN Anti Splash 2lt BOT-2000-ml.,3990.0,,,,,,,
2026-08-11,sepa,Vea,lavandina,7793253003791,Ayudín Lavandina en Gel Original 700ml BOT-700-ml.,3190.0,,,,,,,
2026-08-11,sepa,Vea,lavandina,7793253003807,Ayudín Lavandina en Gel Citrica 700ml BOT-700-ml.,3190.0,,,,,,,
2026-08-11,sepa,Vea,lavandina,7793253003814,Ayudín Lavandina en Gel Floral 700ml BOT-700-ml.,3190.0,,,,,,,
2026-08-11,sepa,Vea,lavandina,7793253003821,Ayudín Lavandina en Gel Menta 700ml BOT-700-ml.,3190.0,,,,,,,
2026-08-11,sepa,Vea,lavandina,7793253003838,Ayudín Lavandina en Gel Lavanda 700ml BOT-700-ml.,3190.0,,,,,,,
2026-08-11,sepa,Vea,papel-higienico-doble-hoja,7793344000517,Papel hig New ELEGANTE Extra bl 30m x 4u PAQ-12-m2,3390.0,,,,,,,
2026-08-11,sepa,Vea,rollo-cocina,7793344009206,rollo cocina ELEGANTE dobl h 1x200 paños PCK-1-un.,2890.0,,,,,,,
2026-08-11,sepa,Vea,rollo-cocina,7793344904013,rollo cocina ELEGANTE dobl h 3x50 paños BSA-3-un.,2490.0,,,,,,,
2026-08-11,sepa,Vea,queso-crema-light,7793913013412,Queso Crema Light Tregar 280g POT-280-gr.,3799.0,,,,,,,
2026-08-11,sepa,Vea,ricotta,7793913013665,RICOTTA ENTERA TREGAR X 290 GRS POT-290-gr.,3290.0,,,,,,,
2026-08-11,sepa,Vea,ricotta,7793913013672,RICOTTA LIGHT TREGAR X 290 GRS POT-290-gr.,3550.0,,,,,,,
2026-08-11,sepa,Vea,queso-crema-light,7794820903094,Queso Crematto Balance MILKAUT x 285 grs POT-285-gr.,4399.0,,,,,,,
2026-08-11,sepa,Vea,queso-crema-light,7794990879663,queso crema LA PAULINA light. POT-290-gr.,2999.0,,,,,,,
2026-08-11,sepa,Vea,yogur-natural-sin-azucar,7798136870545,Yog. Ent. Natural s/az DAHÍ 190g FCO-190-gr.,2799.0,,,,,,,
2026-08-11,sepa,Vea,yogur-natural-sin-azucar,7798136870743,Yog. Desc. Deslac Nat DAHÍ 190g FCO-200-gr.,3399.0,,,,,,,
2026-08-11,sepa,Vea,capsulas-nespresso-starbucks,8445291363656,Capsulas STARBUCKS House Blend 12u CJA-52-gr.,16699.0,,,,,,,
2026-08-11,sepa,Vea,capsulas-nespresso-starbucks,8445291367272,Capsulas STARBUCKS Espresso Roast 12u CJA-78-gr.,16699.0,,,,,,,
2026-08-12,pedidosya,Carrefour Hiper City Bell,desodorante-barra-hombre,33200197447,Desodorante En Barra Arm & Hammer Active Sport 73 g,12086.15,,165563.7,kg,,,,1
2026-08-12,pedidosya,Carrefour Hiper City Bell,desodorante-barra-hombre,7500435213882,Desodorante En Barra Antitranspirante Secret Invisible Coco 45 g,12800,,28444.445,g,,,,1
2026-08-12,pedidosya,Carrefour Hiper City Bell,desodorante-barra-hombre,7501001163983,Desodorante Old Spice En Barra Aroma Fresh 50 g,9949,,19898,g,,,,1
2026-08-12,pedidosya,Carrefour Hiper City Bell,desodorante-barra-hombre,75083694,Desodorante Axe En Barra Para Hombre Blue Lavander 58 g,8709,,150155.17,kg,,,,1
2026-08-12,pedidosya,Carrefour Hiper City Bell,desodorante-barra-hombre,75083700,Desodorante Axe En Barra Stick Aqua Citrus 58 g,8709,,150155.17,kg,,,,1
2026-08-12,pedidosya,Carrefour Hiper City Bell,cafe-instantaneo,7613035379213,Café Nescafe Instantáneo Descafeinado 100 g,16535,,165350,kg,,,,1
2026-08-12,pedidosya,Carrefour Hiper City Bell,cafe-instantaneo,7613036312752,Café Nescafe Instantáneo Espresso Gold 100 g,24475,,244750,kg,,,,1
2026-08-12,pedidosya,Carrefour Hiper City Bell,capsulas-nespresso-starbucks,7613036961004,Cápsulas De Café Starbucks Expresso Rubio 10 Unidades,17765,17765,1776.5,un,10,0,,
2026-08-12,pedidosya,Carrefour Hiper City Bell,capsulas-nespresso-starbucks,7613036961448,Café Starbucks Colombia 10 Unidades,19200,19200,1920,un,10,0,,
2026-08-12,pedidosya,Carrefour Hiper City Bell,suprema-pollo,7790070036063,Suprema De Pollo Granja Del Sol 360 g,7998.75,,22218.75,kg,,,,1
2026-08-12,pedidosya,Carrefour Hiper City Bell,vinagre-alcohol,7790130000058,Vinagre De Alcohol Menoyo 1 L,1750,,1750,L,,,,1
2026-08-12,pedidosya,Carrefour Hiper City Bell,vinagre-alcohol,7790130000102,Vinagre De Alcohol Menoyo Bidón 5 L,9830,,1966,L,,,,1
2026-08-12,pedidosya,Carrefour Hiper City Bell,vinagre-alcohol,7790130000263,Vinagre Alcazar De Alcohol 500 cm3,1119,,2238,L,,,,1
2026-08-12,pedidosya,Carrefour Hiper City Bell,vinagre-alcohol,7790130000294,Vinagre Alcazar De Alcohol 1 L,1319,,1319,L,,,,1
2026-08-12,pedidosya,Carrefour Hiper City Bell,vinagre-alcohol,7790130000645,Vinagre Menoyo Alcohol 250 g,1145,,4580,kg,,,,1
2026-08-12,pedidosya,Carrefour Hiper City Bell,lavandina,7790132098459,Lavandina Ayudín Original 1 L,959.25,,959.25,L,,,,1
2026-08-12,pedidosya,Carrefour Hiper City Bell,vinagre-alcohol,7790139003166,Vinagre De Alcohol Casalta 500 ml,1205,,2410,L,,,,1
2026-08-12,pedidosya,Carrefour Hiper City Bell,vinagre-alcohol,7790139101138,Vinagre De Alcohol Favinco 1 L,1589,,1589,L,,,,1
2026-08-12,pedidosya,Carrefour Hiper City Bell,vinagre-alcohol,7790139101145,Vinagre De Alcohol Favinco 500 ml,1159,,2318,L,,,,1
2026-08-12,pedidosya,Carrefour Hiper City Bell,cafe-instantaneo,7790150100462,Café La Virginia Instantáneo Clásico Doypack 170 g,8039,,47288.234,kg,,,,1
2026-08-12,pedidosya,Carrefour Hiper City Bell,cafe-instantaneo,7790150100486,Café La Virginia Instantaneo Clasico Sin Gluten 170 g,8089,,47582.35,kg,,,,1
2026-08-12,pedidosya,Carrefour Hiper City Bell,cafe-instantaneo,7790150100783,Café La Virginia Instantáneo Clásico 100 g,5859,,58590,kg,,,,1
2026-08-12,pedidosya,Carrefour Hiper City Bell,cafe-instantaneo,7790150100806,Café La Virginia Instantáneo Clásico Doypack 100 g,5150,,51500,kg,,,,1
2026-08-12,pedidosya,Carrefour Hiper City Bell,cafe-instantaneo,7790150101476,Café La Virginia Instantáneo Suave Doypack 170 g,8050,,47352.94,kg,,,,1
2026-08-12,pedidosya,Carrefour Hiper City Bell,cafe-instantaneo,7790150101490,Café La Virginia Instantaneo Suave 170 g,9215,,54205.883,kg,,,,1
2026-08-12,pedidosya,Carrefour Hiper City Bell,cafe-instantaneo,7790150101773,Café La Virginia Instantaneo Suave 100 g,5859,,58590,kg,,,,1
2026-08-12,pedidosya,Carrefour Hiper City Bell,cafe-instantaneo,7790150101780,Café La Virginia Instantáneo Suave Doypack 100 g,5139,,51390,kg,,,,1
2026-08-12,pedidosya,Carrefour Hiper City Bell,cafe-instantaneo,7790150150573,Café La Virginia Instantáneo Granulado 100 g,8259,,82590,kg,,,,1
2026-08-12,pedidosya,Carrefour Hiper City Bell,cafe-instantaneo,7790170904798,Café Instantáneo Morenita Intenso 100 g,6350,,63500,kg,,,,1
2026-08-12,pedidosya,Carrefour Hiper City Bell,queso-crema-light,7790244941605,Queso Crema San Ignacio Light 290 g,3203.65,,11047.068,kg,,,,1
2026-08-12,pedidosya,Carrefour Hiper City Bell,queso-crema-light,7790244941612,Queso Crema San Ignacio Light 480 g,4818.65,,10038.854,kg,,,,1
2026-08-12,pedidosya,Carrefour Hiper City Bell,papel-higienico-doble-hoja,7790250015536,Papel Higiénico Higienol Plus Doble Hoja 30 m 4 Unidades,3435,,858.75,un,,,,1
2026-08-12,pedidosya,Carrefour Hiper City Bell,papel-higienico-doble-hoja,7790250015567,Papel Higiénico Higienol Plus Doble Hoja (20 m) 4 Unidades,3149,,787.25,un,,,,1
2026-08-12,pedidosya,Carrefour Hiper City Bell,papel-higienico-doble-hoja,7790250019411,Papel Higiénico Higienol Plus Doble Hoja (30 m) 18 Unidades,15510,,861.6667,un,,,,1
2026-08-12,pedidosya,Carrefour Hiper City Bell,papel-higienico-doble-hoja,7790250026075,Papel Higiénico Elite Ultra Suave Doble hoja (30 mts) 4 Unidades,4399,,1099.75,un,,,,1
2026-08-12,pedidosya,Carrefour Hiper City Bell,papel-higienico-doble-hoja,7790250026082,Papel higiénico Elite Ultra Suave Doble Hoja (50 m) 4 Unidades,10349,,2587.25,un,,,,1
2026-08-12,pedidosya,Carrefour Hiper City Bell,rollo-cocina,7790250056881,Rollos De Cocina Sussex Clásico (50 Paños) 3 Unidades,2929,,976.3333,un,,,,1
2026-08-12,pedidosya,Carrefour Hiper City Bell,rollo-cocina,7790250056898,Rollo De Cocina Sussex Ultra 60 Paños 3 Unidades,4980,,1660,un,,,,1
2026-08-12,pedidosya,Carrefour Hiper City Bell,rollo-cocina,7790250056980,Rollo De Cocina Sussex Ultra (100 Paños) 3 Unidades,7489,,2496.3333,un,,,,1
2026-08-12,pedidosya,Carrefour Hiper City Bell,rollo-cocina,7790250057086,Rollo De Cocina Sussex Mega Rollo Clásico 200 Paños 1 Unidad,3350,,3350,un,,,,1
2026-08-12,pedidosya,Carrefour Hiper City Bell,papel-higienico-doble-hoja,7790250092452,Papel Higiénico Noble Doble Hoja 30 Metros 4 Unidades,3669,,917.25,un,,,,1
2026-08-12,pedidosya,Carrefour Hiper City Bell,papel-higienico-doble-hoja,7790250913368,Papel Higiénico Higienol Doble Hoja Yapa (50 m) 4 Unidades,9529,,9529,un,,,,1
2026-08-12,pedidosya,Carrefour Hiper City Bell,yerba-mananita,7790387015317,Yerba Mate Mañanita 4 Flex 1000 g,4749,,4749,kg,,,,1
2026-08-12,pedidosya,Carrefour Hiper City Bell,yerba-mananita,7790387015324,Yerba Mate Mañanita 4Flex 500 g,2379,,4758,kg,,,,1
2026-08-12,pedidosya,Carrefour Hiper City Bell,cafe-instantaneo,7790550029431,Café Nescafé Instantáneo La Planta De Café Clásico 170 g,13709,,80641.17,kg,,,,1
2026-08-12,pedidosya,Carrefour Hiper City Bell,atun-lomitos-natural,7790580131364,Atún En Lomitos La Campagnola Al Natural 170 g,5745,,33794.117,kg,,,,1
2026-08-12,pedidosya,Carrefour Hiper City Bell,vinagre-alcohol,7790673000188,Vinagre De Alcohol Favinco 5 L,8129,,1625.8,L,,,,1
2026-08-12,pedidosya,Carrefour Hiper City Bell,ricotta,7790742102805,Ricotta García Entera Baja En Sodio 500 g,4699,,9398,kg,,,,1
2026-08-12,pedidosya,Carrefour Hiper City Bell,ricotta,7790742114204,Ricotta García Semigrasa Baja En Sodio 500 g,4755,,9510,kg,,,,1
2026-08-12,pedidosya,Carrefour Hiper City Bell,leche-protein,7790742358608,Leche La Serenisima Protein 1 L,2999,2999,2999,L,1,0,,
2026-08-12,pedidosya,Carrefour Hiper City Bell,queso-crema-light,7790742373304,Queso Untable La Serenísima Finlandia Clásico Light 290 g,5479,,18893.104,kg,,,,1
2026-08-12,pedidosya,Carrefour Hiper City Bell,yogur-natural-sin-azucar,7790787960934,Yogur Ilolay Cremoso Natural 350 g,2358.11,,6737.457,kg,,,,1
2026-08-12,pedidosya,Carrefour Hiper City Bell,gaseosa-cola-zero,7790895067532,Gaseosa Coca-Cola Zero 500 ml,2500,,5000,L,,,,1
2026-08-12,pedidosya,Carrefour Hiper City Bell,gaseosa-cola-zero,7790895067556,Gaseosa Coca-Cola Zero 1.5 L,4300,,2866.6667,L,,,,1
2026-08-12,pedidosya,Carrefour Hiper City Bell,gaseosa-cola-zero,7790895067570,Gaseosa Coca-Cola Zero 2.25 L,5600,,2488.889,L,,,,1
2026-08-12,pedidosya,Carrefour Hiper City Bell,gaseosa-cola-zero,7790895067587,Refresco Coca-Cola Zero 354 ml,2500,,7062.1465,L,,,,1
2026-08-12,pedidosya,Carrefour Hiper City Bell,gaseosa-cola-zero,7790895640438,Gaseosa Coca-Cola Sin Azúcares Sin Azúcar 3 L,6750,,2250,L,,,,1
2026-08-12,pedidosya,Carrefour Hiper City Bell,detergente,7790990003022,Detergente Magistral Ultra Limón 300 ml,2459,,8196.667,L,,,,1
2026-08-12,pedidosya,Carrefour Hiper City Bell,detergente,7790990003039,Detergente Magistral Ultra Limón 500 ml,4389,,8778,L,,,,1
2026-08-12,pedidosya,Carrefour Hiper City Bell,detergente,7790990003046,Detergente Magistral Ultra Limón 750 ml,6035,,8046.667,L,,,,1
2026-08-12,pedidosya,Carrefour Hiper City Bell,detergente,7790990003053,Detergente Magistral Ultra Limón En Botella 1400 ml,13990,,9992.857,L,,,,1
2026-08-12,pedidosya,Carrefour Hiper City Bell,detergente,7790990003121,Detergente Magistral Ultra Marina 300 ml,2459,,8196.667,L,,,,1
2026-08-12,pedidosya,Carrefour Hiper City Bell,detergente,7790990003138,Detergente Magistral Ultra Marina 500 ml,4559,,9118,L,,,,1
2026-08-12,pedidosya,Carrefour Hiper City Bell,detergente,7790990003145,Detergente Magistral Ultra Marina En Botella 750 cc,6035,,8046.667,L,,,,1
2026-08-12,pedidosya,Carrefour Hiper City Bell,detergente,7790990003381,Detergente Magistral Platinum Limón 500 ml,6159,,12318,L,,,,1
2026-08-12,pedidosya,Carrefour Hiper City Bell,detergente,7790990003404,Detergente Magistral Ultra Limón Cremoso En Botella 300 ml,3450,,11500,L,,,,1
2026-08-12,pedidosya,Carrefour Hiper City Bell,detergente,7790990003411,Detergente Magistral Ultra Limón Cremoso 500 ml,4559,,9118,L,,,,1
2026-08-12,pedidosya,Carrefour Hiper City Bell,detergente,7790990003787,Detergente Magistral Ultra Limón 450 ml,4039,,8975.556,L,,,,1
2026-08-12,pedidosya,Carrefour Hiper City Bell,rollo-cocina,7791070005806,Rollo De Cocina Celestial 13 50 Paños,3189,,3189,un,,,,1
2026-08-12,pedidosya,Carrefour Hiper City Bell,lavandina,7791290793781,Limpiador En Crema Cif Lavandina / Cloro 750 g,4665,,6220,kg,,,,1
2026-08-12,pedidosya,Carrefour Hiper City Bell,lavandina,7791290793804,Limpiador En Gel Cif Con Lavandina 513 g,3669,,7152.047,kg,,,,1
2026-08-12,pedidosya,Carrefour Hiper City Bell,detergente,7791290794054,Detergente Cif Bioactive Limón 300 ml,2329,,7763.3335,L,,,,1
2026-08-12,pedidosya,Carrefour Hiper City Bell,detergente,7791290794061,Detergente Cif Bioactive Limón 500 ml,3729,,7458,L,,,,1
2026-08-12,pedidosya,Carrefour Hiper City Bell,detergente,7791290794078,Detergente Cif Bioactive Limón 750 ml,6590,,8786.667,L,,,,1
2026-08-12,pedidosya,Carrefour Hiper City Bell,detergente,7791290794085,Detergente CIF Bioactive Limón Doypack 450 ml,2855,,6344.4443,L,,,,1
2026-08-12,pedidosya,Carrefour Hiper City Bell,detergente,7791290794092,Detergente Cif Bioactive Verde Limón Doypack 450 ml,2855,,6344.4443,L,,,,1
2026-08-12,pedidosya,Carrefour Hiper City Bell,detergente,7791290794108,Detergente Cif Bioactive Lima 300 ml,2329,,7763.3335,L,,,,1
2026-08-12,pedidosya,Carrefour Hiper City Bell,detergente,7791290794115,Detergente CIF Bioactive Lima Botella 500 ml,3729,,7458,L,,,,1
2026-08-12,pedidosya,Carrefour Hiper City Bell,detergente,7791290796706,Detergente Concentrado Cif Active Gel Original 500 ml,3152.5,,6305,L,,,,1
2026-08-12,pedidosya,Carrefour Hiper City Bell,detergente,7791290796720,Detergente Concentrado Cif Active Gel Original 400 ml,2787.85,,6969.6255,L,,,,1
2026-08-12,pedidosya,Carrefour Hiper City Bell,detergente,7791290796737,Detergente Concentrado Cif Active Gel Limón 500 ml,3152.5,,6305,L,,,,1
2026-08-12,pedidosya,Carrefour Hiper City Bell,detergente,7791290796751,Detergente Concentrado Cif Active Gel Limón 400 ml,2787.85,,6969.6255,L,,,,1
2026-08-12,pedidosya,Carrefour Hiper City Bell,yogur-natural-sin-azucar,7791337007208,Yogur Ser Natural Sin Lactosa 300 g,4915,,16383.333,kg,,,,1
2026-08-12,pedidosya,Carrefour Hiper City Bell,queso-crema-light,7791337009851,Queso Untable La Serenisima Light 460 g,6045,,13141.304,kg,,,,1
2026-08-12,pedidosya,Carrefour Hiper City Bell,rollo-cocina,7791720002605,Rollos De Cocina Carrefour 40 Paños 3 Unidades,2350,,783.3333,un,,,,1
2026-08-12,pedidosya,Carrefour Hiper City Bell,rollo-cocina,7791720025543,Rollos De Cocina Carrefour Maxi Blanco 200 Paños 1 Unidad,2850,,2850,un,,,,1
2026-08-12,pedidosya,Carrefour Hiper City Bell,queso-crema-light,7791720028506,Queso Crema Carrefour Classic Light 290 g,3190,,11000,kg,,,,1
2026-08-12,pedidosya,Carrefour Hiper City Bell,papel-higienico-doble-hoja,7791720032930,Papel Higiénico Doble Hoja Carrefour Essential 30 m 4 Unidades,3450,,3450,un,,,,1
2026-08-12,pedidosya,Carrefour Hiper City Bell,cafe-instantaneo,7791720035481,Café Instantáneo Suave Carrefour Classic En Frasco 170 g,10650,,62647.06,kg,,,,1
2026-08-12,pedidosya,Carrefour Hiper City Bell,vinagre-alcohol,7791720035955,Vinagre Bulnez De Alcohol 1 L,1190,,1190,L,,,,1
2026-08-12,pedidosya,Carrefour Hiper City Bell,vinagre-alcohol,7791720035962,Vinagre De Alcohol Bulnez Bidón 5000 cm3,5790,,1158,L,,,,1
2026-08-12,pedidosya,Carrefour Hiper City Bell,rollo-cocina,7791720045541,Rollos De Cocina Carrefour Essential Aseo (100 Paños) 3 Unidades,4650,,1550,un,,,,1
2026-08-12,pedidosya,Carrefour Hiper City Bell,papel-higienico-doble-hoja,7791720045558,Papel Higiénico Carrefour Doble Hoja Essential (50 Metros) 4 Unidades,5550,,1387.5,un,,,,1
2026-08-12,pedidosya,Carrefour Hiper City Bell,ricotta,7791720046951,Ricotta Bulnez Entera 500 g,2966.5,,5933,kg,,,,1
2026-08-12,pedidosya,Carrefour Hiper City Bell,rollo-cocina,7791720047446,Rollo De Cocina Bulnez Doble Hoja (200 Paños) 1 Unidad,2350,,2350,un,,,,1
2026-08-12,pedidosya,Carrefour Hiper City Bell,yogur-natural-sin-azucar,7791720048122,Yogurt Carrefour Natural Extra En Frasco 200 g,2337.5,,11687.5,kg,,,,1
2026-08-12,pedidosya,Carrefour Hiper City Bell,yogur-natural-sin-azucar,7791720048139,Yogur Carrefour Classic Natural 300 g,2626.5,,8755,kg,,,,1
2026-08-12,pedidosya,Carrefour Hiper City Bell,gaseosa-cola-zero,7791813828365,Gaseosa Pepsi Black Sin Azúcar 500 ml,2200,,4400,L,,,,1
2026-08-12,pedidosya,Carrefour Hiper City Bell,gaseosa-cola-zero,7791813828419,Gaseosa Pepsi Black 1.5 L,3950,,2633.3333,L,,,,1
2026-08-12,pedidosya,Carrefour Hiper City Bell,gaseosa-cola-zero,7791813828464,Gaseosa Pepsi Black 2 L,4400,,2200,L,,,,1
2026-08-12,pedidosya,Carrefour Hiper City Bell,rollo-cocina,7791828000121,Rollos De Cocina Felpita Twist 40 Paños 3 Unidades,2499,,833,un,,,,1
2026-08-12,pedidosya,Carrefour Hiper City Bell,rollo-cocina,7791828900025,Rollos De Cocina Disney Felpita 40 Paños 3 Unidades,3265,,1088.3334,un,,,,1
2026-08-12,pedidosya,Carrefour Hiper City Bell,rollo-cocina,7791828900056,Rollos De Cocina Doble Hoja Felpita Infinity 100 Paños 3 Unidades,5109,,1703,un,,,,1
2026-08-12,pedidosya,Carrefour Hiper City Bell,papel-higienico-doble-hoja,7791828900186,Papel Higiénico Felpita Corazón De Algodón Doble Textura (20 m) 4 Unidades,2940,,735,un,,,,1
2026-08-12,pedidosya,Carrefour Hiper City Bell,papel-higienico-doble-hoja,7791828900278,Papel Higiénico Felpita Pura Caricia Doble Hoja (30 m) 6 Unidades,6405,,1067.5,un,,,,1
2026-08-12,pedidosya,Carrefour Hiper City Bell,papel-higienico-doble-hoja,7791828900285,Papel Higiénico Felpita Infinity Doble Hoja (50 m) 4 Unidades,6860,,1715,un,,,,1
2026-08-12,pedidosya,Carrefour Hiper City Bell,rollo-cocina,7791828900377,Rollo de Cocina Felpita Maxirollo 200 Paños 1 Unidad,3069,,3069,un,,,,1
2026-08-12,pedidosya,Carrefour Hiper City Bell,papel-higienico-doble-hoja,7791828900520,Papel Higiénico Felpita (Doble Hoja 30 m) 12 Unidades,14009,,1167.4166,un,,,,1
2026-08-12,pedidosya,Carrefour Hiper City Bell,rollo-cocina,7791828900537,Rollo De Cocina BlancoFelpita Doble Hoja 3 Rollos 60 Paños,2649,,14.716666,sheets,,,,1
2026-08-12,pedidosya,Carrefour Hiper City Bell,rollo-cocina,7791828900599,Rollo De Cocina Felpita Familiar Maxirollo (150 Paños) 1 Unidad,3069,,3069,un,,,,1
2026-08-12,pedidosya,Carrefour Hiper City Bell,rollo-cocina,7791828900605,Rollo De Cocina Felpita Maxirollo De (200 Metros) 4 Unidades,11039,,2759.75,un,,,,1
2026-08-12,pedidosya,Carrefour Hiper City Bell,lavandina,7791905000020,Lavandina Querubín Concentrada 1 L,1206.75,,1206.75,L,,,,1
2026-08-12,pedidosya,Carrefour Hiper City Bell,lavandina,7791905000037,Lavandina Querubín Clásica 2 L,3129,,1564.5,L,,,,1
2026-08-12,pedidosya,Carrefour Hiper City Bell,lavandina,7791905000372,Lavandina Querubín Concentrada 4 L,6029,,1507.25,L,,,,1
2026-08-12,pedidosya,Carrefour Hiper City Bell,lavandina,7791905003663,Lavandina Querubín Ropa Blanca Aditivada 1 L,2020,,2020,L,,,,1
2026-08-12,pedidosya,Carrefour Hiper City Bell,lavandina,7791905023203,Lavandina Odex 1 L,1295,,1295,L,,,,1
2026-08-12,pedidosya,Carrefour Hiper City Bell,lavandina,7791905023210,Lavandina Odex 2 L,2460,,1230,L,,,,1
2026-08-12,pedidosya,Carrefour Hiper City Bell,lavandina,7791905023227,Lavandina Odex Original 4 L,4809,,1202.25,L,,,,1
2026-08-12,pedidosya,Carrefour Hiper City Bell,lavandina,7791905024057,Lavandina Odex Fragancia Lavanda 1 L,1520,,1520,L,,,,1
2026-08-12,pedidosya,Carrefour Hiper City Bell,lavandina,7791905024064,Lavandina Odex Aditivada Lavanda 2 L,2810,,1405,L,,,,1
2026-08-12,pedidosya,Carrefour Hiper City Bell,lavandina,7791905024071,Lavandina Odex Aditivada Lavanda 4 L,4990,,1247.5,L,,,,1
2026-08-12,pedidosya,Carrefour Hiper City Bell,lavandina,7791905024095,Lavandina Odex Aditivada Bosque 2 L,2810,,1405,L,,,,1
2026-08-12,pedidosya,Carrefour Hiper City Bell,lavandina,7791905024101,Lavandina Odex Aditivada Bosque 4 L,4990,,1247.5,L,,,,1
2026-08-12,pedidosya,Carrefour Hiper City Bell,lavandina,7791905024248,Lavandina Odex En Gel Original 700 ml,3000,,4285.7144,L,,,,1
2026-08-12,pedidosya,Carrefour Hiper City Bell,lavandina,7793253003715,Lavandina Ayudín Triple Poder Lavanda 1 L,1431.75,,1431.75,L,,,,1
2026-08-12,pedidosya,Carrefour Hiper City Bell,lavandina,7793253003722,Lavandina Ayudín Triple Poder Lavanda 2 L,3465,,1732.5,L,,,,1
2026-08-12,pedidosya,Carrefour Hiper City Bell,lavandina,7793253003739,Lavandina Ayudín Triple Poder Lavanda 4 L,7179,,1794.75,L,,,,1
2026-08-12,pedidosya,Carrefour Hiper City Bell,lavandina,7793253003746,Lavandina Ayudín Triple Poder Pureza Glaciar 1 L,1431.75,,1431.75,L,,,,1
2026-08-12,pedidosya,Carrefour Hiper City Bell,lavandina,7793253003760,Lavandina Ayudín Pureza Del Glaciar Triple Poder 4 L,7179,,1794.75,L,,,,1
2026-08-12,pedidosya,Carrefour Hiper City Bell,lavandina,7793253003777,Lavandina Ayudín Anti Splash 1 L,1668.75,,1668.75,L,,,,1
2026-08-12,pedidosya,Carrefour Hiper City Bell,lavandina,7793253003784,Lavandina Ayudín Anti Splash 2 L,4185,,2092.5,L,,,,1
2026-08-12,pedidosya,Carrefour Hiper City Bell,lavandina,7793253003791,Lavandina En Gel Ayudín Original 700 ml,3519,,5027.143,L,,,,1
2026-08-12,pedidosya,Carrefour Hiper City Bell,lavandina,7793253003807,Lavandina En Gel Ayudín Citrica 700 ml,3519,,5027.143,L,,,,1
2026-08-12,pedidosya,Carrefour Hiper City Bell,lavandina,7793253003814,Lavandina En Gel Ayudín Floral 700 ml,3519,,5027.143,L,,,,1
2026-08-12,pedidosya,Carrefour Hiper City Bell,lavandina,7793253003821,Lavandina Ayudín En Gel Menta 700 ml,3519,,5027.143,L,,,,1
2026-08-12,pedidosya,Carrefour Hiper City Bell,lavandina,7793253003838,Lavandina En Gel Ayudín Lavanda 700 ml,3519,,5027.143,L,,,,1
2026-08-12,pedidosya,Carrefour Hiper City Bell,lavandina,7793253003869,Lavandina Ayudín En Gel Original 1500 ml,8300,,5533.3335,L,,,,1
2026-08-12,pedidosya,Carrefour Hiper City Bell,lavandina,7793253005856,Lavandina En Gel Ayudín Original 500 ml,2989,,5978,L,,,,1
2026-08-12,pedidosya,Carrefour Hiper City Bell,lavandina,7793253005863,Lavandina Ayudín En Gel Citrica 500 ml,2985,,5970,L,,,,1
2026-08-12,pedidosya,Carrefour Hiper City Bell,lavandina,7793253006709,Lavandina Original Ayudín 2 L,2609,,1304.5,L,,,,1
2026-08-12,pedidosya,Carrefour Hiper City Bell,lavandina,7793253006716,Lavandina Ayudín Original 4 L,5789,,1447.25,L,,,,1
2026-08-12,pedidosya,Carrefour Hiper City Bell,lavandina,7793253007263,Lavandina Anti Splash 4 L,8280,,2070,L,,,,1
2026-08-12,pedidosya,Carrefour Hiper City Bell,rollo-cocina,7793344009206,Rollo De Cocina Elegante Gigante Doble Hoja 200 Paños 1 Unidad,2839,,2839,un,,,,1
2026-08-12,pedidosya,Carrefour Hiper City Bell,rollo-cocina,7793344009305,Rollos De Cocina Elegante Giramas 3 Unidades,5319,,1773,un,,,,1
2026-08-12,pedidosya,Carrefour Hiper City Bell,rollo-cocina,7793344904013,Rollos De Cocina Elegante 50 Paños 3 Unidades,2839,,946.3333,un,,,,1
2026-08-12,pedidosya,Carrefour Hiper City Bell,rollo-cocina,7793344904853,Rollos De Cocina Elegante Premium 60 Paños 3 Unidades,3429,,1143,un,,,,1
2026-08-12,pedidosya,Carrefour Hiper City Bell,yogur-natural-sin-azucar,7793913002423,Yogur Tregar Natural 140 g,2029,,14492.857,kg,,,,1
2026-08-12,pedidosya,Carrefour Hiper City Bell,queso-crema-light,7793913013214,Queso Crema Tregar Light 190 g,3190,,16789.475,kg,,,,1
2026-08-12,pedidosya,Carrefour Hiper City Bell,queso-crema-light,7793913013641,Queso Untable Neufchatel Tregar Light 180 g,3089,,17161.111,kg,,,,1
2026-08-12,pedidosya,Carrefour Hiper City Bell,ricotta,7793913013665,Ricotta Entera Tregar Baja En Sodio 290 g,3790,,13068.966,kg,,,,1
2026-08-12,pedidosya,Carrefour Hiper City Bell,ricotta,7793913013672,Ricotta Magra Tregar Baja En Sodio 290 g,3769,,12996.552,kg,,,,1
2026-08-12,pedidosya,Carrefour Hiper City Bell,queso-crema-light,7794820015018,Queso Untable Milkaut Clásico Balance Light 190 g,3379,,17784.21,kg,,,,1
2026-08-12,pedidosya,Carrefour Hiper City Bell,queso-crema-light,7794820903094,Queso Untable Milkaut Crematto Light 285 g,5069,,17785.965,kg,,,,1
2026-08-12,pedidosya,Carrefour Hiper City Bell,yogur-natural-sin-azucar,7794820903612,Yogur Natural Cremoso Milkaut 300 g,3879,,12930,kg,,,,1
2026-08-12,pedidosya,Carrefour Hiper City Bell,yogur-natural-sin-azucar,7794820903711,Yogurt Descremado Milkaut Natural Cremoso 300 g,3879,,12930,kg,,,,1
2026-08-12,pedidosya,Carrefour Hiper City Bell,vinagre-alcohol,7798033332610,Vinagre De Alcohol Carrefour Classic 500 ml,1190,,2380,L,,,,1
2026-08-12,pedidosya,Carrefour Hiper City Bell,vinagre-alcohol,7798033332641,Vinagre De Alcohol Carrefour Classic 1 L,1450,,1450,L,,,,1
2026-08-12,pedidosya,Carrefour Hiper City Bell,atun-lomitos-natural,7798033333907,Atún En Lomitos Carrefour Classic Al Natural 170 g,3490,,20529.412,kg,,,,1
2026-08-12,pedidosya,Carrefour Hiper City Bell,atun-lomitos-natural,7798108349161,Atún En Lomitos Carrefour Classic Al Natural 354 g,6450,,18220.338,kg,,,,1
2026-08-12,pedidosya,Carrefour Hiper City Bell,yogur-natural-sin-azucar,7798136870545,Yogur Dahi Firme Natural 190 g,2720,,14315.789,kg,,,,1
2026-08-12,pedidosya,Carrefour Hiper City Bell,yogur-natural-sin-azucar,7798136870859,Yogur Dahi Natural Estilo Griego190 g,3289,,17310.525,kg,,,,1
2026-08-12,pedidosya,Carrefour Hiper City Bell,rollo-cocina,7798141718221,Rollos De Cocina Carrefour (50 Paños) 3 Unidades,2150,,716.6667,un,,,,1
2026-08-12,pedidosya,Carrefour Hiper City Bell,atun-lomitos-natural,7798152222151,Atún En Lomitos Carrefour Al Natural 3 x 80 g,6150,,76875,kg,,,,1
2026-08-12,pedidosya,Carrefour Hiper City Bell,papel-higienico-doble-hoja,7798159717520,Papel Higiénico Carrefour Doble Hoja Decorado (50 m) 4 Unidades,6090,,1522.5,un,,,,1
2026-08-12,pedidosya,Carrefour Hiper City Bell,rollo-cocina,7798159717537,Rollos De Cocina Carrefour Decorados 50 Paños 3 Unidades,2750,,916.6667,un,,,,1
2026-08-12,pedidosya,Carrefour Hiper City Bell,papel-higienico-doble-hoja,7798159718961,Papel Higiénico Carrefour Doble Hoja (30 m) 4 Unidades,3450,,862.5,un,,,,1
2026-08-12,pedidosya,Carrefour Hiper City Bell,ricotta,7798179070018,Ricotta Silvia Con Crema 500 g,3285,,6570,kg,,,,1
2026-08-12,pedidosya,Carrefour Hiper City Bell,cafe-instantaneo,7798196990016,Café Segafredo Preferito Instantáneo 100 g,19500,,195000,kg,,,,1
2026-08-12,pedidosya,Carrefour Hiper City Bell,cafe-instantaneo,7798196990023,Café Segafredo Zanetti Instantáneo Preferito Intenso 100 g,18838,,188380,kg,,,,1
2026-08-12,pedidosya,Carrefour Hiper City Bell,cafe-instantaneo,7798196990047,Café Segafredo Zanetti Instantáneo Liofilizado 100 g,22100,,221000,kg,,,,1
2026-08-12,pedidosya,Carrefour Hiper City Bell,queso-crema-light,7798312320567,Queso Untable Light Santa Clara En Pote 300 g,3099,,10330,kg,,,,1
2026-08-12,pedidosya,Carrefour Hiper City Bell,yogur-natural-sin-azucar,7798327950193,Yogurt Beaudroit Natural 400 g,4855,,12137.5,kg,,,,1
2026-08-12,pedidosya,Carrefour Hiper City Bell,leche-protein,7798338291803,Leche Con Proteína Las Tres Niñas Vida Activa 1 L,2865,,2865,L,,,,1
2026-08-12,pedidosya,Carrefour Hiper City Bell,cafe-instantaneo,7891000426937,Café Instantáneo Nescafe Ice 100 g,10210,,102100,kg,,,,1
2026-08-12,pedidosya,Carrefour Hiper City Bell,capsulas-nespresso-starbucks,8445290154125,Cápsulas Starbucks De Café Caramel Nespresso 125 g,16599,16599,132.79,g,125,0,,
2026-08-12,pedidosya,Carrefour Hiper City Bell,capsulas-nespresso-starbucks,8445290814425,Cápsulas Starbucks De Café Blonde Decaf Nespresso 55 g,16599,16599,301.8,g,55,0,,
2026-08-12,pedidosya,Carrefour Hiper City Bell,cafe-instantaneo,8445291311510,Café Instantáneo Tradicional Nescafe 100 g,8750,,87500,kg,,,,1
2026-08-12,pedidosya,Carrefour Hiper City Bell,cafe-instantaneo,8445291311558,Café Instantáneo Suave Nescafé 100 g,6149,,61490,kg,,,,1
2026-08-12,pedidosya,Carrefour Hiper City Bell,capsulas-nespresso-starbucks,8445291363656,Cápsulas De Café Starbucks House Blend 10 Unidades,15995,15995,1599.5,un,10,0,,
2026-08-12,pedidosya,Carrefour Hiper City Bell,capsulas-nespresso-starbucks,8445291367272,Cápsulas De Café Starbucks Espresso Roast 10 Unidades,16599,16599,1659.9,un,10,0,,
2026-08-12,pedidosya,Carrefour Hiper City Bell,cafe-instantaneo,8445291738775,Café Nescafé Instantáneo Gold 95 G,21969,,219690,kg,,,,1
2026-08-12,pedidosya,Carrefour Hiper City Bell,capsulas-nespresso-starbucks,8445291786721,Cápsulas Starbucks Nespresso Hazelnut 10 Unidades,14875,14875,1487.5,un,10,0,,
2026-08-12,pedidosya,PedidosYa Market La Plata,desodorante-barra-hombre,7501001163983,Desodorante Old Spice En Barra Aroma Fresh 50 g,5553,,11106,g,,,,1
2026-08-12,pedidosya,PedidosYa Market La Plata,desodorante-barra-hombre,75083694,Desodorante Axe En Barra Para Hombre Blue Lavander 58 g,9319,,160672.4,kg,,,,1
2026-08-12,pedidosya,PedidosYa Market La Plata,cafe-instantaneo,7613035379213,Café Nescafe Instantáneo Descafeinado 100 g,12386.5,,123865,kg,,,,1
2026-08-12,pedidosya,PedidosYa Market La Plata,cafe-instantaneo,7613036312752,Café Nescafe Instantáneo Espresso Gold 100 g,16060.85,,160608.48,kg,,,,1
2026-08-12,pedidosya,PedidosYa Market La Plata,capsulas-nespresso-starbucks,7613036961448,Café Starbucks Colombia 10 Unidades,17579,17579,1757.9,un,10,4,,
2026-08-12,pedidosya,PedidosYa Market La Plata,cafe-instantaneo,7701362014904,Café Juan Valdez Avellana De Liofilizado 95 g,42479,,447147.38,kg,,,,1
2026-08-12,pedidosya,PedidosYa Market La Plata,suprema-pollo,7790070036063,Suprema De Pollo Granja Del Sol 360 g,9132,,25366.666,kg,,,,1
2026-08-12,pedidosya,PedidosYa Market La Plata,vinagre-alcohol,7790130000034,Vinagre De Alcohol Menoyo 500 ml,1479,,2958,L,,,,1
2026-08-12,pedidosya,PedidosYa Market La Plata,lavandina,7790132098459,Lavandina Ayudín Original 1 L,1455,,1455,L,,,,1
2026-08-12,pedidosya,PedidosYa Market La Plata,vinagre-alcohol,7790139000424,Vinagre De Alcohol Casalta 1.3 L,1295,,996.1539,L,,,,1
2026-08-12,pedidosya,PedidosYa Market La Plata,vinagre-alcohol,7790139002138,Vinagre De Alcohol Favinco 1.3 L,1500,,1153.8462,L,,,,1
2026-08-12,pedidosya,PedidosYa Market La Plata,cafe-instantaneo,7790150100486,Café La Virginia Instantaneo Clasico Sin Gluten 170 g,8925,,52500,kg,,,,1
2026-08-12,pedidosya,PedidosYa Market La Plata,cafe-instantaneo,7790150100783,Café La Virginia Instantáneo Clásico 100 g,6269,,62690,kg,,,,1
2026-08-12,pedidosya,PedidosYa Market La Plata,cafe-instantaneo,7790150100806,Café La Virginia Instantáneo Clásico Doypack 100 g,5515,,55150,kg,,,,1
2026-08-12,pedidosya,PedidosYa Market La Plata,cafe-instantaneo,7790150101780,Café La Virginia Instantáneo Suave Doypack 100 g,5499,,54990,kg,,,,1
2026-08-12,pedidosya,PedidosYa Market La Plata,papel-higienico-doble-hoja,7790250015536,Papel Higiénico Higienol Plus Doble Hoja 30 m 4 Unidades,2895.2,,723.8,un,,,,1
2026-08-12,pedidosya,PedidosYa Market La Plata,papel-higienico-doble-hoja,7790250015567,Papel Higiénico Higienol Plus Doble Hoja (20 m) 4 Unidades,2839.2,,709.8,un,,,,1
2026-08-12,pedidosya,PedidosYa Market La Plata,rollo-cocina,7790250022060,Rollo De Cocina Elite Ultra Absorbente 120 paños 2 Unidades,4799.2,,2399.6,un,,,,1
2026-08-12,pedidosya,PedidosYa Market La Plata,papel-higienico-doble-hoja,7790250026075,Papel Higiénico Elite Ultra Suave Doble hoja (30 mts) 4 Unidades,3796,,949,un,,,,1
2026-08-12,pedidosya,PedidosYa Market La Plata,rollo-cocina,7790250056881,Rollos De Cocina Sussex Clásico (50 Paños) 3 Unidades,2489.65,,829.8833,un,,,,1
2026-08-12,pedidosya,PedidosYa Market La Plata,rollo-cocina,7790250056980,Rollo De Cocina Sussex Ultra (100 Paños) 3 Unidades,6412,,2137.3333,un,,,,1
2026-08-12,pedidosya,PedidosYa Market La Plata,rollo-cocina,7790250057086,Rollo De Cocina Sussex Mega Rollo Clásico 200 Paños 1 Unidad,2868,,2868,un,,,,1
2026-08-12,pedidosya,PedidosYa Market La Plata,papel-higienico-doble-hoja,7790250913368,Papel Higiénico Higienol Doble Hoja Yapa (50 m) 4 Unidades,7511.25,,7511.25,un,,,,1
2026-08-12,pedidosya,PedidosYa Market La Plata,yerba-mananita,7790387015317,Yerba Mate Mañanita 4 Flex 1000 g,4790,,4790,kg,,,,1
2026-08-12,pedidosya,PedidosYa Market La Plata,ricotta,7790742102805,Ricotta García Entera Baja En Sodio 500 g,4899,,9798,kg,,,,1
2026-08-12,pedidosya,PedidosYa Market La Plata,leche-protein,7790742358608,Leche La Serenisima Protein 1 L,2989,2989,2989,L,1,73,,
2026-08-12,pedidosya,PedidosYa Market La Plata,queso-crema-light,7790742373304,Queso Untable La Serenísima Finlandia Clásico Light 290 g,4954.5,,17084.482,kg,,,,1
2026-08-12,pedidosya,PedidosYa Market La Plata,gaseosa-cola-zero,7790895067556,Gaseosa Coca-Cola Zero 1.5 L,4300,,2866.6667,L,,,,1
2026-08-12,pedidosya,PedidosYa Market La Plata,gaseosa-cola-zero,7790895067570,Gaseosa Coca-Cola Zero 2.25 L,5600,,2488.889,L,,,,1
2026-08-12,pedidosya,PedidosYa Market La Plata,detergente,7790990003022,Detergente Magistral Ultra Limón 300 ml,2829,,9430,L,,,,1
2026-08-12,pedidosya,PedidosYa Market La Plata,detergente,7790990003022,Detergente Magistral Ultra Limón 300 ml,2829,,9430,L,,,,1
2026-08-12,pedidosya,PedidosYa Market La Plata,detergente,7790990003039,Detergente Magistral Ultra Limón 500 ml,2262.5,,4525,L,,,,1
2026-08-12,pedidosya,PedidosYa Market La Plata,detergente,7790990003039,Detergente Magistral Ultra Limón 500 ml,2262.5,,4525,L,,,,1
2026-08-12,pedidosya,PedidosYa Market La Plata,detergente,7790990003046,Detergente Magistral Ultra Limón 750 ml,6935,,9246.667,L,,,,1
2026-08-12,pedidosya,PedidosYa Market La Plata,detergente,7790990003046,Detergente Magistral Ultra Limón 750 ml,6935,,9246.667,L,,,,1
2026-08-12,pedidosya,PedidosYa Market La Plata,detergente,7790990003121,Detergente Magistral Ultra Marina 300 ml,3049,,10163.333,L,,,,1
2026-08-12,pedidosya,PedidosYa Market La Plata,detergente,7790990003138,Detergente Magistral Ultra Marina 500 ml,4785,,9570,L,,,,1
2026-08-12,pedidosya,PedidosYa Market La Plata,detergente,7790990003381,Detergente Magistral Platinum Limón 500 ml,6715,,13430,L,,,,1
2026-08-12,pedidosya,PedidosYa Market La Plata,detergente,7790990003404,Detergente Magistral Ultra Limón Cremoso En Botella 300 ml,3765,,12550,L,,,,1
2026-08-12,pedidosya,PedidosYa Market La Plata,lavandina,7791290793804,Limpiador En Gel Cif Con Lavandina 513 g,3034.05,,5914.3276,kg,,,,1
2026-08-12,pedidosya,PedidosYa Market La Plata,detergente,7791290794054,Detergente Cif Bioactive Limón 300 ml,2240.46,,7468.1997,L,,,,1
2026-08-12,pedidosya,PedidosYa Market La Plata,detergente,7791290794061,Detergente Cif Bioactive Limón 500 ml,3628.47,,7256.94,L,,,,1
2026-08-12,pedidosya,PedidosYa Market La Plata,detergente,7791290794078,Detergente Cif Bioactive Limón 750 ml,5446.3,,7261.733,L,,,,1
2026-08-12,pedidosya,PedidosYa Market La Plata,detergente,7791290794085,Detergente CIF Bioactive Limón Doypack 450 ml,3190.28,,7089.511,L,,,,1
2026-08-12,pedidosya,PedidosYa Market La Plata,detergente,7791290794092,Detergente Cif Bioactive Verde Limón Doypack 450 ml,3190.28,,7089.511,L,,,,1
2026-08-12,pedidosya,PedidosYa Market La Plata,detergente,7791290794108,Detergente Cif Bioactive Lima 300 ml,2240.46,,7468.1997,L,,,,1
2026-08-12,pedidosya,PedidosYa Market La Plata,detergente,7791290794115,Detergente CIF Bioactive Lima Botella 500 ml,3628.47,,7256.94,L,,,,1
2026-08-12,pedidosya,PedidosYa Market La Plata,lavandina,7791290794955,Lavandina En Gel Original Vim 700 Ml,2908.9,,4155.5713,L,,,,1
2026-08-12,pedidosya,PedidosYa Market La Plata,lavandina,7791290794962,Lavandina En Gel Lavanda Vim 700 Ml,2908.9,,4155.5713,L,,,,1
2026-08-12,pedidosya,PedidosYa Market La Plata,lavandina,7791290794979,Lavandina En Gel Citrus Vim 700 Ml,2908.9,,4155.5713,L,,,,1
2026-08-12,pedidosya,PedidosYa Market La Plata,detergente,7791290796706,Detergente Concentrado Cif Active Gel Original 500 ml,4532.88,,9065.76,L,,,,1
2026-08-12,pedidosya,PedidosYa Market La Plata,detergente,7791290796713,Detergente Concentrado Cif Active Gel Original 750 ml,6803.82,,9071.76,L,,,,1
2026-08-12,pedidosya,PedidosYa Market La Plata,detergente,7791290796720,Detergente Concentrado Cif Active Gel Original 400 ml,3544.76,,8861.9,L,,,,1
2026-08-12,pedidosya,PedidosYa Market La Plata,detergente,7791290796737,Detergente Concentrado Cif Active Gel Limón 500 ml,4532.88,,9065.76,L,,,,1
2026-08-12,pedidosya,PedidosYa Market La Plata,detergente,7791290796744,Detergente Concentrado Cif Active Gel Limón 750 ml,6803.82,,9071.76,L,,,,1
2026-08-12,pedidosya,PedidosYa Market La Plata,detergente,7791290796751,Detergente Concentrado Cif Active Gel Limón 400 ml,3544.76,,8861.9,L,,,,1
2026-08-12,pedidosya,PedidosYa Market La Plata,yogur-natural-sin-azucar,7791337007208,Yogur Ser Natural Sin Lactosa 300 g,5259,,17530,kg,,,,1
2026-08-12,pedidosya,PedidosYa Market La Plata,yogur-natural-sin-azucar,7791337010932,Yogurísimo Griego Firme Natural 180 g,4533.27,,25184.834,kg,,,,1
2026-08-12,pedidosya,PedidosYa Market La Plata,gaseosa-cola-zero,7791813828365,Gaseosa Pepsi Black Sin Azúcar 500 ml,1959,,3918,L,,,,1
2026-08-12,pedidosya,PedidosYa Market La Plata,gaseosa-cola-zero,7791813828419,Gaseosa Pepsi Black 1.5 L,4000,,2666.6667,L,,,,1
2026-08-12,pedidosya,PedidosYa Market La Plata,gaseosa-cola-zero,7791813828419,Gaseosa Pepsi Black 1.5 L,4000,,2666.6667,L,,,,1
2026-08-12,pedidosya,PedidosYa Market La Plata,gaseosa-cola-zero,7791813828464,Gaseosa Pepsi Black 2 L,2693.4,,1346.7,L,,,,1
2026-08-12,pedidosya,PedidosYa Market La Plata,gaseosa-cola-zero,7791813828464,Gaseosa Pepsi Black 2 L,2693.4,,1346.7,L,,,,1
2026-08-12,pedidosya,PedidosYa Market La Plata,papel-higienico-doble-hoja,7791828900049,Papel Higiénico Felpita Infinity doble hoja (30 m) 4 Unidades,4046,,1011.5,un,,,,1
2026-08-12,pedidosya,PedidosYa Market La Plata,papel-higienico-doble-hoja,7791828900285,Papel Higiénico Felpita Infinity Doble Hoja (50 m) 4 Unidades,6239,,1559.75,un,,,,1
2026-08-12,pedidosya,PedidosYa Market La Plata,rollo-cocina,7791828900377,Rollo de Cocina Felpita Maxirollo 200 Paños 1 Unidad,2766.75,,2766.75,un,,,,1
2026-08-12,pedidosya,PedidosYa Market La Plata,lavandina,7793253003715,Lavandina Ayudín Triple Poder Lavanda 1 L,1568,,1568,L,,,,1
2026-08-12,pedidosya,PedidosYa Market La Plata,lavandina,7793253003722,Lavandina Ayudín Triple Poder Lavanda 2 L,2884,,1442,L,,,,1
2026-08-12,pedidosya,PedidosYa Market La Plata,lavandina,7793253003746,Lavandina Ayudín Triple Poder Pureza Glaciar 1 L,2025,,2025,L,,,,1
2026-08-12,pedidosya,PedidosYa Market La Plata,lavandina,7793253003753,Lavandina Ayudín Triple Poder Pureza Glaciar 2 L,3092,,1546,L,,,,1
2026-08-12,pedidosya,PedidosYa Market La Plata,lavandina,7793253003777,Lavandina Ayudín Anti Splash 1 L,2249,,2249,L,,,,1
2026-08-12,pedidosya,PedidosYa Market La Plata,lavandina,7793253003784,Lavandina Ayudín Anti Splash 2 L,4615,,2307.5,L,,,,1
2026-08-12,pedidosya,PedidosYa Market La Plata,lavandina,7793253003791,Lavandina En Gel Ayudín Original 700 ml,3699,,5284.2856,L,,,,1
2026-08-12,pedidosya,PedidosYa Market La Plata,lavandina,7793253003807,Lavandina En Gel Ayudín Citrica 700 ml,3699,,5284.2856,L,,,,1
2026-08-12,pedidosya,PedidosYa Market La Plata,lavandina,7793253003814,Lavandina En Gel Ayudín Floral 700 ml,3735,,5335.7144,L,,,,1
2026-08-12,pedidosya,PedidosYa Market La Plata,lavandina,7793253003821,Lavandina Ayudín En Gel Menta 700 ml,3735,,5335.7144,L,,,,1
2026-08-12,pedidosya,PedidosYa Market La Plata,lavandina,7793253003838,Lavandina En Gel Ayudín Lavanda 700 ml,3735,,5335.7144,L,,,,1
2026-08-12,pedidosya,PedidosYa Market La Plata,lavandina,7793253003876,Lavandina En Gel Ayudín Citrica 1500 ml,8269,,5512.6665,L,,,,1
2026-08-12,pedidosya,PedidosYa Market La Plata,lavandina,7793253005856,Lavandina En Gel Ayudín Original 500 ml,3129,,6258,L,,,,1
2026-08-12,pedidosya,PedidosYa Market La Plata,lavandina,7793253006709,Lavandina Original Ayudín 2 L,2849,,1424.5,L,,,,1
2026-08-12,pedidosya,PedidosYa Market La Plata,papel-higienico-doble-hoja,7793344000517,Papel Higiénico Elegante Doble Hoja (30 m) 4 Unidades,2459.25,,614.8125,un,,,,1
2026-08-12,pedidosya,PedidosYa Market La Plata,rollo-cocina,7793344009206,Rollo De Cocina Elegante Gigante Doble Hoja 200 Paños 1 Unidad,2413.15,,2413.15,un,,,,1
2026-08-12,pedidosya,PedidosYa Market La Plata,yogur-natural-sin-azucar,7793913002423,Yogur Tregar Natural 140 g,2129,,15207.143,kg,,,,1
2026-08-12,pedidosya,PedidosYa Market La Plata,queso-crema-light,7793913013412,Queso Crema Tregar Descremado 280 g,3383.2,,12082.857,kg,,,,1
2026-08-12,pedidosya,PedidosYa Market La Plata,queso-crema-light,7793913013641,Queso Untable Neufchatel Tregar Light 180 g,3185,,17694.445,kg,,,,1
2026-08-12,pedidosya,PedidosYa Market La Plata,ricotta,7793913013672,Ricotta Magra Tregar Baja En Sodio 290 g,3319.25,,11445.689,kg,,,,1
2026-08-12,pedidosya,PedidosYa Market La Plata,yogur-natural-sin-azucar,7794820903612,Yogur Natural Cremoso Milkaut 300 g,4155,,13850,kg,,,,1
2026-08-12,pedidosya,PedidosYa Market La Plata,queso-port-salut-light,7794990191703,Queso Port Salut Light La Paulina 520 g,9875,,18990.385,kg,,,,1
2026-08-12,pedidosya,PedidosYa Market La Plata,queso-crema-light,7794990879663,Queso Crema La Paulina Light 290 g,3525,,12155.172,kg,,,,1
2026-08-12,pedidosya,PedidosYa Market La Plata,queso-crema-light,7798060854352,Queso Untable Tonadita Patagonia Light 180 g,2780,,15444.444,kg,,,,1
2026-08-12,pedidosya,PedidosYa Market La Plata,atun-lomitos-natural,7798075090349,Atún En Lomitos Delicias Marinas Al Natural 190 g,8970,,47210.527,kg,,,,1
2026-08-12,pedidosya,PedidosYa Market La Plata,lavandina,7798131250380,Lavandina Héroe Limpieza Clásica 1 L,1155,,1155,L,,,,1
2026-08-12,pedidosya,PedidosYa Market La Plata,lavandina,7798131250397,Lavandina Héroe Clásica 2 L,2275,,1137.5,L,,,,1
2026-08-12,pedidosya,PedidosYa Market La Plata,yogur-natural-sin-azucar,7798136870743,Yogur Dahi Natural Deslactosado Probio 190 g,3455,,18184.209,kg,,,,1
2026-08-12,pedidosya,PedidosYa Market La Plata,yogur-natural-sin-azucar,7798136870859,Yogur Dahi Natural Estilo Griego190 g,3519,,18521.053,kg,,,,1
2026-08-12,pedidosya,PedidosYa Market La Plata,leche-protein,7798338291803,Leche Con Proteína Las Tres Niñas Vida Activa 1 L,2364,,2364,L,,,,1
2026-08-12,pedidosya,PedidosYa Market La Plata,atun-lomitos-natural,7891167831100,Atún En Lomitos Gomes Da Costa Al Natural 170 g,3577.65,,21045,kg,,,,1
2026-08-12,pedidosya,PedidosYa Market La Plata,suprema-pollo,7894904271993,Suprema De Pollo Congelada 2 kg,33980,,16990,kg,,,,1
2026-08-12,pedidosya,PedidosYa Market La Plata,capsulas-nespresso-starbucks,8445290814425,Cápsulas Starbucks De Café Blonde Decaf Nespresso 55 g,17765,17765,323,g,55,11,,
2026-08-12,pedidosya,PedidosYa Market La Plata,cafe-instantaneo,8445291311510,Café Instantáneo Tradicional Nescafe 100 g,5648.3,,56482.996,kg,,,,1
2026-08-12,pedidosya,PedidosYa Market La Plata,capsulas-nespresso-starbucks,8445291363656,Cápsulas De Café Starbucks House Blend 10 Unidades,17115,17115,1711.5,un,10,14,,
2026-08-12,pedidosya,PedidosYa Market La Plata,capsulas-nespresso-starbucks,8445291367272,Cápsulas De Café Starbucks Espresso Roast 10 Unidades,17765,17765,1776.5,un,10,6,,
2026-08-12,pedidosya,PedidosYa Market La Plata,capsulas-nespresso-starbucks,8445291786721,Cápsulas Starbucks Nespresso Hazelnut 10 Unidades,10202.5,14575,1020.25,un,10,12,30%,
2026-08-12,sepa,Axion Energy,gaseosa-cola-zero,7790895067532,COCA COLA ZERO 500 ML,3400.0,,,,,,,
2026-08-12,sepa,Axion Energy,gaseosa-cola-zero,7790895067556,COCA COLA ZERO 1.5 L,7300.0,,,,,,,
2026-08-12,sepa,Axion Energy,gaseosa-cola-zero,7790895067570,DISC:DISC COCA COLA ZERO 2.25L,7200.0,,,,,,,
2026-08-12,sepa,Axion Energy,gaseosa-cola-zero,7790895067587,COCA COLA ZERO LATA 354ML,3200.0,,,,,,,
2026-08-12,sepa,Axion Energy,gaseosa-cola-zero,7791813828365,PEPSI BLACK 500ML,3000.0,,,,,,,
2026-08-12,sepa,Axion Energy,gaseosa-cola-zero,7791813828419,PEPSI BLACK 1.5L,6600.0,,,,,,,
2026-08-12,sepa,COTO CICSA,desodorante-barra-hombre,75083694,DESODORANTE BARRA BLUE LAVEN. AXE BAR 58 GRM,8711.99,,,,,,,
2026-08-12,sepa,COTO CICSA,desodorante-barra-hombre,75083700,DESODORANTE BARRA AQUA CITRUS AXE BAR 58 GRM,8711.99,,,,,,,
2026-08-12,sepa,COTO CICSA,cafe-instantaneo,7613035379213,CAFE INSTANTANEO NESCAFE DESCAFEINADO FRA 95 GRM,16650.0,,,,,,,
2026-08-12,sepa,COTO CICSA,capsulas-nespresso-starbucks,7613036961004,CAPSULA CAFÉ STARBUCKS BLONDE ESPRESSO CJA 53 GRM,17766.0,,,,,,,
2026-08-12,sepa,COTO CICSA,suprema-pollo,7790070036063,SUPREMAS DE POLLO GRANJA DEL SOL PAQ 360 GRM,10665.0,,,,,,,
2026-08-12,sepa,COTO CICSA,vinagre-alcohol,7790130000034,VINAGRE DE ALCOHOL MENOYO BOT 500 CC,1399.0,,,,,,,
2026-08-12,sepa,COTO CICSA,vinagre-alcohol,7790130000058,VINAGRE DE ALCOHOL MENOYO BOT 1 LTR,1765.0,,,,,,,
2026-08-12,sepa,COTO CICSA,vinagre-alcohol,7790130000263,VINAGRE DE ALCOHOL ALCAZAR PET 500 CMQ,1119.0,,,,,,,
2026-08-12,sepa,COTO CICSA,lavandina,7790132098459,LAVANDINA AYUDIN BOT 1 LTR,1453.99,,,,,,,
2026-08-12,sepa,COTO CICSA,vinagre-alcohol,7790139003166,VINAGRE DE ALCOHOL CASALTA CLASICO BOT 500 CC,1205.0,,,,,,,
2026-08-12,sepa,COTO CICSA,vinagre-alcohol,7790139101138,VINAGRE DE ALCOHOL  FAVINCO PET 1000 CC,1587.0,,,,,,,
2026-08-12,sepa,COTO CICSA,vinagre-alcohol,7790139101145,VINAGRE DE ALCOHOL FAVINCO BOT 500 ML,1162.0,,,,,,,
2026-08-12,sepa,COTO CICSA,cafe-instantaneo,7790150100486,CAFÉ INSTANTÁNEO CLÁSICO LA VIRGINIA FRA 170 GRM,9215.0,,,,,,,
2026-08-12,sepa,COTO CICSA,cafe-instantaneo,7790170904798,CAFÉ INSTANTÁNEO INTENSO MORENITA FRA 100 GRM,6350.0,,,,,,,
2026-08-12,sepa,COTO CICSA,queso-crema-light,7790244941605,QUESO D/CREMA DIETETICO SAN IGNACIO POT 290 GRM,3769.0,,,,,,,
2026-08-12,sepa,COTO CICSA,queso-crema-light,7790244941612,QUESO D/CREMA DIETETICO SAN IGNACIO POT 480 GRM,5669.0,,,,,,,
2026-08-12,sepa,COTO CICSA,papel-higienico-doble-hoja,7790250015536,P.HIGIÉNICO DOBLE HOJA PLUS HIGIENOL PAQ X4 UNI 30M,4593.99,,,,,,,
2026-08-12,sepa,COTO CICSA,papel-higienico-doble-hoja,7790250015567,PAPEL HIGIÉNICO DH PLUS HIGIENOL PAQ 4 UNI 20 M2,3545.99,,,,,,,
2026-08-12,sepa,COTO CICSA,papel-higienico-doble-hoja,7790250026075,PAPEL HIGIENICO ULTRA SUAVE 4 X 30M ELITE PAQ 12 M2,5617.99,,,,,,,
2026-08-12,sepa,COTO CICSA,papel-higienico-doble-hoja,7790250026082,PAPEL HIG.ULTR.SUAV. ELITE PAQ 20 M2,10352.99,,,,,,,
2026-08-12,sepa,COTO CICSA,rollo-cocina,7790250056881,"ROLLO D/COCINA CLÁSICO 3X 50 PAÑOS SUSSEX PAQ 6,33 MT2",2957.99,,,,,,,
2026-08-12,sepa,COTO CICSA,rollo-cocina,7790250056898,ROLLO D/COCINA ULTRA 180 PAÑOS SUSSEX PAQ 7.59 M2,4979.99,,,,,,,
2026-08-12,sepa,COTO CICSA,yerba-mananita,7790387015317,YERBA MATE 4 FLEX MAÑANITA PAQ 1 KGM,5370.0,,,,,,,
2026-08-12,sepa,COTO CICSA,yerba-mananita,7790387015324,YERBA MATE 4 FLEX MAÑANITA PAQ 500 GRM,2750.0,,,,,,,
2026-08-12,sepa,COTO CICSA,atun-lomitos-natural,7790580131364,LOMO D/ATÚN AL NATURAL LA CAMPAGNOLA LAT 170 GRM,5813.0,,,,,,,
2026-08-12,sepa,COTO CICSA,ricotta,7790742102805,RICOTTA ENTERA GARCIA BAJA EN SODIO SHC 500 GRM,4755.0,,,,,,,
2026-08-12,sepa,COTO CICSA,ricotta,7790742114204,RICOTTA GARCIA SCH 500 GRM,4755.0,,,,,,,
2026-08-12,sepa,COTO CICSA,leche-protein,7790742358608,LECHE DESC. LA SERENISIMA PROTEIN BOT 1 LTR,2999.0,,,,,,,
2026-08-12,sepa,COTO CICSA,queso-crema-light,7790742373304,QUESO PROCESADO LIGHT FINLANDIA POT 290 GRM,5479.0,,,,,,,
2026-08-12,sepa,COTO CICSA,yogur-natural-sin-azucar,7790787960934,YOGURT DESC.SAB.NATURAL ILOLAY POT 350 GRM,3699.0,,,,,,,
2026-08-12,sepa,COTO CICSA,gaseosa-cola-zero,7790895067556,"GASEOSA COCA COLA  SIN AZUCAR BOT 1,5 LTR",4150.0,,,,,,,
2026-08-12,sepa,COTO CICSA,gaseosa-cola-zero,7790895067570,"GASEOSA COCA COLA SIN AZUCAR  BOT 2,25 LTR",5500.0,,,,,,,
2026-08-12,sepa,COTO CICSA,gaseosa-cola-zero,7790895640438,GASEOSA COCA COLA SIN AZUCAR  BOT 3 LTR,6650.0,,,,,,,
2026-08-12,sepa,COTO CICSA,detergente,7790990003022,DETERGENTE LAVAV.ULTRA LIMÓN MAGISTRAL BOT 300 ML,3129.99,,,,,,,
2026-08-12,sepa,COTO CICSA,detergente,7790990003039,DETERGENTE LAVAV.ULTRA LIMÓN MAGISTRAL BOT 500 ML,5049.99,,,,,,,
2026-08-12,sepa,COTO CICSA,detergente,7790990003046,DETERGENTE LAVAV.ULTRA LIMÓN MAGISTRAL BOT 750 ML,7559.99,,,,,,,
2026-08-12,sepa,COTO CICSA,detergente,7790990003053,DETERGENTE LIMÓN MAGISTRAL BOT 1.4 LTR,13989.99,,,,,,,
2026-08-12,sepa,COTO CICSA,detergente,7790990003121,DETERGENTE LAVAV.ULTRA MARINA MAGISTRAL BOT 300 ML,3129.99,,,,,,,
2026-08-12,sepa,COTO CICSA,detergente,7790990003138,DETERGENTE LAVAV.ULTRA MARINA MAGISTRAL BOT 500 ML,5049.99,,,,,,,
2026-08-12,sepa,COTO CICSA,detergente,7790990003381,DETER.LAVAV.ULTRA LIMÓN MAGISTRAL PLATINUM+ BOT 500 ML,6219.99,,,,,,,
2026-08-12,sepa,COTO CICSA,detergente,7790990003404,DETERGENTE ULTRA DESENG.LIMÓN MAGISTRAL BOT 300 ML,3489.99,,,,,,,
2026-08-12,sepa,COTO CICSA,detergente,7790990003411,DETERGENTE ULTRA DESENG.LIMÓN MAGISTRAL BOT 500 ML,5049.99,,,,,,,
2026-08-12,sepa,COTO CICSA,detergente,7790990003787,REPUESTO DETERG.ULTRA DESENG. LIMÓN MAGISTRAL DOY 450 ML,4319.99,,,,,,,
2026-08-12,sepa,COTO CICSA,rollo-cocina,7791070005806,"ROLLOS D/COCINA 50 PAÑOS 3 UNI CELESTIAL PAQ 5,32 MT2",3188.99,,,,,,,
2026-08-12,sepa,COTO CICSA,lavandina,7791290793781,LIMP.CREMOSO C/LAVANDINA CLORO CLORO CIF BOT 750 GRM,4665.99,,,,,,,
2026-08-12,sepa,COTO CICSA,lavandina,7791290793804,LIMP.DESINF.E/GEL C/LAVANDINA CLORO CIF BOT 513 GRM,3671.99,,,,,,,
2026-08-12,sepa,COTO CICSA,detergente,7791290794054,DETERGENTE BIO ACTIVE LIMON CIF BOT 300 ML,2710.99,,,,,,,
2026-08-12,sepa,COTO CICSA,detergente,7791290794061,DETERGENTE BIO ACT.LIMON CIF BOT 500 ML,4390.99,,,,,,,
2026-08-12,sepa,COTO CICSA,detergente,7791290794078,DETERGENTE BIO ACTIV.LIMON CIF BOT 750 ML,6590.99,,,,,,,
2026-08-12,sepa,COTO CICSA,detergente,7791290794085,DETERGENTE BIOACTIVE LIMÓN CIF DOY 450 ML,3864.99,,,,,,,
2026-08-12,sepa,COTO CICSA,detergente,7791290794092,DETERGENTE BIOACTIVE LIMA CIF DOY 450 ML,3864.99,,,,,,,
2026-08-12,sepa,COTO CICSA,detergente,7791290794108,DETERGENTE BIO ACTIVE LIMA CIF BOT 300 ML,2710.99,,,,,,,
2026-08-12,sepa,COTO CICSA,detergente,7791290794115,DETERGENTE BIO ACT.LIMA CIF BOT 500 ML,4390.99,,,,,,,
2026-08-12,sepa,COTO CICSA,lavandina,7791290794955,LAVANDINA EN GEL ORIGINAL VIM BOT 700 ML,3519.99,,,,,,,
2026-08-12,sepa,COTO CICSA,lavandina,7791290794962,LAVANDINA EN GEL LAVANDA VIM BOT 700 ML,3519.99,,,,,,,
2026-08-12,sepa,COTO CICSA,lavandina,7791290794979,LAVANDINA EN GEL CITRUS VIM BOT 700 ML,3519.99,,,,,,,
2026-08-12,sepa,COTO CICSA,detergente,7791290796706,DETERGENTE ORIGINAL CIF BOT 500 ML,5484.99,,,,,,,
2026-08-12,sepa,COTO CICSA,detergente,7791290796713,DETERGENTE ORIGINAL CIF BOT 750 ML,8232.99,,,,,,,
2026-08-12,sepa,COTO CICSA,detergente,7791290796720,DETERGENTE ORIGINAL CIF DOY 400 ML,4289.99,,,,,,,
2026-08-12,sepa,COTO CICSA,detergente,7791290796737,DETERGENTE LIMON CIF BOT 500 ML,5484.99,,,,,,,
2026-08-12,sepa,COTO CICSA,detergente,7791290796744,DETERGENTE LIMON CIF BOT 750 ML,8232.99,,,,,,,
2026-08-12,sepa,COTO CICSA,detergente,7791290796751,DETERGENTE LIMON CIF DOY 400 ML,4289.99,,,,,,,
2026-08-12,sepa,COTO CICSA,queso-crema-light,7791337009851,QUESO BLANCO CLÁSICO SUAVE LA SERENISIMA POT 460 GRM,6045.0,,,,,,,
2026-08-12,sepa,COTO CICSA,yogur-natural-sin-azucar,7791337010932,YOGUR.ENT.FIRM.GRIE.SAB.NATU. YOGURISIMO POT 180 GRM,2950.0,,,,,,,
2026-08-12,sepa,COTO CICSA,gaseosa-cola-zero,7791813828365,GASEOSA COLA BLACK PEPSI BOT 500 ML,2200.0,,,,,,,
2026-08-12,sepa,COTO CICSA,gaseosa-cola-zero,7791813828419,GASEOSA COLA PEPSI BLACK  BOT. 1500 CMQ,3950.0,,,,,,,
2026-08-12,sepa,COTO CICSA,gaseosa-cola-zero,7791813828464,GASEOSA COLA PEPSI BLACK BOT 2000 CMQ,4400.0,,,,,,,
2026-08-12,sepa,COTO CICSA,rollo-cocina,7791828000121,ROLLO COCINA FELPITA DOBLE HOJA PAQ 3 UNI,2855.99,,,,,,,
2026-08-12,sepa,COTO CICSA,rollo-cocina,7791828900025,ROLLOS DE COCINA FELPITA  DISNEY BSA 3 UNI 4.968MT2,3267.99,,,,,,,
2026-08-12,sepa,COTO CICSA,papel-higienico-doble-hoja,7791828900049,P. HIGIENICO D/H FELPITA  INFIN 12MT2 4ROLL 30MT,4449.99,,,,,,,
2026-08-12,sepa,COTO CICSA,rollo-cocina,7791828900056,ROLL. COC INFIN X3 - 300 PAÑ,5106.99,,,,,,,
2026-08-12,sepa,COTO CICSA,papel-higienico-doble-hoja,7791828900186,P. HIGIENICO D/H FELPITA   PAQ 8 MT2 4ROLL 20MT,2939.99,,,,,,,
2026-08-12,sepa,COTO CICSA,papel-higienico-doble-hoja,7791828900278,PAPEL HIGIÉNICO PURA CARICIA  FELPITA PAQ X6 UNI 30 MTR,6405.99,,,,,,,
2026-08-12,sepa,COTO CICSA,papel-higienico-doble-hoja,7791828900285,PAPEL HIGIÉNICO INFINITY FELPITA PAQ X4 UNI 5 M2,6859.99,,,,,,,
2026-08-12,sepa,COTO CICSA,rollo-cocina,7791828900377,"ROLLO D/COCINA MAXIROLLO FELPITA ROL 2,8 MTR",3070.99,,,,,,,
2026-08-12,sepa,COTO CICSA,rollo-cocina,7791828900537,ROLLO DE COCI.180 PAÑOS D.HOJ. FELPITA BSA 7.59 M2,2799.99,,,,,,,
2026-08-12,sepa,COTO CICSA,lavandina,7791905000020,LAVANDINA QUERUBIN BOT 1 LTR,1620.99,,,,,,,
2026-08-12,sepa,COTO CICSA,lavandina,7791905000037,LAVANDINA QUERUBIN BOT 2 LTR,3130.99,,,,,,,
2026-08-12,sepa,COTO CICSA,lavandina,7791905000372,LAVANDINA QUERUBIN BID 4 LTR,6030.99,,,,,,,
2026-08-12,sepa,COTO CICSA,lavandina,7793253003715,LAVANDINA TRIPLE PODER LAVANDA AYUDIN BOT 1 LTR,1886.99,,,,,,,
2026-08-12,sepa,COTO CICSA,lavandina,7793253003722,LAVANDINA TRIPLE PODER LAVANDA AYUDIN BOT 2 LTR,3606.99,,,,,,,
2026-08-12,sepa,COTO CICSA,lavandina,7793253003739,LAVANDINA TRIPLE PODER LAVANDA AYUDIN BID 4 LTR,7204.99,,,,,,,
2026-08-12,sepa,COTO CICSA,lavandina,7793253003746,LAVANDINA TRIPLE PODER PUREZA GLAC AYUDIN BOT 1 LTR,1886.99,,,,,,,
2026-08-12,sepa,COTO CICSA,lavandina,7793253003760,LAVANDINA TRIPLE PODER PUREZA GLAC AYUDIN BID 4 LTR,7204.99,,,,,,,
2026-08-12,sepa,COTO CICSA,lavandina,7793253003777,LAVANDINA ANTI SPLASH AYUDIN BOT 1 LTR,2225.99,,,,,,,
2026-08-12,sepa,COTO CICSA,lavandina,7793253003784,LAVANDINA ANTI SPLASH AYUDIN BOT 2 LTR,4311.99,,,,,,,
2026-08-12,sepa,COTO CICSA,lavandina,7793253003791,LAVANDINA EN GEL ORIGINAL AYUDIN BOT 700 ML,3558.99,,,,,,,
2026-08-12,sepa,COTO CICSA,lavandina,7793253003807,LAVANDINA EN GEL CÍTRICA AYUDIN BOT 700 ML,3558.99,,,,,,,
2026-08-12,sepa,COTO CICSA,lavandina,7793253003814,LAVANDINA EN GEL FLORAL AYUDIN BOT 700 ML,3558.99,,,,,,,
2026-08-12,sepa,COTO CICSA,lavandina,7793253003821,LAVANDINA EN GEL MENTA AYUDIN BOT 700 ML,3558.99,,,,,,,
2026-08-12,sepa,COTO CICSA,lavandina,7793253003838,LAVANDINA EN GEL LAVANDA AYUDIN BOT 700 ML,3558.99,,,,,,,
2026-08-12,sepa,COTO CICSA,lavandina,7793253005856,LAVANDINA EN GEL ORIGINAL AYUDIN BOT 500 ML,3011.99,,,,,,,
2026-08-12,sepa,COTO CICSA,lavandina,7793253006709,LAVANDINA ORIGINAL AYUDIN BOT 2 LTR,2925.99,,,,,,,
2026-08-12,sepa,COTO CICSA,lavandina,7793253006716,LAVANDINA ORIGINAL AYUDIN BID 4 LTR,5842.99,,,,,,,
2026-08-12,sepa,COTO CICSA,lavandina,7793253007263,LAVANDINA ANTISPLASH AYUDIN BID 4 LTR,8280.99,,,,,,,
2026-08-12,sepa,COTO CICSA,yogur-natural-sin-azucar,7793913002423,YOGUR ENTERO NATURAL TREGAR POTE X140 GRS.,2090.0,,,,,,,
2026-08-12,sepa,COTO CICSA,queso-crema-light,7793913013214,QUESO CREMA LIGHT TREGAR POT 190 GRM,3190.0,,,,,,,
2026-08-12,sepa,COTO CICSA,queso-crema-light,7793913013412,QUESO CREMA DESCREMADO TREGAR POT 280 GRM,4190.0,,,,,,,
2026-08-12,sepa,COTO CICSA,queso-crema-light,7793913013641,QUESO UNTABLE DESCREMADO TREGAR POT 180 GRM,3090.0,,,,,,,
2026-08-12,sepa,COTO CICSA,ricotta,7793913013665,RICOTTA ENTERA TREGAR POT 290 GRM,3790.0,,,,,,,
2026-08-12,sepa,COTO CICSA,ricotta,7793913013672,RICOTTA SEMIDESCREMADA S/SAL TREGAR POT 290 GRM,3790.0,,,,,,,
2026-08-12,sepa,COTO CICSA,yogur-natural-sin-azucar,7794820903612,YOG.CREMOSO SAB.NATURAL MILKAUT  POT 300 GRM,3879.0,,,,,,,
2026-08-12,sepa,COTO CICSA,yogur-natural-sin-azucar,7794820903711,YOG.CREM.DESC.SAB.NATURAL BALANCE MILKAUT  POT 300 GRM,3879.0,,,,,,,
2026-08-12,sepa,COTO CICSA,queso-crema-light,7794990879663,QUESO CREMA LA PAULINA LIGHT POT 290 GRM,3435.0,,,,,,,
2026-08-12,sepa,COTO CICSA,yogur-natural-sin-azucar,7798136870545,YOGUR FIRME ENT.NAT.S/AZUC DAHI FRA 190 GRM,2725.0,,,,,,,
2026-08-12,sepa,COTO CICSA,yogur-natural-sin-azucar,7798136870859,YOGUR ESTILO GRIEGO NATURAL DAHI FRA 190 GRM,3295.0,,,,,,,
2026-08-12,sepa,COTO CICSA,ricotta,7798179070018,RICOTA CON CREMA SILVIA SCH 500 GRM,3285.0,,,,,,,
2026-08-12,sepa,COTO CICSA,leche-protein,7798338291803,LECHE C/PROTEINA TRES NIÑAS TTB 1 LTR,2865.0,,,,,,,
2026-08-12,sepa,COTO CICSA,atun-lomitos-natural,7891167831100,ATUN GOMES DA COSTA LOMO AL NATURAL LAT 170 GRM,4050.0,,,,,,,
2026-08-12,sepa,COTO CICSA,capsulas-nespresso-starbucks,8445290154125,CAFÉ CAPS.SMOOTH CARAMEL STARBUCKS CJA 51 GRM,16605.0,,,,,,,
2026-08-12,sepa,COTO CICSA,cafe-instantaneo,8445291311510,CAFÉ INSTANTANEO TRADICIÓN NESCAFE DOY 100 GRM,8952.0,,,,,,,
2026-08-12,sepa,COTO CICSA,capsulas-nespresso-starbucks,8445291363656,CAFÉ CAPSULA HOUSE BLEND LUNGO STARBUCKS CJA 78 GRM,15995.0,,,,,,,
2026-08-12,sepa,COTO CICSA,capsulas-nespresso-starbucks,8445291367272,CAFÉ CAPSULA ESPRESO ROAST STARBUCKS CJA 78 GRM,16605.0,,,,,,,
2026-08-12,sepa,Cooperativa Obrera Limitada de Consumo y Vivienda,desodorante-barra-hombre,7501001163983,DEO BARRA OLD SPICE FRESH,10128.0,,,,,,,
2026-08-12,sepa,Cooperativa Obrera Limitada de Consumo y Vivienda,cafe-instantaneo,7613035379213,CAFE NESCAFE SOLUBLE DESC,18170.0,,,,,,,
2026-08-12,sepa,Cooperativa Obrera Limitada de Consumo y Vivienda,cafe-instantaneo,7613036312752,CAFE NESCAFE ESPRESSO FRA,18990.0,25860.0,,,,,Vigencia desde el 30/07/2026 al 12/08/2026 hasta agotar Stock de 12 unidades.,
2026-08-12,sepa,Cooperativa Obrera Limitada de Consumo y Vivienda,lavandina,7790132098459,LAVANDINA AYUDIN ORIGINAL,1270.0,,,,,,,
2026-08-12,sepa,Cooperativa Obrera Limitada de Consumo y Vivienda,vinagre-alcohol,7790139003166,VINAGRE CASALTA ALCOHOL,1239.0,,,,,,,
2026-08-12,sepa,Cooperativa Obrera Limitada de Consumo y Vivienda,vinagre-alcohol,7790139101138,VINAGRE FAVINCO ALCOHOL,1585.0,,,,,,,
2026-08-12,sepa,Cooperativa Obrera Limitada de Consumo y Vivienda,vinagre-alcohol,7790139101145,VINAGRE FAVINCO ALC S/TAC,1229.0,,,,,,,
2026-08-12,sepa,Cooperativa Obrera Limitada de Consumo y Vivienda,cafe-instantaneo,7790150100462,CAFE INST LV CLAS.DPACK,6990.0,8005.0,,,,,Vigencia desde el 30/07/2026 al 12/08/2026 hasta agotar Stock de 47 unidades.,
2026-08-12,sepa,Cooperativa Obrera Limitada de Consumo y Vivienda,cafe-instantaneo,7790150100486,CAFE INST LV FRAS CLASICO,9290.0,,,,,,,
2026-08-12,sepa,Cooperativa Obrera Limitada de Consumo y Vivienda,cafe-instantaneo,7790150100783,CAFE INST LV CLASICO ESP,5920.0,,,,,,,
2026-08-12,sepa,Cooperativa Obrera Limitada de Consumo y Vivienda,cafe-instantaneo,7790150100806,CAFE INST LA VIRGINIA DP,6779.0,,,,,,,
2026-08-12,sepa,Cooperativa Obrera Limitada de Consumo y Vivienda,cafe-instantaneo,7790150101490,CAFE INST LV SUAVE FRASCO,9290.0,,,,,,,
2026-08-12,sepa,Cooperativa Obrera Limitada de Consumo y Vivienda,cafe-instantaneo,7790150101773,CAFE INST LV SUAVE FRASCO,6179.0,,,,,,,
2026-08-12,sepa,Cooperativa Obrera Limitada de Consumo y Vivienda,cafe-instantaneo,7790150101780,CAFE INST LV SUAVE DP,5390.0,,,,,,,
2026-08-12,sepa,Cooperativa Obrera Limitada de Consumo y Vivienda,rollo-cocina,7790250056881,ROLLO SUSSEX CLAS BLANCO,2990.0,,,,,,,
2026-08-12,sepa,Cooperativa Obrera Limitada de Consumo y Vivienda,rollo-cocina,7790250056898,ROLLO COCINA SUSSEX ULTRA,4390.0,,,,,,,
2026-08-12,sepa,Cooperativa Obrera Limitada de Consumo y Vivienda,rollo-cocina,7790250056980,ROLLO COC SUSSEX MAXI,6590.0,,,,,,,
2026-08-12,sepa,Cooperativa Obrera Limitada de Consumo y Vivienda,rollo-cocina,7790250057086,SUSSEX CLASICO MEGARROLLO,2490.0,3320.0,,,,,Vigencia desde el 30/07/2026 al 12/08/2026 hasta agotar Stock de 4 unidades.,
2026-08-12,sepa,Cooperativa Obrera Limitada de Consumo y Vivienda,yerba-mananita,7790387015317,YERBA MAÑANITA 4FLEX,5350.0,,,,,,,
2026-08-12,sepa,Cooperativa Obrera Limitada de Consumo y Vivienda,yerba-mananita,7790387015324,YERBA MAÑANITA 4FLEX 1/2,2750.0,,,,,,,
2026-08-12,sepa,Cooperativa Obrera Limitada de Consumo y Vivienda,cafe-instantaneo,7790550029431,CAFE LPC FRASCO CLASICO,10091.0,,,,,,,
2026-08-12,sepa,Cooperativa Obrera Limitada de Consumo y Vivienda,atun-lomitos-natural,7790580131364,ATUN LC LOMO NATURAL,5740.0,,,,,,,
2026-08-12,sepa,Cooperativa Obrera Limitada de Consumo y Vivienda,leche-protein,7790742358608,LECHE DESC LS PROTEIN BOT,2490.0,3149.0,,,,,Vigencia desde el 30/07/2026 al 12/08/2026 hasta agotar Stock de 54 unidades.,
2026-08-12,sepa,Cooperativa Obrera Limitada de Consumo y Vivienda,yogur-natural-sin-azucar,7790787960934,YOGUR NATURAL CREM ILOLAY,3599.0,,,,,,,
2026-08-12,sepa,Cooperativa Obrera Limitada de Consumo y Vivienda,gaseosa-cola-zero,7790895067532,COCA COLA SIN AZUCAR,2450.0,,,,,,,
2026-08-12,sepa,Cooperativa Obrera Limitada de Consumo y Vivienda,gaseosa-cola-zero,7790895067556,COCA COLA SIN AZUCAR,4150.0,,,,,,,
2026-08-12,sepa,Cooperativa Obrera Limitada de Consumo y Vivienda,gaseosa-cola-zero,7790895067570,COCA COLA SIN AZUCAR,4200.0,5500.0,,,,,Llevando 2 paga $4200.00 c/u - Vigencia desde el 30/07/2026 al 12/08/2026 o hasta agotar Stock de 142 unidades.,
2026-08-12,sepa,Cooperativa Obrera Limitada de Consumo y Vivienda,detergente,7790990003022,DET MAGISTRAL ULTRA LIMON,3400.0,,,,,,,
2026-08-12,sepa,Cooperativa Obrera Limitada de Consumo y Vivienda,detergente,7790990003039,DET MAGISTRAL ULTRA LIMON,4700.0,,,,,,,
2026-08-12,sepa,Cooperativa Obrera Limitada de Consumo y Vivienda,detergente,7790990003046,DET MAGISTRAL ULTRA LIMON,7990.0,,,,,,,
2026-08-12,sepa,Cooperativa Obrera Limitada de Consumo y Vivienda,detergente,7790990003121,DET MAGISTRAL ULTRA MARIN,3400.0,,,,,,,
2026-08-12,sepa,Cooperativa Obrera Limitada de Consumo y Vivienda,detergente,7790990003138,DET MAGISTRAL ULTRA MARIN,4700.0,,,,,,,
2026-08-12,sepa,Cooperativa Obrera Limitada de Consumo y Vivienda,detergente,7790990003145,DET MAGISTRAL ULTRA MARIN,7990.0,,,,,,,
2026-08-12,sepa,Cooperativa Obrera Limitada de Consumo y Vivienda,detergente,7790990003787,DET MAGISTRAL ULT LIM DP,4550.0,,,,,,,
2026-08-12,sepa,Cooperativa Obrera Limitada de Consumo y Vivienda,lavandina,7791290793781,CIF CREMA C/LAVAND Y CLOR,3490.0,4790.0,,,,,Vigencia desde el 30/07/2026 al 12/08/2026 hasta agotar Stock de 2 unidades.,
2026-08-12,sepa,Cooperativa Obrera Limitada de Consumo y Vivienda,lavandina,7791290793804,CIF GEL C/LAVAND Y CLORO,3790.0,,,,,,,
2026-08-12,sepa,Cooperativa Obrera Limitada de Consumo y Vivienda,detergente,7791290794054,DET CIF BIOACTIVE LIMON,2749.0,,,,,,,
2026-08-12,sepa,Cooperativa Obrera Limitada de Consumo y Vivienda,detergente,7791290794061,DET CIF BIOACTIVE LIMON,2990.0,4209.0,,,,,Vigencia desde el 30/07/2026 al 12/08/2026 hasta agotar Stock de 6 unidades.,
2026-08-12,sepa,Cooperativa Obrera Limitada de Consumo y Vivienda,detergente,7791290794078,DET CIF BIOACTIVE LIMON,6690.0,,,,,,,
2026-08-12,sepa,Cooperativa Obrera Limitada de Consumo y Vivienda,detergente,7791290794085,CIF BIOACTIVE LIMON DP,3870.0,,,,,,,
2026-08-12,sepa,Cooperativa Obrera Limitada de Consumo y Vivienda,detergente,7791290794092,CIF BIOACTIVE LIMA DP,3870.0,,,,,,,
2026-08-12,sepa,Cooperativa Obrera Limitada de Consumo y Vivienda,detergente,7791290794108,DET CIF BIOACTIVE LIMA,2790.0,,,,,,,
2026-08-12,sepa,Cooperativa Obrera Limitada de Consumo y Vivienda,detergente,7791290794115,DET CIF BIOACTIVE LIMA,2990.0,4209.0,,,,,Vigencia desde el 30/07/2026 al 12/08/2026 hasta agotar Stock de 28 unidades.,
2026-08-12,sepa,Cooperativa Obrera Limitada de Consumo y Vivienda,detergente,7791290796706,DET CIF ACTIVE GEL ORIGIN,5550.0,,,,,,,
2026-08-12,sepa,Cooperativa Obrera Limitada de Consumo y Vivienda,detergente,7791290796720,DET CIF ACTIV GEL ORIG DP,4390.0,,,,,,,
2026-08-12,sepa,Cooperativa Obrera Limitada de Consumo y Vivienda,detergente,7791290796737,DET CIF ACTIVE GEL LIMON,5550.0,,,,,,,
2026-08-12,sepa,Cooperativa Obrera Limitada de Consumo y Vivienda,detergente,7791290796751,DET CIF ACT GEL LIMON DP,4390.0,,,,,,,
2026-08-12,sepa,Cooperativa Obrera Limitada de Consumo y Vivienda,yogur-natural-sin-azucar,7791337007208,YOGUR SER DESC S/LACT NAT,4999.0,,,,,,,
2026-08-12,sepa,Cooperativa Obrera Limitada de Consumo y Vivienda,yogur-natural-sin-azucar,7791337010932,YOGURISIMO GRIEGO FIRME N,3250.0,,,,,,,
2026-08-12,sepa,Cooperativa Obrera Limitada de Consumo y Vivienda,gaseosa-cola-zero,7791813828365,PEPSI BLACK,1290.0,2500.0,,,,,Vigencia desde el 30/07/2026 al 12/08/2026 hasta agotar Stock de 46 unidades.,
2026-08-12,sepa,Cooperativa Obrera Limitada de Consumo y Vivienda,gaseosa-cola-zero,7791813828419,PEPSI BLACK,4300.0,,,,,,,
2026-08-12,sepa,Cooperativa Obrera Limitada de Consumo y Vivienda,gaseosa-cola-zero,7791813828464,PEPSI BLACK,2500.0,4750.0,,,,,Vigencia desde el 30/07/2026 al 12/08/2026 hasta agotar Stock de 65 unidades.,
2026-08-12,sepa,Cooperativa Obrera Limitada de Consumo y Vivienda,rollo-cocina,7791828000121,ROLLO COCI FELPITA BLANCO,2695.0,,,,,,,
2026-08-12,sepa,Cooperativa Obrera Limitada de Consumo y Vivienda,rollo-cocina,7791828900056,ROLLO FELPITA INFINITY BL,5249.0,,,,,,,
2026-08-12,sepa,Cooperativa Obrera Limitada de Consumo y Vivienda,rollo-cocina,7791828900377,ROLLO FELPITA BLANCO,3090.0,,,,,,,
2026-08-12,sepa,Cooperativa Obrera Limitada de Consumo y Vivienda,lavandina,7791905003663,LAVAN ADIT QUERUBIN RO BL,2350.0,,,,,,,
2026-08-12,sepa,Cooperativa Obrera Limitada de Consumo y Vivienda,lavandina,7791905023203,LAVANDINA ODEX,1550.0,,,,,,,
2026-08-12,sepa,Cooperativa Obrera Limitada de Consumo y Vivienda,lavandina,7791905023210,LAVANDINA ODEX,2850.0,,,,,,,
2026-08-12,sepa,Cooperativa Obrera Limitada de Consumo y Vivienda,lavandina,7791905023227,LAVANDINA ODEX,5590.0,,,,,,,
2026-08-12,sepa,Cooperativa Obrera Limitada de Consumo y Vivienda,lavandina,7793253003715,LAV AYUDIN LAVANDA TRIPLE,1885.0,,,,,,,
2026-08-12,sepa,Cooperativa Obrera Limitada de Consumo y Vivienda,lavandina,7793253003722,LAV AYUDIN LAVANDA TRIPLE,3600.0,,,,,,,
2026-08-12,sepa,Cooperativa Obrera Limitada de Consumo y Vivienda,lavandina,7793253003746,LAV AYUDIN GLACIAR TRIPLE,1885.0,,,,,,,
2026-08-12,sepa,Cooperativa Obrera Limitada de Consumo y Vivienda,lavandina,7793253003753,LAV AYUDIN GLACIAR TRIPLE,3600.0,,,,,,,
2026-08-12,sepa,Cooperativa Obrera Limitada de Consumo y Vivienda,lavandina,7793253003777,LAV AYUDIN ANTISPLASH,2319.0,,,,,,,
2026-08-12,sepa,Cooperativa Obrera Limitada de Consumo y Vivienda,lavandina,7793253003784,LAV AYUDIN ANTISPLASH X2,4650.0,,,,,,,
2026-08-12,sepa,Cooperativa Obrera Limitada de Consumo y Vivienda,lavandina,7793253006709,LAVANDINA AYUDIN ORIGINAL,2680.0,,,,,,,
2026-08-12,sepa,Cooperativa Obrera Limitada de Consumo y Vivienda,lavandina,7793253006716,LAVANDINA AYUDIN ORIGINAL,6990.0,,,,,,,
2026-08-12,sepa,Cooperativa Obrera Limitada de Consumo y Vivienda,rollo-cocina,7793344009206,ROLLO COC ELEGANTE,3190.0,,,,,,,
2026-08-12,sepa,Cooperativa Obrera Limitada de Consumo y Vivienda,rollo-cocina,7793344009305,ROLLO COC ELEGANTE PREM,3675.0,5390.0,,,,,Vigencia desde el 30/07/2026 al 12/08/2026 hasta agotar Stock de 8 unidades.,
2026-08-12,sepa,Cooperativa Obrera Limitada de Consumo y Vivienda,rollo-cocina,7793344904013,ROLLO COC ELEGANTE,2830.0,,,,,,,
2026-08-12,sepa,Cooperativa Obrera Limitada de Consumo y Vivienda,rollo-cocina,7793344904853,ROLLO COC ELEGANTE,3490.0,,,,,,,
2026-08-12,sepa,Cooperativa Obrera Limitada de Consumo y Vivienda,yogur-natural-sin-azucar,7794820903612,YOGUR NAT CREMOSO MILKAUT,2850.0,3790.0,,,,,Vigencia desde el 06/08/2026 al 12/08/2026 hasta agotar Stock de 1 unidades.,
2026-08-12,sepa,Cooperativa Obrera Limitada de Consumo y Vivienda,yogur-natural-sin-azucar,7794820903711,YOGUR NAT DESCR MILKAUT,2850.0,3790.0,,,,,Vigencia desde el 06/08/2026 al 12/08/2026,
2026-08-12,sepa,Cooperativa Obrera Limitada de Consumo y Vivienda,lavandina,7798131250380,LAVANDINA HEROE CLASIC,1190.0,,,,,,,
2026-08-12,sepa,Cooperativa Obrera Limitada de Consumo y Vivienda,yogur-natural-sin-azucar,7798136870545,YOG DAHI FIRME NATUR S/AZ,2659.0,,,,,,,
2026-08-12,sepa,Cooperativa Obrera Limitada de Consumo y Vivienda,yogur-natural-sin-azucar,7798136870743,YOGUR NAT DESLACT DAHI,3190.0,,,,,,,
2026-08-12,sepa,Cooperativa Obrera Limitada de Consumo y Vivienda,yogur-natural-sin-azucar,7798136870859,YOGUR GRIEGO NAT DAHI,3190.0,,,,,,,
2026-08-12,sepa,Cooperativa Obrera Limitada de Consumo y Vivienda,leche-protein,7798338291803,LECHE LV LAS3 NIÑAS PROTE,2890.0,,,,,,,
2026-08-12,sepa,Cooperativa Obrera Limitada de Consumo y Vivienda,cafe-instantaneo,8445291311510,NESCAFE TRADICION DP,9290.0,,,,,,,
2026-08-12,sepa,DEHEZA S.A.I.C.F. e I.,yerba-mananita,7790387015324,MAÑANITA YERBA 4FLEX X 500 GR,4400.0,,,,,,,
2026-08-12,sepa,DEHEZA S.A.I.C.F. e I.,gaseosa-cola-zero,7791813828365,PEPSI BLACK PET X 500CC,2900.0,,,,,,,
2026-08-12,sepa,Disco,cafe-instantaneo,7613035379213,Cafe Descafeinado NESCAFE MasAroma 100g FCO-100-gr.,18000.0,,,,,,,
2026-08-12,sepa,Disco,cafe-instantaneo,7613036312752,Nescafe GOLD espresso 100g FCO-100-gr.,24000.0,,,,,,,
2026-08-12,sepa,Disco,capsulas-nespresso-starbucks,7613036961004,Capsulas STARBUCKS Blonde Espresso Roast CJA-53-gr.,18750.0,,,,,,,
2026-08-12,sepa,Disco,capsulas-nespresso-starbucks,7613036961448,Capsulas Café STARBUCKS Colombia x57g CJA-57-gr.,19050.0,,,,,,,
2026-08-12,sepa,Disco,suprema-pollo,7790070036063,Suprema de pollo GRANJA DEL SOL 360g PAQ-360-gr.,11350.0,,,,,,,
2026-08-12,sepa,Disco,vinagre-alcohol,7790130000034,Vinagre MENOYO de alcohol PVC-500-cc.,1350.0,,,,,,,
2026-08-12,sepa,Disco,vinagre-alcohol,7790130000058,Vinagre MENOYO de alcohol PVC-1-lt.,1850.0,,,,,,,
2026-08-12,sepa,Disco,vinagre-alcohol,7790130000263,Vinagre alcazar de alcohol PVC-500-cc.,1200.0,,,,,,,
2026-08-12,sepa,Disco,lavandina,7790132098459,lavandina AYUDIN original 1L       PVC-1000-ml.,1278.0,,,,,,,
2026-08-12,sepa,Disco,vinagre-alcohol,7790139003166,Vinagre de Alcohol CASALTA x 500cc. BOT-500-cc.,1300.0,,,,,,,
2026-08-12,sepa,Disco,vinagre-alcohol,7790139101138,Vinagre de Alcohol Favinco S/T x 1lt BOT-1000-ml.,1717.0,,,,,,,
2026-08-12,sepa,Disco,cafe-instantaneo,7790150100462,café LA VIRGINIA Clásico Espuma DPx170g DOY-170-gr.,8150.0,,,,,,,
2026-08-12,sepa,Disco,cafe-instantaneo,7790150100486,café LA VIRGINIA Clasico Espuma x170G FCO-170-gr.,9450.0,,,,,,,
2026-08-12,sepa,Disco,cafe-instantaneo,7790150101476,café LA VIRGINIA Suave Espuma DP x170g DOY-170-gr.,8600.0,,,,,,,
2026-08-12,sepa,Disco,cafe-instantaneo,7790150101490,café LA VIRGINIA Suave Espuma x170g FCO-170-gr.,10850.0,,,,,,,
2026-08-12,sepa,Disco,cafe-instantaneo,7790150101773,café LA VIRGINIA Suave Espuma x100g FCO-100-gr.,6700.0,,,,,,,
2026-08-12,sepa,Disco,cafe-instantaneo,7790150101780,Café LA VIRGINIA Suave Espuma DPx100g DOY-100-gr.,5550.0,,,,,,,
2026-08-12,sepa,Disco,cafe-instantaneo,7790170904798,café LA MORENITA Intenso x100g FCO-100-gr.,6550.0,,,,,,,
2026-08-12,sepa,Disco,queso-crema-light,7790244941605,Q.Blancrem Light S.Ignacio 290g POT-290-gr.,4000.0,,,,,,,
2026-08-12,sepa,Disco,queso-crema-light,7790244941612,Q.Blancrem Light S.Ignacio 480g POT-480-gr.,5800.0,,,,,,,
2026-08-12,sepa,Disco,papel-higienico-doble-hoja,7790250015536,papel higieni HIGIENOL dob h fus 4x30m BSA-4-m2,4300.0,,,,,,,
2026-08-12,sepa,Disco,papel-higienico-doble-hoja,7790250026075,papel higienic ELITE dobl h soft 4x30m PAQ-12-m2,4399.0,,,,,,,
2026-08-12,sepa,Disco,papel-higienico-doble-hoja,7790250026082,papel higienic ELITE ult dobl h 4x50m PAQ-20-m2,10550.0,,,,,,,
2026-08-12,sepa,Disco,rollo-cocina,7790250056881,rollo cocina SUSSEX clasic 3x50paños PAQ-15-m2,3100.0,,,,,,,
2026-08-12,sepa,Disco,rollo-cocina,7790250056980,rollo cocina SUSSEX ultra 3x100p PAQ-300-un.,8050.0,,,,,,,
2026-08-12,sepa,Disco,yerba-mananita,7790387015317,Yerba Mate MAÑANITA 4FLEX 1kg PAQ-1000-gr.,5350.0,,,,,,,
2026-08-12,sepa,Disco,yerba-mananita,7790387015324,Yerba Mate MAÑANITA 4FLEX 1/2kg PAQ-500-gr.,2800.0,,,,,,,
2026-08-12,sepa,Disco,atun-lomitos-natural,7790580131364,Atun LA CAMPAGNOLA al natural x170g LAT-170-gr.,6300.0,,,,,,,
2026-08-12,sepa,Disco,ricotta,7790742102805,ricota entera GARCIA baja en sodio SCH-500-gr.,5100.0,,,,,,,
2026-08-12,sepa,Disco,ricotta,7790742114204,Ricotta Garcia Semigrasa Sachet 500GR SCH-500-gr.,5100.0,,,,,,,
2026-08-12,sepa,Disco,leche-protein,7790742358608,Leche Uat Proteina La serenisima 1l BOT-1000-ml.,3100.0,,,,,,,
2026-08-12,sepa,Disco,queso-crema-light,7790742373304,Q.Procesado Finlandia Light 290g POT-290-gr.,5900.0,,,,,,,
2026-08-12,sepa,Disco,gaseosa-cola-zero,7790895067532,gaseosa COCA COLA Zero 500cc PET-500-ml.,2750.0,,,,,,,
2026-08-12,sepa,Disco,gaseosa-cola-zero,7790895067556,gaseosa COCA COLA Zero 1.5lt PET-1500-ml.,4300.0,,,,,,,
2026-08-12,sepa,Disco,gaseosa-cola-zero,7790895067570,gaseosa COCA COLA Zero 2.25lt PET-2250-ml.,5600.0,,,,,,,
2026-08-12,sepa,Disco,gaseosa-cola-zero,7790895067587,gaseosa COCA COLA Zero 354cc LAT-354-ml.,2850.0,,,,,,,
2026-08-12,sepa,Disco,gaseosa-cola-zero,7790895640438,gaseosa COCA COLA Zero  3lt PET-3000-ml.,6551.0,,,,,,,
2026-08-12,sepa,Disco,detergente,7790990003022,detergente MAGISTRAL ult lim bot 300ml BOT-300-ml.,3350.0,,,,,,,
2026-08-12,sepa,Disco,detergente,7790990003039,detergente MAGISTRAL ult lim bot 500ml BOT-500-ml.,4542.0,,,,,,,
2026-08-12,sepa,Disco,detergente,7790990003046,detergente MAGISTRAL ult lim bot 750ml BOT-750-ml.,7850.0,,,,,,,
2026-08-12,sepa,Disco,detergente,7790990003121,detergente MAGISTRAL ult mar bot 300ml BOT-300-ml.,3350.0,,,,,,,
2026-08-12,sepa,Disco,detergente,7790990003138,detergente MAGISTRAL ult mar bot 500ml BOT-500-ml.,4542.0,,,,,,,
2026-08-12,sepa,Disco,detergente,7790990003145,detergente MAGISTRAL ult mar bot 750ml BOT-750-ml.,7850.0,,,,,,,
2026-08-12,sepa,Disco,lavandina,7791290793804,limpiador CIF  gel lavandina cloro 513gr BOT-513-ml.,3950.0,,,,,,,
2026-08-12,sepa,Disco,detergente,7791290794054,lavavajilla CIF bioactive limon 300ml. BOT-300-ml.,2700.0,,,,,,,
2026-08-12,sepa,Disco,detergente,7791290794061,lavavajilla CIF bioactive limon 500ml BOT-500-ml.,4400.0,,,,,,,
2026-08-12,sepa,Disco,detergente,7791290794078,lavavajilla CIF bioactive limon 750ml BOT-750-ml.,6850.0,,,,,,,
2026-08-12,sepa,Disco,detergente,7791290794085,lavavajilla CIF limon bioactiv DP 450ml DOY-450-ml.,3900.0,,,,,,,
2026-08-12,sepa,Disco,detergente,7791290794092,lavavajilla CIF lima bioactive DP 450ml DOY-450-ml.,3900.0,,,,,,,
2026-08-12,sepa,Disco,detergente,7791290794108,lavavajilla CIF bioactive lima 300ml BOT-300-ml.,2700.0,,,,,,,
2026-08-12,sepa,Disco,detergente,7791290794115,lavavajilla CIF bioactive lima 500ml BOT-500-ml.,4400.0,,,,,,,
2026-08-12,sepa,Disco,yogur-natural-sin-azucar,7791337007208,Yog SER Natural 300g POT-300-gr.,5250.0,,,,,,,
2026-08-12,sepa,Disco,gaseosa-cola-zero,7791813828365,gaseosa PEPSI Black 500cc BOT-500-ml.,2250.0,,,,,,,
2026-08-12,sepa,Disco,gaseosa-cola-zero,7791813828419,gaseosa PEPSI Black 1.5lt BOT-1500-ml.,3899.0,,,,,,,
2026-08-12,sepa,Disco,gaseosa-cola-zero,7791813828464,gaseosa PEPSI Black 2lt BOT-2000-ml.,4300.0,,,,,,,
2026-08-12,sepa,Disco,rollo-cocina,7791828900056,Rollo Cocina FELPITA DH Infinity 3x100 PCK-300-un.,5350.0,,,,,,,
2026-08-12,sepa,Disco,papel-higienico-doble-hoja,7791828900285,Papel Higienico FELPITA Doble Hoj 4x50 PAQ-50-hjs,7250.0,,,,,,,
2026-08-12,sepa,Disco,lavandina,7793253003715,Lavandina Ayudin Triple Poder 1L BOT-1000-ml.,2050.0,,,,,,,
2026-08-12,sepa,Disco,lavandina,7793253003722,lavandina AYUDIN Glaciar Triple Poder La BOT-2000-ml.,3850.0,,,,,,,
2026-08-12,sepa,Disco,lavandina,7793253003739,Lavandina Ayudin Triple Poder 4L BOT-4000-ml.,7700.0,,,,,,,
2026-08-12,sepa,Disco,lavandina,7793253003746,Ayudin Pureza Glaciar Triple Poder 1L BOT-1000-ml.,2050.0,,,,,,,
2026-08-12,sepa,Disco,lavandina,7793253003753,lavandina AYUDIN Glaciar Triple Poder 2l BOT-2000-ml.,3950.0,,,,,,,
2026-08-12,sepa,Disco,lavandina,7793253003760,Ayudin Pureza Glaciar Triple Poder 4L BOT-4000-ml.,7800.0,,,,,,,
2026-08-12,sepa,Disco,lavandina,7793253003777,Lavandina Ayudin Anti-Splash Tradi 1L BOT-1000-ml.,2400.0,,,,,,,
2026-08-12,sepa,Disco,lavandina,7793253003784,lavandina AYUDIN Anti Splash 2lt BOT-2000-ml.,4600.0,,,,,,,
2026-08-12,sepa,Disco,lavandina,7793253003791,Ayudín Lavandina en Gel Original 700ml BOT-700-ml.,3800.0,,,,,,,
2026-08-12,sepa,Disco,lavandina,7793253003807,Ayudín Lavandina en Gel Citrica 700ml BOT-700-ml.,3800.0,,,,,,,
2026-08-12,sepa,Disco,lavandina,7793253003814,Ayudín Lavandina en Gel Floral 700ml BOT-700-ml.,3800.0,,,,,,,
2026-08-12,sepa,Disco,lavandina,7793253003821,Ayudín Lavandina en Gel Menta 700ml BOT-700-ml.,3800.0,,,,,,,
2026-08-12,sepa,Disco,lavandina,7793253003838,Ayudín Lavandina en Gel Lavanda 700ml BOT-700-ml.,3800.0,,,,,,,
2026-08-12,sepa,Disco,lavandina,7793253003869,Ayudín Lavandina en Gel Original 1500ml BOT-1500-ml.,8300.0,,,,,,,
2026-08-12,sepa,Disco,lavandina,7793253003876,Ayudín Lavandina en Gel Citrica 1500ml BOT-1500-ml.,8300.0,,,,,,,
2026-08-12,sepa,Disco,papel-higienico-doble-hoja,7793344000517,Papel hig New ELEGANTE Extra bl 30m x 4u PAQ-12-m2,3650.0,,,,,,,
2026-08-12,sepa,Disco,rollo-cocina,7793344009206,rollo cocina ELEGANTE dobl h 1x200 paños PCK-1-un.,3050.0,,,,,,,
2026-08-12,sepa,Disco,rollo-cocina,7793344009305,Rollos de Cocina Elegante 3u x 100 paños LAM-300-un.,5700.0,,,,,,,
2026-08-12,sepa,Disco,rollo-cocina,7793344904013,rollo cocina ELEGANTE dobl h 3x50 paños BSA-3-un.,3000.0,,,,,,,
2026-08-12,sepa,Disco,queso-crema-light,7793913013412,Queso Crema Light Tregar 280g POT-280-gr.,4400.0,,,,,,,
2026-08-12,sepa,Disco,ricotta,7793913013665,RICOTTA ENTERA TREGAR X 290 GRS POT-290-gr.,3850.0,,,,,,,
2026-08-12,sepa,Disco,ricotta,7793913013672,RICOTTA LIGHT TREGAR X 290 GRS POT-290-gr.,3850.0,,,,,,,
2026-08-12,sepa,Disco,queso-crema-light,7794820015018,Qso Proces para untar Light Milkaut 190g POT-190-gr.,3550.0,,,,,,,
2026-08-12,sepa,Disco,queso-crema-light,7794820903094,Queso Crematto Balance MILKAUT x 285 grs POT-285-gr.,5200.0,,,,,,,
2026-08-12,sepa,Disco,queso-crema-light,7794990879663,queso crema LA PAULINA light. POT-290-gr.,3500.0,,,,,,,
2026-08-12,sepa,Disco,lavandina,7798131250380,lavandina clasica HEROE 1lt BOT-1000-ml.,1150.0,,,,,,,
2026-08-12,sepa,Disco,lavandina,7798131250397,lavandina clasica HEROE 2lt BOT-2000-ml.,2250.0,,,,,,,
2026-08-12,sepa,Disco,yogur-natural-sin-azucar,7798136870545,Yog. Ent. Natural s/az DAHÍ 190g FCO-190-gr.,2850.0,,,,,,,
2026-08-12,sepa,Disco,yogur-natural-sin-azucar,7798136870743,Yog. Desc. Deslac Nat DAHÍ 190g FCO-200-gr.,3450.0,,,,,,,
2026-08-12,sepa,Disco,yogur-natural-sin-azucar,7798327950193,Yog. Entero Natural Flia Beudroit 400g POT-400-gr.,4750.0,,,,,,,
2026-08-12,sepa,Disco,capsulas-nespresso-starbucks,8445291363656,Capsulas STARBUCKS House Blend 12u CJA-52-gr.,19050.0,,,,,,,
2026-08-12,sepa,Disco,capsulas-nespresso-starbucks,8445291367272,Capsulas STARBUCKS Espresso Roast 12u CJA-78-gr.,19050.0,,,,,,,
2026-08-12,sepa,Express,cafe-instantaneo,7613035379213,CAFE DESCAFEINADO INSTANTANEO NESCAFE X 100 GRS,17029.0,,,,,,,
2026-08-12,sepa,Express,cafe-instantaneo,7613036312752,CAFE INSTANTANEO EXPRESSO GOLD NESCAFE X 100 GRS,25209.0,,,,,,,
2026-08-12,sepa,Express,capsulas-nespresso-starbucks,7613036961004,CAPSULAS CAFE BLOND ESPRESSO STARBUCKS X 10 UNI,18299.0,,,,,,,
2026-08-12,sepa,Express,suprema-pollo,7790070036063,SUPREMAS DE POLLO GRANJA DEL SOL BOLSA X 360 GRS,10985.0,,,,,,,
2026-08-12,sepa,Express,vinagre-alcohol,7790130000034,VINAGRE DE ALCOHOL MENOYO PET X 500 CC,1599.0,,,,,,,
2026-08-12,sepa,Express,vinagre-alcohol,7790130000058,VINAGRE DE ALCOHOL MENOYO PET X 1 LT,2025.0,,,,,,,
2026-08-12,sepa,Express,lavandina,7790132098459,LAVANDINA ORIGINAL AYUDIN X 1 LT,1319.0,,,,,,,
2026-08-12,sepa,Express,cafe-instantaneo,7790170904798,CAFE INSTANTANEO LA MORENITA FRASCO X 100 GRS,6540.0,,,,,,,
2026-08-12,sepa,Express,queso-crema-light,7790244941605,QUESO CREMA LIGTH SAN IGNACIO POTE X 290 GR,3879.0,,,,,,,
2026-08-12,sepa,Express,papel-higienico-doble-hoja,7790250015536,PAPEL HIGIENICO D HOJA PLUS HIGIENOL 4 X 30 MTS,3729.0,,,,,,,
2026-08-12,sepa,Express,papel-higienico-doble-hoja,7790250026075,PAPEL HIGIENICO D H ULTRA SUAVE ELITE 4 X 30 MTS,5785.0,,,,,,,
2026-08-12,sepa,Express,rollo-cocina,7790250056881,ROLLO DE COCINA CLASICO SUSSEX 3 X 50 PAN,2929.0,,,,,,,
2026-08-12,sepa,Express,rollo-cocina,7790250057086,ROLLO COCINA CLASICO MEGA SUSSEX X 200 PANOS,3450.0,,,,,,,
2026-08-12,sepa,Express,yerba-mananita,7790387015317,YERBA MATE BAJO POLVO MANANITA 4FLEX X 1 KG,4929.0,,,,,,,
2026-08-12,sepa,Express,yerba-mananita,7790387015324,YERBA MATE BAJO POLVO MANANITA 4FLEX X 500 GRS,2570.0,,,,,,,
2026-08-12,sepa,Express,atun-lomitos-natural,7790580131364,ATUN AL NATURAL LOMITOS LA CAMPAGNOLA X 170 GRS,6469.0,,,,,,,
2026-08-12,sepa,Express,ricotta,7790742114204,RICOTTA SEMIGRASA BAJO SODIO GARCIA X 500 GRS,4899.0,,,,,,,
2026-08-12,sepa,Express,leche-protein,7790742358608,LECHE UAT DESC S LACT PROTEIN LA SERENISIMA BOTX1L,3089.0,,,,,,,
2026-08-12,sepa,Express,queso-crema-light,7790742373304,QUESO FUNDIDO FINLANDIA LIGHT POTE 290 GRS,5640.0,,,,,,,
2026-08-12,sepa,Express,gaseosa-cola-zero,7790895067532,GASEOSA COLA ZERO COCA COLA PET X 500 CC,2350.0,,,,,,,
2026-08-12,sepa,Express,gaseosa-cola-zero,7790895067556,GASEOSA COLA SIN AZUCAR COCA COLA PET X 1.5LT,4300.0,,,,,,,
2026-08-12,sepa,Express,gaseosa-cola-zero,7790895067570,GASEOSA COLA ZERO COCA COLA PET X 2.25 LT,5600.0,,,,,,,
2026-08-12,sepa,Express,gaseosa-cola-zero,7790895067587,GASEOSA COLA SIN AZUCAR COCA COLA LATA X 354 CC,2500.0,,,,,,,
2026-08-12,sepa,Express,detergente,7790990003022,DETERGENTE ULTRA LIMON MAGISTRAL BOT X 300 CC,2669.0,,,,,,,
2026-08-12,sepa,Express,detergente,7790990003039,DETERGENTE ULTRA LIMON MAGISTRAL BOT X 500 CC,4315.0,,,,,,,
2026-08-12,sepa,Express,detergente,7790990003046,DETERGENTE ULTRA LIMON MAGISTRAL BOT X 750 CC,7779.0,,,,,,,
2026-08-12,sepa,Express,detergente,7790990003787,DETERGENTE ULTRA LIMON MAGISTRAL DP X 450 CC,4445.0,,,,,,,
2026-08-12,sepa,Express,lavandina,7791290793804,LIMPIADOR EN GEL C LAVANDINA CIF X 513G,3760.0,,,,,,,
2026-08-12,sepa,Express,detergente,7791290794054,DETERGENTE BIOACTIVE LIMON CIF X 300 CC,2710.0,,,,,,,
2026-08-12,sepa,Express,detergente,7791290794061,DETERGENTE BIOACTIVE LIMON CIF X 500 CC,4005.0,,,,,,,
2026-08-12,sepa,Express,detergente,7791290794085,DETERGENTE BIOACTIVE LIMON CIF REPUESTO X 450 CC,3965.0,,,,,,,
2026-08-12,sepa,Express,detergente,7791290794115,DETERGENTE BIOACTIVE LIMA CIF X 500 CC,4005.0,,,,,,,
2026-08-12,sepa,Express,detergente,7791290796706,DETERGENTE ACTIVE GEL ORIG CIF BOT X 500 CC,5615.0,,,,,,,
2026-08-12,sepa,Express,detergente,7791290796720,DETERGENTE ACTIVE GEL ORIG CIF DP X 400 CC,4409.0,,,,,,,
2026-08-12,sepa,Express,yogur-natural-sin-azucar,7791337007208,YOGUR NATURAL S LACTOSA SER POTE X 300 GR,5059.0,,,,,,,
2026-08-12,sepa,Express,queso-crema-light,7791337009851,QUESO CREMA LIGHT LA SERENISIMA POTE X 460 GRS,6229.0,,,,,,,
2026-08-12,sepa,Express,rollo-cocina,7791720002605,ROLLO DE COCINA CARREFOUR ESSENTIAL 3 X 40 PANOS,2350.0,,,,,,,
2026-08-12,sepa,Express,rollo-cocina,7791720025543,ROLLO DE COCINA MAXI BLANCO CARREFOUR X 200 PANOS,2850.0,,,,,,,
2026-08-12,sepa,Express,queso-crema-light,7791720028506,QUESO CREMA LIGHT CARREFOUR CLASSIC X 290 GRS,3190.0,,,,,,,
2026-08-12,sepa,Express,yogur-natural-sin-azucar,7791720048122,YOGUR NATURAL CARREFOUR EXTRA FRASCO X 200 GR,2750.0,,,,,,,
2026-08-12,sepa,Express,yogur-natural-sin-azucar,7791720048139,YOGUR NATURAL CARREFOUR CLASSIC POTE 300 X GR,3090.0,,,,,,,
2026-08-12,sepa,Express,gaseosa-cola-zero,7791813828365,GASEOSA COLA BLACK PEPSI N PET X 500 CC.,2159.0,,,,,,,
2026-08-12,sepa,Express,gaseosa-cola-zero,7791813828419,GASEOSA COLA BLACK PEPSI NF PET X 1.5 LT,4120.0,,,,,,,
2026-08-12,sepa,Express,gaseosa-cola-zero,7791813828464,GASEOSA COLA BLACK PEPSI N PET X 2 LT,4689.0,,,,,,,
2026-08-12,sepa,Express,lavandina,7791905000020,LAVANDINA CONCENTRADA QUERUBIN X 1 LT,1670.0,,,,,,,
2026-08-12,sepa,Express,lavandina,7791905023203,LAVANDINA ORIGINAL ODEX X 1 LT,1335.0,,,,,,,
2026-08-12,sepa,Express,lavandina,7791905023210,LAVANDINA ORIGINAL ODEX X 2 LT,2535.0,,,,,,,
2026-08-12,sepa,Express,lavandina,7793253003715,LAVANDINA MULTISUP LAVANDA TRIPLE PODER AYUDIN X1L,1989.0,,,,,,,
2026-08-12,sepa,Express,lavandina,7793253003722,LAVANDINA MULTISUP LAVANDA TRIPLE PODER AYUDIN X2L,3750.0,,,,,,,
2026-08-12,sepa,Express,lavandina,7793253003746,LAVANDINA MULTI PU GLACIAR TRIPLE PODER AYUDIN X1L,1989.0,,,,,,,
2026-08-12,sepa,Express,lavandina,7793253003777,LAVANDINA ANTISPLASH TRADICIONAL AYUDIN X 1 LT,2309.0,,,,,,,
2026-08-12,sepa,Express,lavandina,7793253003791,LAVANDINA EN GEL ORIGINAL AYUDIN BOTELLA X 700 CC,3699.0,,,,,,,
2026-08-12,sepa,Express,lavandina,7793253003807,LAVANDINA EN GEL CITRUS AYUDIN BOTELLA X 700 CC,3699.0,,,,,,,
2026-08-12,sepa,Express,lavandina,7793253003838,LAVANDINA EN GEL LAVANDA AYUDIN X 700 CC,3699.0,,,,,,,
2026-08-12,sepa,Express,lavandina,7793253006709,LAVANDINA ORIGINAL DESINFECTANTE AYUDIN X 2 LT,3039.0,,,,,,,
2026-08-12,sepa,Express,papel-higienico-doble-hoja,7793344000517,PAPEL HIGIENICO D HOJA ELEGANTE 4 X 30 MT,3965.0,,,,,,,
2026-08-12,sepa,Express,rollo-cocina,7793344009206,ROLLO DE COCINA GIGANTE ELEGANTE X 200 PANOS,3189.0,,,,,,,
2026-08-12,sepa,Express,queso-crema-light,7794820903094,QUESO UNTABLE LIGHT CREMATTO POTE MILKAUT X 285GRS,5225.0,,,,,,,
2026-08-12,sepa,Express,vinagre-alcohol,7798033332641,VINAGRE DE ALCOHOL CARREFOUR PET X 1 LT,1450.0,,,,,,,
2026-08-12,sepa,Express,atun-lomitos-natural,7798033333907,ATUN AL NATURAL LOMITOS CARREFOUR LATA X 170 GRS.,3490.0,,,,,,,
2026-08-12,sepa,Express,atun-lomitos-natural,7798108349161,ATUN AL NATURAL LOMITOS CARREFOUR LATA X 354 GRS,6450.0,,,,,,,
2026-08-12,sepa,Express,yogur-natural-sin-azucar,7798136870545,YOGUR FIRME NATURAL DAHI FRASCO X 190 GRS,2799.0,,,,,,,
2026-08-12,sepa,Express,yogur-natural-sin-azucar,7798136870859,YOGUR NATURAL ESTILO GRIEGO DAHI FRASCO X 190 GRM,3389.0,,,,,,,
2026-08-12,sepa,Express,atun-lomitos-natural,7798152222151,ATUN AL NATURAL LOMITOS CARREFOUR 3 X 80 GRS,6150.0,,,,,,,
2026-08-12,sepa,Express,papel-higienico-doble-hoja,7798159717520,PAPEL HIGIENICO D HOJA DECO CARREFOUR 4 X 50 MTS,6090.0,,,,,,,
2026-08-12,sepa,Express,papel-higienico-doble-hoja,7798159718961,PAPEL HIGIENICO D HOJA CARREFOUR 4 X 30 MTS,3450.0,,,,,,,
2026-08-12,sepa,Express,ricotta,7798179070018,RICOTA G SILVIA X 500 GRS,3479.0,,,,,,,
2026-08-12,sepa,Express,cafe-instantaneo,8445291311510,CAFE INSTANTANEO TRADICION NESCAFE X 100 GRS,9219.0,,,,,,,
2026-08-12,sepa,Express,cafe-instantaneo,8445291311558,CAFE INSTANTANEO SUAVE DOLCA DP X 100 GRS,6149.0,,,,,,,
2026-08-12,sepa,Express,capsulas-nespresso-starbucks,8445291363656,CAPSULAS CAFE HOUSE BLEND STARBUCKS X 10 UNI,17105.0,,,,,,,
2026-08-12,sepa,Express,cafe-instantaneo,8445291738775,CAFE INSTANTANEO GOLD NESCAFE FRASCO X 95 GRS,21350.0,,,,,,,
2026-08-12,sepa,Hipermercado Carrefour,desodorante-barra-hombre,33200197447,ANTITRANS ULTRAMAX SPORT ARM HAMMER STICK X73GRS,12086.15,14219.0,,,,,Promo A valida desde el 06/08/2026 hasta 12/08/2026,
2026-08-12,sepa,Hipermercado Carrefour,desodorante-barra-hombre,7500435213882,ANTITRANSP BARRA COCONUT SECRET X 45 GRM,12800.0,,,,,,,
2026-08-12,sepa,Hipermercado Carrefour,desodorante-barra-hombre,7501001163983,ANTITRANSPIRANTE BARRA FRESH OLD SPICE X 50 GRS,9949.0,,,,,,,
2026-08-12,sepa,Hipermercado Carrefour,desodorante-barra-hombre,75083694,DESODORANTE STICK BLUE LAVENDER AXE X 58 GRM,8709.0,,,,,,,
2026-08-12,sepa,Hipermercado Carrefour,desodorante-barra-hombre,75083700,DESODORANTE STICK AQUA CITRUS AXE X 58 GRM,8709.0,,,,,,,
2026-08-12,sepa,Hipermercado Carrefour,cafe-instantaneo,7613035379213,CAFE DESCAFEINADO INSTANTANEO NESCAFE X 100 GRS,16535.0,,,,,,,
2026-08-12,sepa,Hipermercado Carrefour,cafe-instantaneo,7613036312752,CAFE INSTANTANEO EXPRESSO GOLD NESCAFE X 100 GRS,24475.0,,,,,,,
2026-08-12,sepa,Hipermercado Carrefour,capsulas-nespresso-starbucks,7613036961004,CAPSULAS CAFE BLOND ESPRESSO STARBUCKS X 10 UNI,17765.0,,,,,,,
2026-08-12,sepa,Hipermercado Carrefour,capsulas-nespresso-starbucks,7613036961448,CAPSULA CAFE NESPRESSO STARBUCKS COLOMBIA X 57 GRS,19200.0,,,,,,,
2026-08-12,sepa,Hipermercado Carrefour,suprema-pollo,7790070036063,SUPREMAS DE POLLO GRANJA DEL SOL BOLSA X 360 GRS,10665.0,,,,,,,
2026-08-12,sepa,Hipermercado Carrefour,vinagre-alcohol,7790130000034,VINAGRE DE ALCOHOL MENOYO PET X 500 CC,1379.0,,,,,,,
2026-08-12,sepa,Hipermercado Carrefour,vinagre-alcohol,7790130000058,VINAGRE DE ALCOHOL MENOYO PET X 1 LT,1750.0,,,,,,,
2026-08-12,sepa,Hipermercado Carrefour,vinagre-alcohol,7790130000102,VINAGRE DE ALCOHOL MENOYO BIDON X 5 LT,9830.0,,,,,,,
2026-08-12,sepa,Hipermercado Carrefour,vinagre-alcohol,7790130000263,VINAGRE DE ALCOHOL ALCAZAR PET 500 CC,1119.0,,,,,,,
2026-08-12,sepa,Hipermercado Carrefour,vinagre-alcohol,7790130000294,VINAGRE DE ALCOHOL ALCAZAR PET X 1 LT,1319.0,,,,,,,
2026-08-12,sepa,Hipermercado Carrefour,vinagre-alcohol,7790130000645,VINAGRE DE ALCOHOL MENOYO PET X 250 CC,1145.0,,,,,,,
2026-08-12,sepa,Hipermercado Carrefour,lavandina,7790132098459,LAVANDINA ORIGINAL AYUDIN X 1 LT,1279.0,,,,,,,
2026-08-12,sepa,Hipermercado Carrefour,vinagre-alcohol,7790139003166,VINAGRE DE ALCOHOL CLASICO CASALTA PET X500 CC,1205.0,,,,,,,
2026-08-12,sepa,Hipermercado Carrefour,vinagre-alcohol,7790139101138,VINAGRE DE ALCOHOL FAVINCO PET X 1 LT,1589.0,,,,,,,
2026-08-12,sepa,Hipermercado Carrefour,cafe-instantaneo,7790150100462,INSTANTANEO CLASICO ESP INST LA VIRGINIA DP 170GR,8039.0,,,,,,,
2026-08-12,sepa,Hipermercado Carrefour,cafe-instantaneo,7790150100486,CAFE INSTANTANEO ESP INST CLAS LA VIRGINIA X 170GR,8089.0,,,,,,,
2026-08-12,sepa,Hipermercado Carrefour,cafe-instantaneo,7790150100783,CAFE INSTANTANEO ESP INST CLAS LA VIRGINIA X 100GR,5859.0,,,,,,,
2026-08-12,sepa,Hipermercado Carrefour,cafe-instantaneo,7790150100806,CAFE INSTANTANEO CLASICO LA VIRGINA DP X 100 GRS,5150.0,,,,,,,
2026-08-12,sepa,Hipermercado Carrefour,cafe-instantaneo,7790150101476,CAFE INSTANTANEO SUAVE LA VIRGINA DOYPACK X 170GRS,8050.0,,,,,,,
2026-08-12,sepa,Hipermercado Carrefour,cafe-instantaneo,7790150101490,CAFE INSTANTANEO SUAVE LA VIRGINIA FRASCO X 170 GR,9215.0,,,,,,,
2026-08-12,sepa,Hipermercado Carrefour,cafe-instantaneo,7790150101773,CAFE INSTANTANEO SUAVE LA VIRGINIA FRASCO X 100GRS,5859.0,,,,,,,
2026-08-12,sepa,Hipermercado Carrefour,cafe-instantaneo,7790150101780,CAFE INSTANTANEO SUAVE LA VIRGINA DP X 100 GRS,5139.0,,,,,,,
2026-08-12,sepa,Hipermercado Carrefour,cafe-instantaneo,7790150150573,CAFE INSTANTANEO TOSTADO LA VIRGINIA FRASCO 100GR,8259.0,,,,,,,
2026-08-12,sepa,Hipermercado Carrefour,cafe-instantaneo,7790170904798,CAFE INSTANTANEO LA MORENITA FRASCO X 100 GRS,6350.0,,,,,,,
2026-08-12,sepa,Hipermercado Carrefour,queso-crema-light,7790244941605,QUESO CREMA LIGTH SAN IGNACIO POTE X 290 GR,3203.65,3769.0,,,,,Promo A valida desde el 06/08/2026 hasta 12/08/2026,
2026-08-12,sepa,Hipermercado Carrefour,queso-crema-light,7790244941612,QUESO CREMA LIGHT SAN IGNACIO POTE X480 GRS,4818.65,5669.0,,,,,Promo A valida desde el 06/08/2026 hasta 12/08/2026,
2026-08-12,sepa,Hipermercado Carrefour,papel-higienico-doble-hoja,7790250015536,PAPEL HIGIENICO D HOJA PLUS HIGIENOL 4 X 30 MTS,3435.0,,,,,,,
2026-08-12,sepa,Hipermercado Carrefour,papel-higienico-doble-hoja,7790250015567,PAPEL HIGIENICO DOBLE HOJA PLUS HIGIENOL 4 X 20 MT,3149.0,,,,,,,
2026-08-12,sepa,Hipermercado Carrefour,papel-higienico-doble-hoja,7790250019411,PAPEL HIGIENICO DH PLUS HIGIENOL 30M X 18,15510.0,,,,,,,
2026-08-12,sepa,Hipermercado Carrefour,papel-higienico-doble-hoja,7790250026075,PAPEL HIGIENICO D H ULTRA SUAVE ELITE 4 X 30 MTS,4399.0,,,,,,,
2026-08-12,sepa,Hipermercado Carrefour,papel-higienico-doble-hoja,7790250026082,PAPEL HIGIENICO ULTRA SOFT D HOJA ELITE 4 X 50 MTS,10349.0,,,,,,,
2026-08-12,sepa,Hipermercado Carrefour,rollo-cocina,7790250056881,ROLLO DE COCINA CLASICO SUSSEX 3 X 50 PAN,2929.0,,,,,,,
2026-08-12,sepa,Hipermercado Carrefour,rollo-cocina,7790250056898,ROLLO DE COCINA ULTRA SUSSEX 60P X 3 UNI,4980.0,,,,,,,
2026-08-12,sepa,Hipermercado Carrefour,rollo-cocina,7790250056980,ROLLO DE COCINA MAXI SUSSEX 3 X 100 PAN,7489.0,,,,,,,
2026-08-12,sepa,Hipermercado Carrefour,rollo-cocina,7790250057086,ROLLO COCINA CLASICO MEGA SUSSEX X 200 PANOS,3350.0,,,,,,,
2026-08-12,sepa,Hipermercado Carrefour,papel-higienico-doble-hoja,7790250092452,PAPEL HIGIENICO DOBLE HOJA NOBLE 4 X 30 M,3669.0,,,,,,,
2026-08-12,sepa,Hipermercado Carrefour,papel-higienico-doble-hoja,7790250913368,PAPEL HIGIENICO DH CON YAPA HIGIENOL 50M X 4 UNI,9529.0,,,,,,,
2026-08-12,sepa,Hipermercado Carrefour,yerba-mananita,7790387015317,YERBA MATE BAJO POLVO MANANITA 4FLEX X 1 KG,4749.0,,,,,,,
2026-08-12,sepa,Hipermercado Carrefour,yerba-mananita,7790387015324,YERBA MATE BAJO POLVO MANANITA 4FLEX X 500 GRS,2379.0,,,,,,,
2026-08-12,sepa,Hipermercado Carrefour,cafe-instantaneo,7790550029431,CAFE INSTANTANEO CLASICO LA PLANTA FRASCO X 170 GR,13709.0,,,,,,,
2026-08-12,sepa,Hipermercado Carrefour,atun-lomitos-natural,7790580131364,ATUN AL NATURAL LOMITOS LA CAMPAGNOLA X 170 GRS,5745.0,,,,,,,
2026-08-12,sepa,Hipermercado Carrefour,vinagre-alcohol,7790673000188,VINAGRE DE ALCOHOL FAVINCO BIDON X 5 LT,8129.0,,,,,,,
2026-08-12,sepa,Hipermercado Carrefour,ricotta,7790742102805,RICOTTA ENTERA B SODIO GARCIA SACHET X 500 GRS,4699.0,,,,,,,
2026-08-12,sepa,Hipermercado Carrefour,ricotta,7790742114204,RICOTTA SEMIGRASA BAJO SODIO GARCIA X 500 GRS,4755.0,,,,,,,
2026-08-12,sepa,Hipermercado Carrefour,leche-protein,7790742358608,LECHE UAT DESC S LACT PROTEIN LA SERENISIMA BOTX1L,2999.0,,,,,,,
2026-08-12,sepa,Hipermercado Carrefour,queso-crema-light,7790742373304,QUESO FUNDIDO FINLANDIA LIGHT POTE 290 GRS,5479.0,,,,,,,
2026-08-12,sepa,Hipermercado Carrefour,yogur-natural-sin-azucar,7790787960934,YOGUR CREMOSO SAB NATURAL ILOLAY POTE X 350 G,3144.15,3699.0,,,,,Promo A valida desde el 06/08/2026 hasta 12/08/2026,
2026-08-12,sepa,Hipermercado Carrefour,gaseosa-cola-zero,7790895067532,GASEOSA COLA ZERO COCA COLA PET X 500 CC,2500.0,,,,,,,
2026-08-12,sepa,Hipermercado Carrefour,gaseosa-cola-zero,7790895067556,GASEOSA COLA SIN AZUCAR COCA COLA PET X 1.5LT,4300.0,,,,,,,
2026-08-12,sepa,Hipermercado Carrefour,gaseosa-cola-zero,7790895067570,GASEOSA COLA ZERO COCA COLA PET X 2.25 LT,5600.0,,,,,,,
2026-08-12,sepa,Hipermercado Carrefour,gaseosa-cola-zero,7790895067587,GASEOSA COLA SIN AZUCAR COCA COLA LATA X 354 CC,2500.0,,,,,,,
2026-08-12,sepa,Hipermercado Carrefour,gaseosa-cola-zero,7790895640438,GASEOSA COLA SIN AZUCAR COCA COLA PET X 3 LT,6750.0,,,,,,,
2026-08-12,sepa,Hipermercado Carrefour,detergente,7790990003022,DETERGENTE ULTRA LIMON MAGISTRAL BOT X 300 CC,2459.0,,,,,,,
2026-08-12,sepa,Hipermercado Carrefour,detergente,7790990003039,DETERGENTE ULTRA LIMON MAGISTRAL BOT X 500 CC,4389.0,,,,,,,
2026-08-12,sepa,Hipermercado Carrefour,detergente,7790990003046,DETERGENTE ULTRA LIMON MAGISTRAL BOT X 750 CC,6035.0,,,,,,,
2026-08-12,sepa,Hipermercado Carrefour,detergente,7790990003053,DETERGENTE ULTRA LIMON MAGISTRAL BOT 1400ML,13990.0,,,,,,,
2026-08-12,sepa,Hipermercado Carrefour,detergente,7790990003121,DETERGENTE ULTRA MARINA MAGISTRAL BOT X 300 CC,2459.0,,,,,,,
2026-08-12,sepa,Hipermercado Carrefour,detergente,7790990003138,DETERGENTE ULTRA MARINA MAGISTRAL BOT X 500 CC,4559.0,,,,,,,
2026-08-12,sepa,Hipermercado Carrefour,detergente,7790990003145,DETERGENTE ULTRA MARINA MAGISTRAL BOT X 750 CC,6035.0,,,,,,,
2026-08-12,sepa,Hipermercado Carrefour,detergente,7790990003381,DETERGENTE LIMON MAGISTRAL PLATINUM X 500 CC,6159.0,,,,,,,
2026-08-12,sepa,Hipermercado Carrefour,detergente,7790990003404,DETERGENTE CREMOSO ULTRA LIMON BOT X 300 CC,3450.0,,,,,,,
2026-08-12,sepa,Hipermercado Carrefour,detergente,7790990003411,DETERGENTE CREM ULTRA LIMON MAGISTRAL BOT X 500CC,4559.0,,,,,,,
2026-08-12,sepa,Hipermercado Carrefour,detergente,7790990003787,DETERGENTE ULTRA LIMON MAGISTRAL DP X 450 CC,4039.0,,,,,,,
2026-08-12,sepa,Hipermercado Carrefour,rollo-cocina,7791070005806,ROLLO DE COCINA CELESTIAL 3 X 50 PANOS,3189.0,,,,,,,
2026-08-12,sepa,Hipermercado Carrefour,lavandina,7791290793781,LIMPIADOR CREMOSO C LAVANDINA CIF X 750G,4665.0,,,,,,,
2026-08-12,sepa,Hipermercado Carrefour,lavandina,7791290793804,LIMPIADOR EN GEL C LAVANDINA CIF X 513G,3669.0,,,,,,,
2026-08-12,sepa,Hipermercado Carrefour,detergente,7791290794054,DETERGENTE BIOACTIVE LIMON CIF X 300 CC,2329.0,,,,,,,
2026-08-12,sepa,Hipermercado Carrefour,detergente,7791290794061,DETERGENTE BIOACTIVE LIMON CIF X 500 CC,3729.0,,,,,,,
2026-08-12,sepa,Hipermercado Carrefour,detergente,7791290794078,DETERGENTE BIOACTIVE LIMON CIF X 750 CC,6590.0,,,,,,,
2026-08-12,sepa,Hipermercado Carrefour,detergente,7791290794085,DETERGENTE BIOACTIVE LIMON CIF REPUESTO X 450 CC,2855.0,,,,,,,
2026-08-12,sepa,Hipermercado Carrefour,detergente,7791290794092,DETERGENTE BIOACTIVE LIMA CIF RESPUESTO X 450 CC,2855.0,,,,,,,
2026-08-12,sepa,Hipermercado Carrefour,detergente,7791290794108,DETERGENTE BIOACTIVE LIMA CIF X 300 CC,2329.0,,,,,,,
2026-08-12,sepa,Hipermercado Carrefour,detergente,7791290794115,DETERGENTE BIOACTIVE LIMA CIF X 500 CC,3729.0,,,,,,,
2026-08-12,sepa,Hipermercado Carrefour,lavandina,7791290794955,LAVANDINA EN GEL ORIGINAL VIM X 700 CC,3500.0,,,,,,,
2026-08-12,sepa,Hipermercado Carrefour,detergente,7791290796706,DETERGENTE ACTIVE GEL ORIG CIF BOT X 500 CC,4850.0,,,,,,,
2026-08-12,sepa,Hipermercado Carrefour,detergente,7791290796720,DETERGENTE ACTIVE GEL ORIG CIF DP X 400 CC,4289.0,,,,,,,
2026-08-12,sepa,Hipermercado Carrefour,detergente,7791290796737,DETERGENTE ACTIVE GEL LIMON CIF BOT X 500 CC,4850.0,,,,,,,
2026-08-12,sepa,Hipermercado Carrefour,detergente,7791290796744,DETERGENTE ACTIVE GEL LIMON CIF BOT X 750 CC,8229.0,,,,,,,
2026-08-12,sepa,Hipermercado Carrefour,detergente,7791290796751,DETERGENTE ACTIVE GEL LIMON CIF DP X 400 CC,4289.0,,,,,,,
2026-08-12,sepa,Hipermercado Carrefour,yogur-natural-sin-azucar,7791337007208,YOGUR NATURAL S LACTOSA SER POTE X 300 GR,4915.0,,,,,,,
2026-08-12,sepa,Hipermercado Carrefour,queso-crema-light,7791337009851,QUESO CREMA LIGHT LA SERENISIMA POTE X 460 GRS,6045.0,,,,,,,
2026-08-12,sepa,Hipermercado Carrefour,yogur-natural-sin-azucar,7791337010932,YOGUR GRIEGO FIR NATURAL YOGURISIMO POTE X 180 GR,2950.0,,,,,,,
2026-08-12,sepa,Hipermercado Carrefour,rollo-cocina,7791720002605,ROLLO DE COCINA CARREFOUR ESSENTIAL 3 X 40 PANOS,2350.0,,,,,,,
2026-08-12,sepa,Hipermercado Carrefour,rollo-cocina,7791720025543,ROLLO DE COCINA MAXI BLANCO CARREFOUR X 200 PANOS,2850.0,,,,,,,
2026-08-12,sepa,Hipermercado Carrefour,queso-crema-light,7791720028506,QUESO CREMA LIGHT CARREFOUR CLASSIC X 290 GRS,3190.0,,,,,,,
2026-08-12,sepa,Hipermercado Carrefour,papel-higienico-doble-hoja,7791720032930,PAPEL HIGIENICO DH CARREFOUR ESSENTIAL 4X30 MTS,3450.0,,,,,,,
2026-08-12,sepa,Hipermercado Carrefour,cafe-instantaneo,7791720035481,CAFE INSTANTANEO SUAVE CRF CLASSIC FRASCO X 170 GR,10650.0,,,,,,,
2026-08-12,sepa,Hipermercado Carrefour,vinagre-alcohol,7791720035955,VINAGRE DE ALCOHOL BULNEZ 1 LT,1190.0,,,,,,,
2026-08-12,sepa,Hipermercado Carrefour,vinagre-alcohol,7791720035962,VINAGRE DE ALCOHOL BULNEZ BIDON 5000 CC,5790.0,,,,,,,
2026-08-12,sepa,Hipermercado Carrefour,rollo-cocina,7791720045541,ROLLOS DE COCINA CARREFOUR ESSENTIAL 3 X 100 PANOS,4650.0,,,,,,,
2026-08-12,sepa,Hipermercado Carrefour,papel-higienico-doble-hoja,7791720045558,PAPEL HIG DOBLE HOJA CARREFOUR ESSENTIAL 4 X50MTS,5550.0,,,,,,,
2026-08-12,sepa,Hipermercado Carrefour,ricotta,7791720046951,RICOTTA ENTERA BULNEZ X 500 GRM,2966.5,3490.0,,,,,Promo A valida desde el 06/08/2026 hasta 12/08/2026,
2026-08-12,sepa,Hipermercado Carrefour,rollo-cocina,7791720047446,ROLLO DE COCINA DOBLE HOJA BULNEZ X 200 PANOS,2350.0,,,,,,,
2026-08-12,sepa,Hipermercado Carrefour,yogur-natural-sin-azucar,7791720048122,YOGUR NATURAL CARREFOUR EXTRA FRASCO X 200 GR,2337.5,2750.0,,,,,Promo A valida desde el 06/08/2026 hasta 12/08/2026,
2026-08-12,sepa,Hipermercado Carrefour,yogur-natural-sin-azucar,7791720048139,YOGUR NATURAL CARREFOUR CLASSIC POTE 300 X GR,2626.5,3090.0,,,,,Promo A valida desde el 06/08/2026 hasta 12/08/2026,
2026-08-12,sepa,Hipermercado Carrefour,gaseosa-cola-zero,7791813828365,GASEOSA COLA BLACK PEPSI N PET X 500 CC.,2200.0,,,,,,,
2026-08-12,sepa,Hipermercado Carrefour,gaseosa-cola-zero,7791813828419,GASEOSA COLA BLACK PEPSI NF PET X 1.5 LT,3950.0,,,,,,,
2026-08-12,sepa,Hipermercado Carrefour,gaseosa-cola-zero,7791813828464,GASEOSA COLA BLACK PEPSI N PET X 2 LT,4400.0,,,,,,,
2026-08-12,sepa,Hipermercado Carrefour,rollo-cocina,7791828000121,ROLLO COCINA PARA CADA DIA FELPITA 3 X 40 PANOS,2499.0,,,,,,,
2026-08-12,sepa,Hipermercado Carrefour,rollo-cocina,7791828900025,ROLLO DE COCINA DISNEY FELPITA 3 X 40 PANOS,3265.0,,,,,,,
2026-08-12,sepa,Hipermercado Carrefour,papel-higienico-doble-hoja,7791828900049,PAPEL HIGIENICO INFINITY FELPITA 4X30 MTS,4409.0,,,,,,,
2026-08-12,sepa,Hipermercado Carrefour,rollo-cocina,7791828900056,ROLLO DE COCINA BLANCO INFINITY FELPITA 3X100 MTS,5109.0,,,,,,,
2026-08-12,sepa,Hipermercado Carrefour,papel-higienico-doble-hoja,7791828900186,PAPEL HIGIENICO DH FELPITA PREMIUM 4X20 MTS,2940.0,,,,,,,
2026-08-12,sepa,Hipermercado Carrefour,papel-higienico-doble-hoja,7791828900278,PAPEL HIGIENICO D HOJA SUPER SUAVE FELPITA 6X30MTS,6405.0,,,,,,,
2026-08-12,sepa,Hipermercado Carrefour,papel-higienico-doble-hoja,7791828900285,PAPEL HIGIENICO DH INFINITY FELPITA 4 X 50 M,6860.0,,,,,,,
2026-08-12,sepa,Hipermercado Carrefour,rollo-cocina,7791828900377,ROLLO DE COCINA MAXIROLLO FELPITA X 200 PANOS,3069.0,,,,,,,
2026-08-12,sepa,Hipermercado Carrefour,papel-higienico-doble-hoja,7791828900520,PAPEL HIGIENICO DH FELPITA 12 X 30 MTS,14009.0,,,,,,,
2026-08-12,sepa,Hipermercado Carrefour,rollo-cocina,7791828900537,ROLLO DE COCINA PANO BLANCO FELPITA 3 X 60 UNI,2649.0,,,,,,,
2026-08-12,sepa,Hipermercado Carrefour,rollo-cocina,7791828900599,ROLLO DE COCINA MAXIROLLO FELPITA X 150 PANOS,3069.0,,,,,,,
2026-08-12,sepa,Hipermercado Carrefour,rollo-cocina,7791828900605,ROLLO DE COCINA FAMILIAR MAXIROLLO FELPITA 4 X 200,11039.0,,,,,,,
2026-08-12,sepa,Hipermercado Carrefour,lavandina,7791905000020,LAVANDINA CONCENTRADA QUERUBIN X 1 LT,1206.75,1609.0,,,,,Promo A valida desde el 06/08/2026 hasta 12/08/2026,
2026-08-12,sepa,Hipermercado Carrefour,lavandina,7791905000037,LAVANDINA CONCENTRADA QUERUBIN X 2 LT,3129.0,,,,,,,
2026-08-12,sepa,Hipermercado Carrefour,lavandina,7791905000372,LAVANDINA CONCENTRADA QUERUBIN X 4 LT,6029.0,,,,,,,
2026-08-12,sepa,Hipermercado Carrefour,lavandina,7791905003663,LAVANDINA ROPA BLANCA ADITIVADA QUERUBIN BOT X 1 L,2020.0,,,,,,,
2026-08-12,sepa,Hipermercado Carrefour,lavandina,7791905023203,LAVANDINA ORIGINAL ODEX X 1 LT,1295.0,,,,,,,
2026-08-12,sepa,Hipermercado Carrefour,lavandina,7791905023210,LAVANDINA ORIGINAL ODEX X 2 LT,2460.0,,,,,,,
2026-08-12,sepa,Hipermercado Carrefour,lavandina,7791905023227,LAVANDINA ORIGINAL ODEX X 4 LT,4809.0,,,,,,,
2026-08-12,sepa,Hipermercado Carrefour,lavandina,7791905024057,LAVANDINA ADITIVADA LAVANDA ODEX X 1 LT,1520.0,,,,,,,
2026-08-12,sepa,Hipermercado Carrefour,lavandina,7791905024064,LAVANDINA ADITIVADA LAVANDA ODEX X 2 LT,2810.0,,,,,,,
2026-08-12,sepa,Hipermercado Carrefour,lavandina,7791905024071,LAVANDINA ADITIVADA LAVANDA ODEX X 4 LT,4990.0,,,,,,,
2026-08-12,sepa,Hipermercado Carrefour,lavandina,7791905024095,LAVANDINA ADITIVADA BOSQUE ODEX X 2 LT,2810.0,,,,,,,
2026-08-12,sepa,Hipermercado Carrefour,lavandina,7791905024101,LAVANDINA ADITIVADA BOSQUE ODEX X 4 LT,4990.0,,,,,,,
2026-08-12,sepa,Hipermercado Carrefour,lavandina,7791905024248,LAVANDINA ADITIVADA EN GEL ORIGINAL ODEX X 700 CC,3000.0,,,,,,,
2026-08-12,sepa,Hipermercado Carrefour,lavandina,7793253003715,LAVANDINA MULTISUP LAVANDA TRIPLE PODER AYUDIN X1L,1909.0,,,,,,,
2026-08-12,sepa,Hipermercado Carrefour,lavandina,7793253003722,LAVANDINA MULTISUP LAVANDA TRIPLE PODER AYUDIN X2L,3465.0,,,,,,,
2026-08-12,sepa,Hipermercado Carrefour,lavandina,7793253003739,LAVANDINA MULTISUP LAVANDA TRIPLE PODER AYUDIN X4L,7179.0,,,,,,,
2026-08-12,sepa,Hipermercado Carrefour,lavandina,7793253003746,LAVANDINA MULTI PU GLACIAR TRIPLE PODER AYUDIN X1L,1909.0,,,,,,,
2026-08-12,sepa,Hipermercado Carrefour,lavandina,7793253003760,LAVANDINA MULTI PU GLACIAR TRIPLE PODER AYUDIN X4L,7179.0,,,,,,,
2026-08-12,sepa,Hipermercado Carrefour,lavandina,7793253003777,LAVANDINA ANTISPLASH TRADICIONAL AYUDIN X 1 LT,2225.0,,,,,,,
2026-08-12,sepa,Hipermercado Carrefour,lavandina,7793253003784,LAVANDINA ANTISPLASH TRADICIONAL AYUDIN X 2 LT,4185.0,,,,,,,
2026-08-12,sepa,Hipermercado Carrefour,lavandina,7793253003791,LAVANDINA EN GEL ORIGINAL AYUDIN BOTELLA X 700 CC,3519.0,,,,,,,
2026-08-12,sepa,Hipermercado Carrefour,lavandina,7793253003807,LAVANDINA EN GEL CITRUS AYUDIN BOTELLA X 700 CC,3519.0,,,,,,,
2026-08-12,sepa,Hipermercado Carrefour,lavandina,7793253003814,LAVANDINA EN GEL FLORAL AYUDIN BOTELLA X 700 CC,3519.0,,,,,,,
2026-08-12,sepa,Hipermercado Carrefour,lavandina,7793253003821,LAVANDINA EN GEL MENTA AYUDIN BOTELLA X 700 CC,3519.0,,,,,,,
2026-08-12,sepa,Hipermercado Carrefour,lavandina,7793253003838,LAVANDINA EN GEL LAVANDA AYUDIN X 700 CC,3519.0,,,,,,,
2026-08-12,sepa,Hipermercado Carrefour,lavandina,7793253003869,LAVANDINA EN GEL ORIGINAL AYUDIN BOTELLA X 1.5 LT,8300.0,,,,,,,
2026-08-12,sepa,Hipermercado Carrefour,lavandina,7793253003876,LAVANDINA EN GEL PUREZA CITRICA AYUDIN X 1.5 LT,8300.0,,,,,,,
2026-08-12,sepa,Hipermercado Carrefour,lavandina,7793253005856,LAVANDINA EN GEL ORIGINAL AYUDIN BOTELLA X 500 CC,2989.0,,,,,,,
2026-08-12,sepa,Hipermercado Carrefour,lavandina,7793253005863,LAVANDINA EN GEL CITRICA AYUDIN X 500 CC,2985.0,,,,,,,
2026-08-12,sepa,Hipermercado Carrefour,lavandina,7793253006709,LAVANDINA ORIGINAL DESINFECTANTE AYUDIN X 2 LT,2609.0,,,,,,,
2026-08-12,sepa,Hipermercado Carrefour,lavandina,7793253006716,LAVANDINA ORIGINAL DESINFECTANTE AYUDIN X 4 LT,5789.0,,,,,,,
2026-08-12,sepa,Hipermercado Carrefour,lavandina,7793253007263,LAVANDINA ANTISPLASH AYUDIN X 4 L,8280.0,,,,,,,
2026-08-12,sepa,Hipermercado Carrefour,papel-higienico-doble-hoja,7793344000517,PAPEL HIGIENICO D HOJA ELEGANTE 4 X 30 MT,3110.0,,,,,,,
2026-08-12,sepa,Hipermercado Carrefour,rollo-cocina,7793344009206,ROLLO DE COCINA GIGANTE ELEGANTE X 200 PANOS,2839.0,,,,,,,
2026-08-12,sepa,Hipermercado Carrefour,rollo-cocina,7793344009305,ROLLOS DE COCINA ELEGANTE GIRAMAS 3 X 100 PAN,5319.0,,,,,,,
2026-08-12,sepa,Hipermercado Carrefour,rollo-cocina,7793344904013,ROLLO DE COCINA ELEGANTE 3 X 50 PANOS,2839.0,,,,,,,
2026-08-12,sepa,Hipermercado Carrefour,rollo-cocina,7793344904853,ROLLO DE COCINA PREMIUM ELEGANTE 3 X 60 PAN,3429.0,,,,,,,
2026-08-12,sepa,Hipermercado Carrefour,yogur-natural-sin-azucar,7793913002423,YOGUR ENTERO NATURAL TREGAR POTE X 140 GRS.,2029.0,,,,,,,
2026-08-12,sepa,Hipermercado Carrefour,queso-crema-light,7793913013214,QUESO CREMA LIGHT TREGAR X 190 GRS,3190.0,,,,,,,
2026-08-12,sepa,Hipermercado Carrefour,queso-crema-light,7793913013641,QUESO NEUFCHATEL LIGHT TREGAR POTE X 180 GRS,3089.0,,,,,,,
2026-08-12,sepa,Hipermercado Carrefour,ricotta,7793913013665,RICOTTA ENTERA BAJO SODIO TREGAR POTE X 290 GRS,3790.0,,,,,,,
2026-08-12,sepa,Hipermercado Carrefour,ricotta,7793913013672,RICOTTA MAGRA BAJO SODIO TREGAR POTE X 290 GRS,3769.0,,,,,,,
2026-08-12,sepa,Hipermercado Carrefour,queso-crema-light,7794820015018,QUESO FUNDIDO LIGHT TRAD MILKAUT POTE X 190 GRS,3379.0,,,,,,,
2026-08-12,sepa,Hipermercado Carrefour,queso-crema-light,7794820903094,QUESO UNTABLE LIGHT CREMATTO POTE MILKAUT X 285GRS,5069.0,,,,,,,
2026-08-12,sepa,Hipermercado Carrefour,yogur-natural-sin-azucar,7794820903612,YOGUR ENT NATURAL CREMOSO MILKAUT POTE X 300 G,3879.0,,,,,,,
2026-08-12,sepa,Hipermercado Carrefour,yogur-natural-sin-azucar,7794820903711,YOGUR DESC NATURAL CREMOSO MILKAUT POTE X 300G,3879.0,,,,,,,
2026-08-12,sepa,Hipermercado Carrefour,vinagre-alcohol,7798033332610,VINAGRE DE ALCOHOL CARREFOUR PET X 500 CC,1190.0,,,,,,,
2026-08-12,sepa,Hipermercado Carrefour,vinagre-alcohol,7798033332641,VINAGRE DE ALCOHOL CARREFOUR PET X 1 LT,1450.0,,,,,,,
2026-08-12,sepa,Hipermercado Carrefour,atun-lomitos-natural,7798033333907,ATUN AL NATURAL LOMITOS CARREFOUR LATA X 170 GRS.,3490.0,,,,,,,
2026-08-12,sepa,Hipermercado Carrefour,atun-lomitos-natural,7798108349161,ATUN AL NATURAL LOMITOS CARREFOUR LATA X 354 GRS,6450.0,,,,,,,
2026-08-12,sepa,Hipermercado Carrefour,yogur-natural-sin-azucar,7798136870545,YOGUR FIRME NATURAL DAHI FRASCO X 190 GRS,2720.0,,,,,,,
2026-08-12,sepa,Hipermercado Carrefour,yogur-natural-sin-azucar,7798136870859,YOGUR NATURAL ESTILO GRIEGO DAHI FRASCO X 190 GRM,3289.0,,,,,,,
2026-08-12,sepa,Hipermercado Carrefour,rollo-cocina,7798141718221,ROLLO DE COCINA CARREFOUR 3 X 50 PANOS,2150.0,2390.0,,,,,Promo A valida desde el 11/08/2026 hasta 18/08/2026,
2026-08-12,sepa,Hipermercado Carrefour,atun-lomitos-natural,7798152222151,ATUN AL NATURAL LOMITOS CARREFOUR 3 X 80 GRS,6150.0,,,,,,,
2026-08-12,sepa,Hipermercado Carrefour,papel-higienico-doble-hoja,7798159717520,PAPEL HIGIENICO D HOJA DECO CARREFOUR 4 X 50 MTS,6090.0,,,,,,,
2026-08-12,sepa,Hipermercado Carrefour,rollo-cocina,7798159717537,ROLLO DE COCINA DECORADO CARREFOUR 3 X 50 PANOS,2750.0,,,,,,,
2026-08-12,sepa,Hipermercado Carrefour,papel-higienico-doble-hoja,7798159718961,PAPEL HIGIENICO D HOJA CARREFOUR 4 X 30 MTS,3450.0,,,,,,,
2026-08-12,sepa,Hipermercado Carrefour,ricotta,7798179070018,RICOTA G SILVIA X 500 GRS,3285.0,,,,,,,
2026-08-12,sepa,Hipermercado Carrefour,cafe-instantaneo,7798196990016,CAFE SOLUBLE SEGAFREDO FRASCO X 100 GRS,19500.0,,,,,,,
2026-08-12,sepa,Hipermercado Carrefour,cafe-instantaneo,7798196990047,CAFE INSTANTANEO LIOFILIZADO SEGAFREDO X 100 GRS,22100.0,,,,,,,
2026-08-12,sepa,Hipermercado Carrefour,queso-crema-light,7798312320567,QUESO UNTABLE LIGHT SANTA CLARA POTE X 300 GRS,3099.0,,,,,,,
2026-08-12,sepa,Hipermercado Carrefour,yogur-natural-sin-azucar,7798327950193,YOGUR NATURAL S AZUCAR SIN TACC BEAUDROIT 400 GR,4855.0,,,,,,,
2026-08-12,sepa,Hipermercado Carrefour,leche-protein,7798338291803,LECHE C PROTEINA VIDA ACTIVA LAS TRES NINAS X 1LT,2865.0,,,,,,,
2026-08-12,sepa,Hipermercado Carrefour,cafe-instantaneo,7891000426937,CAFE INSTANTANEO ICED COFFEE NESCAFE X 100 GRS,10210.0,,,,,,,
2026-08-12,sepa,Hipermercado Carrefour,capsulas-nespresso-starbucks,8445290154125,CAPSULA CAFE NESPRESSO STARBUCKS CARAMEL X 51 GRS,16599.0,,,,,,,
2026-08-12,sepa,Hipermercado Carrefour,capsulas-nespresso-starbucks,8445290814425,CAPSULA CAFE NESPRESSO STARBUCKS DECAF X 55 GRS,16599.0,,,,,,,
2026-08-12,sepa,Hipermercado Carrefour,cafe-instantaneo,8445291311510,CAFE INSTANTANEO TRADICION NESCAFE X 100 GRS,8750.0,,,,,,,
2026-08-12,sepa,Hipermercado Carrefour,cafe-instantaneo,8445291311558,CAFE INSTANTANEO SUAVE DOLCA DP X 100 GRS,6149.0,,,,,,,
2026-08-12,sepa,Hipermercado Carrefour,capsulas-nespresso-starbucks,8445291363656,CAPSULAS CAFE HOUSE BLEND STARBUCKS X 10 UNI,15995.0,,,,,,,
2026-08-12,sepa,Hipermercado Carrefour,capsulas-nespresso-starbucks,8445291367272,CAPSULAS CAFE ESPRESSO ROAST STARBUCKS X 10 UNI,16599.0,,,,,,,
2026-08-12,sepa,Hipermercado Carrefour,cafe-instantaneo,8445291738775,CAFE INSTANTANEO GOLD NESCAFE FRASCO X 95 GRS,21969.0,,,,,,,
2026-08-12,sepa,Hipermercado Carrefour,capsulas-nespresso-starbucks,8445291786721,CAPSULAS CAFE CHOCO HAZELNUT STARBUCKS X 10 UNI,17589.0,,,,,,,
2026-08-12,sepa,Market,desodorante-barra-hombre,7501001163983,ANTITRANSPIRANTE BARRA FRESH OLD SPICE X 50 GRS,9949.0,,,,,,,
2026-08-12,sepa,Market,desodorante-barra-hombre,75083694,DESODORANTE STICK BLUE LAVENDER AXE X 58 GRM,8709.0,,,,,,,
2026-08-12,sepa,Market,desodorante-barra-hombre,75083700,DESODORANTE STICK AQUA CITRUS AXE X 58 GRM,8709.0,,,,,,,
2026-08-12,sepa,Market,cafe-instantaneo,7613035379213,CAFE DESCAFEINADO INSTANTANEO NESCAFE X 100 GRS,16535.0,,,,,,,
2026-08-12,sepa,Market,cafe-instantaneo,7613036312752,CAFE INSTANTANEO EXPRESSO GOLD NESCAFE X 100 GRS,24475.0,,,,,,,
2026-08-12,sepa,Market,capsulas-nespresso-starbucks,7613036961004,CAPSULAS CAFE BLOND ESPRESSO STARBUCKS X 10 UNI,17765.0,,,,,,,
2026-08-12,sepa,Market,capsulas-nespresso-starbucks,7613036961448,CAPSULA CAFE NESPRESSO STARBUCKS COLOMBIA X 57 GRS,19200.0,,,,,,,
2026-08-12,sepa,Market,suprema-pollo,7790070036063,SUPREMAS DE POLLO GRANJA DEL SOL BOLSA X 360 GRS,10665.0,,,,,,,
2026-08-12,sepa,Market,vinagre-alcohol,7790130000034,VINAGRE DE ALCOHOL MENOYO PET X 500 CC,1379.0,,,,,,,
2026-08-12,sepa,Market,vinagre-alcohol,7790130000058,VINAGRE DE ALCOHOL MENOYO PET X 1 LT,1750.0,,,,,,,
2026-08-12,sepa,Market,vinagre-alcohol,7790130000263,VINAGRE DE ALCOHOL ALCAZAR PET 500 CC,1119.0,,,,,,,
2026-08-12,sepa,Market,vinagre-alcohol,7790130000294,VINAGRE DE ALCOHOL ALCAZAR PET X 1 LT,1319.0,,,,,,,
2026-08-12,sepa,Market,vinagre-alcohol,7790130000645,VINAGRE DE ALCOHOL MENOYO PET X 250 CC,1145.0,,,,,,,
2026-08-12,sepa,Market,lavandina,7790132098459,LAVANDINA ORIGINAL AYUDIN X 1 LT,1279.0,,,,,,,
2026-08-12,sepa,Market,vinagre-alcohol,7790139003166,VINAGRE DE ALCOHOL CLASICO CASALTA PET X500 CC,1205.0,,,,,,,
2026-08-12,sepa,Market,vinagre-alcohol,7790139101138,VINAGRE DE ALCOHOL FAVINCO PET X 1 LT,1589.0,,,,,,,
2026-08-12,sepa,Market,cafe-instantaneo,7790150100486,CAFE INSTANTANEO ESP INST CLAS LA VIRGINIA X 170GR,9209.0,,,,,,,
2026-08-12,sepa,Market,cafe-instantaneo,7790150100806,CAFE INSTANTANEO CLASICO LA VIRGINA DP X 100 GRS,5150.0,,,,,,,
2026-08-12,sepa,Market,cafe-instantaneo,7790150101780,CAFE INSTANTANEO SUAVE LA VIRGINA DP X 100 GRS,5139.0,,,,,,,
2026-08-12,sepa,Market,cafe-instantaneo,7790170904798,CAFE INSTANTANEO LA MORENITA FRASCO X 100 GRS,6350.0,,,,,,,
2026-08-12,sepa,Market,queso-crema-light,7790244941605,QUESO CREMA LIGTH SAN IGNACIO POTE X 290 GR,3769.0,,,,,,,
2026-08-12,sepa,Market,queso-crema-light,7790244941612,QUESO CREMA LIGHT SAN IGNACIO POTE X480 GRS,5669.0,,,,,,,
2026-08-12,sepa,Market,papel-higienico-doble-hoja,7790250015536,PAPEL HIGIENICO D HOJA PLUS HIGIENOL 4 X 30 MTS,3619.0,,,,,,,
2026-08-12,sepa,Market,papel-higienico-doble-hoja,7790250015567,PAPEL HIGIENICO DOBLE HOJA PLUS HIGIENOL 4 X 20 MT,3545.0,,,,,,,
2026-08-12,sepa,Market,papel-higienico-doble-hoja,7790250019411,PAPEL HIGIENICO DH PLUS HIGIENOL 30M X 18,20900.0,,,,,,,
2026-08-12,sepa,Market,papel-higienico-doble-hoja,7790250026075,PAPEL HIGIENICO D H ULTRA SUAVE ELITE 4 X 30 MTS,5599.0,,,,,,,
2026-08-12,sepa,Market,papel-higienico-doble-hoja,7790250026082,PAPEL HIGIENICO ULTRA SOFT D HOJA ELITE 4 X 50 MTS,10349.0,,,,,,,
2026-08-12,sepa,Market,rollo-cocina,7790250056881,ROLLO DE COCINA CLASICO SUSSEX 3 X 50 PAN,2929.0,,,,,,,
2026-08-12,sepa,Market,rollo-cocina,7790250056980,ROLLO DE COCINA MAXI SUSSEX 3 X 100 PAN,7489.0,,,,,,,
2026-08-12,sepa,Market,rollo-cocina,7790250057086,ROLLO COCINA CLASICO MEGA SUSSEX X 200 PANOS,3099.0,,,,,,,
2026-08-12,sepa,Market,papel-higienico-doble-hoja,7790250092452,PAPEL HIGIENICO DOBLE HOJA NOBLE 4 X 30 M,3669.0,,,,,,,
2026-08-12,sepa,Market,papel-higienico-doble-hoja,7790250913368,PAPEL HIGIENICO DH CON YAPA HIGIENOL 50M X 4 UNI,9529.0,,,,,,,
2026-08-12,sepa,Market,yerba-mananita,7790387015317,YERBA MATE BAJO POLVO MANANITA 4FLEX X 1 KG,4789.0,,,,,,,
2026-08-12,sepa,Market,yerba-mananita,7790387015324,YERBA MATE BAJO POLVO MANANITA 4FLEX X 500 GRS,2570.0,,,,,,,
2026-08-12,sepa,Market,atun-lomitos-natural,7790580131364,ATUN AL NATURAL LOMITOS LA CAMPAGNOLA X 170 GRS,5745.0,,,,,,,
2026-08-12,sepa,Market,ricotta,7790742102805,RICOTTA ENTERA B SODIO GARCIA SACHET X 500 GRS,4509.0,,,,,,,
2026-08-12,sepa,Market,ricotta,7790742114204,RICOTTA SEMIGRASA BAJO SODIO GARCIA X 500 GRS,4755.0,,,,,,,
2026-08-12,sepa,Market,leche-protein,7790742358608,LECHE UAT DESC S LACT PROTEIN LA SERENISIMA BOTX1L,2999.0,,,,,,,
2026-08-12,sepa,Market,queso-crema-light,7790742373304,QUESO FUNDIDO FINLANDIA LIGHT POTE 290 GRS,5475.0,,,,,,,
2026-08-12,sepa,Market,yogur-natural-sin-azucar,7790787960934,YOGUR CREMOSO SAB NATURAL ILOLAY POTE X 350 G,3695.0,,,,,,,
2026-08-12,sepa,Market,gaseosa-cola-zero,7790895067532,GASEOSA COLA ZERO COCA COLA PET X 500 CC,2280.0,,,,,,,
2026-08-12,sepa,Market,gaseosa-cola-zero,7790895067556,GASEOSA COLA SIN AZUCAR COCA COLA PET X 1.5LT,4300.0,,,,,,,
2026-08-12,sepa,Market,gaseosa-cola-zero,7790895067570,GASEOSA COLA ZERO COCA COLA PET X 2.25 LT,5600.0,,,,,,,
2026-08-12,sepa,Market,gaseosa-cola-zero,7790895067587,GASEOSA COLA SIN AZUCAR COCA COLA LATA X 354 CC,2500.0,,,,,,,
2026-08-12,sepa,Market,gaseosa-cola-zero,7790895640438,GASEOSA COLA SIN AZUCAR COCA COLA PET X 3 LT,6750.0,,,,,,,
2026-08-12,sepa,Market,detergente,7790990003022,DETERGENTE ULTRA LIMON MAGISTRAL BOT X 300 CC,2595.0,,,,,,,
2026-08-12,sepa,Market,detergente,7790990003039,DETERGENTE ULTRA LIMON MAGISTRAL BOT X 500 CC,4189.0,,,,,,,
2026-08-12,sepa,Market,detergente,7790990003046,DETERGENTE ULTRA LIMON MAGISTRAL BOT X 750 CC,7550.0,,,,,,,
2026-08-12,sepa,Market,detergente,7790990003053,DETERGENTE ULTRA LIMON MAGISTRAL BOT 1400ML,13990.0,,,,,,,
2026-08-12,sepa,Market,detergente,7790990003121,DETERGENTE ULTRA MARINA MAGISTRAL BOT X 300 CC,3129.0,,,,,,,
2026-08-12,sepa,Market,detergente,7790990003138,DETERGENTE ULTRA MARINA MAGISTRAL BOT X 500 CC,4559.0,,,,,,,
2026-08-12,sepa,Market,detergente,7790990003145,DETERGENTE ULTRA MARINA MAGISTRAL BOT X 750 CC,7560.0,,,,,,,
2026-08-12,sepa,Market,detergente,7790990003381,DETERGENTE LIMON MAGISTRAL PLATINUM X 500 CC,6159.0,,,,,,,
2026-08-12,sepa,Market,detergente,7790990003404,DETERGENTE CREMOSO ULTRA LIMON BOT X 300 CC,3450.0,,,,,,,
2026-08-12,sepa,Market,detergente,7790990003411,DETERGENTE CREM ULTRA LIMON MAGISTRAL BOT X 500CC,4559.0,,,,,,,
2026-08-12,sepa,Market,detergente,7790990003787,DETERGENTE ULTRA LIMON MAGISTRAL DP X 450 CC,4315.0,,,,,,,
2026-08-12,sepa,Market,rollo-cocina,7791070005806,ROLLO DE COCINA CELESTIAL 3 X 50 PANOS,3189.0,,,,,,,
2026-08-12,sepa,Market,lavandina,7791290793781,LIMPIADOR CREMOSO C LAVANDINA CIF X 750G,4665.0,,,,,,,
2026-08-12,sepa,Market,lavandina,7791290793804,LIMPIADOR EN GEL C LAVANDINA CIF X 513G,3669.0,,,,,,,
2026-08-12,sepa,Market,detergente,7791290794054,DETERGENTE BIOACTIVE LIMON CIF X 300 CC,2710.0,,,,,,,
2026-08-12,sepa,Market,detergente,7791290794061,DETERGENTE BIOACTIVE LIMON CIF X 500 CC,3889.0,,,,,,,
2026-08-12,sepa,Market,detergente,7791290794078,DETERGENTE BIOACTIVE LIMON CIF X 750 CC,6590.0,,,,,,,
2026-08-12,sepa,Market,detergente,7791290794085,DETERGENTE BIOACTIVE LIMON CIF REPUESTO X 450 CC,2855.0,,,,,,,
2026-08-12,sepa,Market,detergente,7791290794092,DETERGENTE BIOACTIVE LIMA CIF RESPUESTO X 450 CC,2855.0,,,,,,,
2026-08-12,sepa,Market,detergente,7791290794108,DETERGENTE BIOACTIVE LIMA CIF X 300 CC,2710.0,,,,,,,
2026-08-12,sepa,Market,detergente,7791290794115,DETERGENTE BIOACTIVE LIMA CIF X 500 CC,3889.0,,,,,,,
2026-08-12,sepa,Market,lavandina,7791290794955,LAVANDINA EN GEL ORIGINAL VIM X 700 CC,3500.0,,,,,,,
2026-08-12,sepa,Market,detergente,7791290796706,DETERGENTE ACTIVE GEL ORIG CIF BOT X 500 CC,5485.0,,,,,,,
2026-08-12,sepa,Market,detergente,7791290796720,DETERGENTE ACTIVE GEL ORIG CIF DP X 400 CC,4289.0,,,,,,,
2026-08-12,sepa,Market,detergente,7791290796751,DETERGENTE ACTIVE GEL LIMON CIF DP X 400 CC,4289.0,,,,,,,
2026-08-12,sepa,Market,yogur-natural-sin-azucar,7791337007208,YOGUR NATURAL S LACTOSA SER POTE X 300 GR,4915.0,,,,,,,
2026-08-12,sepa,Market,queso-crema-light,7791337009851,QUESO CREMA LIGHT LA SERENISIMA POTE X 460 GRS,6045.0,,,,,,,
2026-08-12,sepa,Market,yogur-natural-sin-azucar,7791337010932,YOGUR GRIEGO FIR NATURAL YOGURISIMO POTE X 180 GR,2950.0,,,,,,,
2026-08-12,sepa,Market,rollo-cocina,7791720002605,ROLLO DE COCINA CARREFOUR ESSENTIAL 3 X 40 PANOS,2350.0,,,,,,,
2026-08-12,sepa,Market,rollo-cocina,7791720025543,ROLLO DE COCINA MAXI BLANCO CARREFOUR X 200 PANOS,2850.0,,,,,,,
2026-08-12,sepa,Market,queso-crema-light,7791720028506,QUESO CREMA LIGHT CARREFOUR CLASSIC X 290 GRS,3190.0,,,,,,,
2026-08-12,sepa,Market,rollo-cocina,7791720045541,ROLLOS DE COCINA CARREFOUR ESSENTIAL 3 X 100 PANOS,4650.0,,,,,,,
2026-08-12,sepa,Market,papel-higienico-doble-hoja,7791720045558,PAPEL HIG DOBLE HOJA CARREFOUR ESSENTIAL 4 X50MTS,5550.0,,,,,,,
2026-08-12,sepa,Market,ricotta,7791720046951,RICOTTA ENTERA BULNEZ X 500 GRM,3490.0,,,,,,,
2026-08-12,sepa,Market,rollo-cocina,7791720047446,ROLLO DE COCINA DOBLE HOJA BULNEZ X 200 PANOS,2350.0,,,,,,,
2026-08-12,sepa,Market,yogur-natural-sin-azucar,7791720048122,YOGUR NATURAL CARREFOUR EXTRA FRASCO X 200 GR,2750.0,,,,,,,
2026-08-12,sepa,Market,yogur-natural-sin-azucar,7791720048139,YOGUR NATURAL CARREFOUR CLASSIC POTE 300 X GR,3090.0,,,,,,,
2026-08-12,sepa,Market,gaseosa-cola-zero,7791813828365,GASEOSA COLA BLACK PEPSI N PET X 500 CC.,2200.0,,,,,,,
2026-08-12,sepa,Market,gaseosa-cola-zero,7791813828419,GASEOSA COLA BLACK PEPSI NF PET X 1.5 LT,3950.0,,,,,,,
2026-08-12,sepa,Market,gaseosa-cola-zero,7791813828464,GASEOSA COLA BLACK PEPSI N PET X 2 LT,4400.0,,,,,,,
2026-08-12,sepa,Market,rollo-cocina,7791828000121,ROLLO COCINA PARA CADA DIA FELPITA 3 X 40 PANOS,2499.0,,,,,,,
2026-08-12,sepa,Market,papel-higienico-doble-hoja,7791828900049,PAPEL HIGIENICO INFINITY FELPITA 4X30 MTS,4449.0,,,,,,,
2026-08-12,sepa,Market,rollo-cocina,7791828900056,ROLLO DE COCINA BLANCO INFINITY FELPITA 3X100 MTS,5109.0,,,,,,,
2026-08-12,sepa,Market,papel-higienico-doble-hoja,7791828900186,PAPEL HIGIENICO DH FELPITA PREMIUM 4X20 MTS,2940.0,,,,,,,
2026-08-12,sepa,Market,papel-higienico-doble-hoja,7791828900278,PAPEL HIGIENICO D HOJA SUPER SUAVE FELPITA 6X30MTS,6405.0,,,,,,,
2026-08-12,sepa,Market,papel-higienico-doble-hoja,7791828900285,PAPEL HIGIENICO DH INFINITY FELPITA 4 X 50 M,6860.0,,,,,,,
2026-08-12,sepa,Market,rollo-cocina,7791828900377,ROLLO DE COCINA MAXIROLLO FELPITA X 200 PANOS,3069.0,,,,,,,
2026-08-12,sepa,Market,rollo-cocina,7791828900537,ROLLO DE COCINA PANO BLANCO FELPITA 3 X 60 UNI,2649.0,,,,,,,
2026-08-12,sepa,Market,lavandina,7791905000020,LAVANDINA CONCENTRADA QUERUBIN X 1 LT,1609.0,,,,,,,
2026-08-12,sepa,Market,lavandina,7791905000037,LAVANDINA CONCENTRADA QUERUBIN X 2 LT,3129.0,,,,,,,
2026-08-12,sepa,Market,lavandina,7791905003663,LAVANDINA ROPA BLANCA ADITIVADA QUERUBIN BOT X 1 L,2020.0,,,,,,,
2026-08-12,sepa,Market,lavandina,7791905023203,LAVANDINA ORIGINAL ODEX X 1 LT,1295.0,,,,,,,
2026-08-12,sepa,Market,lavandina,7791905023210,LAVANDINA ORIGINAL ODEX X 2 LT,2459.0,,,,,,,
2026-08-12,sepa,Market,lavandina,7791905023227,LAVANDINA ORIGINAL ODEX X 4 LT,4809.0,,,,,,,
2026-08-12,sepa,Market,lavandina,7791905024248,LAVANDINA ADITIVADA EN GEL ORIGINAL ODEX X 700 CC,3000.0,,,,,,,
2026-08-12,sepa,Market,lavandina,7793253003715,LAVANDINA MULTISUP LAVANDA TRIPLE PODER AYUDIN X1L,1909.0,,,,,,,
2026-08-12,sepa,Market,lavandina,7793253003722,LAVANDINA MULTISUP LAVANDA TRIPLE PODER AYUDIN X2L,3609.0,,,,,,,
2026-08-12,sepa,Market,lavandina,7793253003746,LAVANDINA MULTI PU GLACIAR TRIPLE PODER AYUDIN X1L,1909.0,,,,,,,
2026-08-12,sepa,Market,lavandina,7793253003753,LAVANDINA MULTI PU GLACIAR TRIPLE PODER AYUDIN X2L,3609.0,,,,,,,
2026-08-12,sepa,Market,lavandina,7793253003760,LAVANDINA MULTI PU GLACIAR TRIPLE PODER AYUDIN X4L,7179.0,,,,,,,
2026-08-12,sepa,Market,lavandina,7793253003777,LAVANDINA ANTISPLASH TRADICIONAL AYUDIN X 1 LT,2225.0,,,,,,,
2026-08-12,sepa,Market,lavandina,7793253003784,LAVANDINA ANTISPLASH TRADICIONAL AYUDIN X 2 LT,4309.0,,,,,,,
2026-08-12,sepa,Market,lavandina,7793253003791,LAVANDINA EN GEL ORIGINAL AYUDIN BOTELLA X 700 CC,3519.0,,,,,,,
2026-08-12,sepa,Market,lavandina,7793253003807,LAVANDINA EN GEL CITRUS AYUDIN BOTELLA X 700 CC,3519.0,,,,,,,
2026-08-12,sepa,Market,lavandina,7793253003838,LAVANDINA EN GEL LAVANDA AYUDIN X 700 CC,3519.0,,,,,,,
2026-08-12,sepa,Market,lavandina,7793253005856,LAVANDINA EN GEL ORIGINAL AYUDIN BOTELLA X 500 CC,2989.0,,,,,,,
2026-08-12,sepa,Market,lavandina,7793253005863,LAVANDINA EN GEL CITRICA AYUDIN X 500 CC,2985.0,,,,,,,
2026-08-12,sepa,Market,lavandina,7793253006709,LAVANDINA ORIGINAL DESINFECTANTE AYUDIN X 2 LT,2925.0,,,,,,,
2026-08-12,sepa,Market,lavandina,7793253006716,LAVANDINA ORIGINAL DESINFECTANTE AYUDIN X 4 LT,5789.0,,,,,,,
2026-08-12,sepa,Market,rollo-cocina,7793344009206,ROLLO DE COCINA GIGANTE ELEGANTE X 200 PANOS,2839.0,,,,,,,
2026-08-12,sepa,Market,rollo-cocina,7793344009305,ROLLOS DE COCINA ELEGANTE GIRAMAS 3 X 100 PAN,5319.0,,,,,,,
2026-08-12,sepa,Market,rollo-cocina,7793344904013,ROLLO DE COCINA ELEGANTE 3 X 50 PANOS,2839.0,,,,,,,
2026-08-12,sepa,Market,rollo-cocina,7793344904853,ROLLO DE COCINA PREMIUM ELEGANTE 3 X 60 PAN,3429.0,,,,,,,
2026-08-12,sepa,Market,queso-crema-light,7793913013214,QUESO CREMA LIGHT TREGAR X 190 GRS,3190.0,,,,,,,
2026-08-12,sepa,Market,queso-crema-light,7793913013641,QUESO NEUFCHATEL LIGHT TREGAR POTE X 180 GRS,3089.0,,,,,,,
2026-08-12,sepa,Market,ricotta,7793913013672,RICOTTA MAGRA BAJO SODIO TREGAR POTE X 290 GRS,3790.0,,,,,,,
2026-08-12,sepa,Market,queso-crema-light,7794820015018,QUESO FUNDIDO LIGHT TRAD MILKAUT POTE X 190 GRS,3379.0,,,,,,,
2026-08-12,sepa,Market,queso-crema-light,7794820903094,QUESO UNTABLE LIGHT CREMATTO POTE MILKAUT X 285GRS,5069.0,,,,,,,
2026-08-12,sepa,Market,yogur-natural-sin-azucar,7794820903612,YOGUR ENT NATURAL CREMOSO MILKAUT POTE X 300 G,3879.0,,,,,,,
2026-08-12,sepa,Market,yogur-natural-sin-azucar,7794820903711,YOGUR DESC NATURAL CREMOSO MILKAUT POTE X 300G,3879.0,,,,,,,
2026-08-12,sepa,Market,vinagre-alcohol,7798033332610,VINAGRE DE ALCOHOL CARREFOUR PET X 500 CC,1190.0,,,,,,,
2026-08-12,sepa,Market,vinagre-alcohol,7798033332641,VINAGRE DE ALCOHOL CARREFOUR PET X 1 LT,1450.0,,,,,,,
2026-08-12,sepa,Market,atun-lomitos-natural,7798033333907,ATUN AL NATURAL LOMITOS CARREFOUR LATA X 170 GRS.,3490.0,,,,,,,
2026-08-12,sepa,Market,atun-lomitos-natural,7798108349161,ATUN AL NATURAL LOMITOS CARREFOUR LATA X 354 GRS,6450.0,,,,,,,
2026-08-12,sepa,Market,rollo-cocina,7798141718221,ROLLO DE COCINA CARREFOUR 3 X 50 PANOS,2150.0,2390.0,,,,,Promo A valida desde el 11/08/2026 hasta 18/08/2026,
2026-08-12,sepa,Market,atun-lomitos-natural,7798152222151,ATUN AL NATURAL LOMITOS CARREFOUR 3 X 80 GRS,6150.0,,,,,,,
2026-08-12,sepa,Market,papel-higienico-doble-hoja,7798159717520,PAPEL HIGIENICO D HOJA DECO CARREFOUR 4 X 50 MTS,6090.0,,,,,,,
2026-08-12,sepa,Market,rollo-cocina,7798159717537,ROLLO DE COCINA DECORADO CARREFOUR 3 X 50 PANOS,2750.0,,,,,,,
2026-08-12,sepa,Market,papel-higienico-doble-hoja,7798159718961,PAPEL HIGIENICO D HOJA CARREFOUR 4 X 30 MTS,3450.0,,,,,,,
2026-08-12,sepa,Market,ricotta,7798179070018,RICOTA G SILVIA X 500 GRS,3285.0,,,,,,,
2026-08-12,sepa,Market,cafe-instantaneo,7798196990016,CAFE SOLUBLE SEGAFREDO FRASCO X 100 GRS,19500.0,,,,,,,
2026-08-12,sepa,Market,queso-crema-light,7798312320567,QUESO UNTABLE LIGHT SANTA CLARA POTE X 300 GRS,3099.0,,,,,,,
2026-08-12,sepa,Market,leche-protein,7798338291803,LECHE C PROTEINA VIDA ACTIVA LAS TRES NINAS X 1LT,2865.0,,,,,,,
2026-08-12,sepa,Market,capsulas-nespresso-starbucks,8445290154125,CAPSULA CAFE NESPRESSO STARBUCKS CARAMEL X 51 GRS,16599.0,,,,,,,
2026-08-12,sepa,Market,capsulas-nespresso-starbucks,8445290814425,CAPSULA CAFE NESPRESSO STARBUCKS DECAF X 55 GRS,16599.0,,,,,,,
2026-08-12,sepa,Market,cafe-instantaneo,8445291311510,CAFE INSTANTANEO TRADICION NESCAFE X 100 GRS,8949.0,,,,,,,
2026-08-12,sepa,Market,cafe-instantaneo,8445291311558,CAFE INSTANTANEO SUAVE DOLCA DP X 100 GRS,6149.0,,,,,,,
2026-08-12,sepa,Market,capsulas-nespresso-starbucks,8445291363656,CAPSULAS CAFE HOUSE BLEND STARBUCKS X 10 UNI,15995.0,,,,,,,
2026-08-12,sepa,Market,capsulas-nespresso-starbucks,8445291367272,CAPSULAS CAFE ESPRESSO ROAST STARBUCKS X 10 UNI,16599.0,,,,,,,
2026-08-12,sepa,Market,cafe-instantaneo,8445291738775,CAFE INSTANTANEO GOLD NESCAFE FRASCO X 95 GRS,20729.0,,,,,,,
2026-08-12,sepa,Market,capsulas-nespresso-starbucks,8445291786721,CAPSULAS CAFE CHOCO HAZELNUT STARBUCKS X 10 UNI,17589.0,,,,,,,
2026-08-12,sepa,Supermercados DIA,desodorante-barra-hombre,75083694,DEO BLUE LAVEN BARRA,8699.0,,,,,,,
2026-08-12,sepa,Supermercados DIA,desodorante-barra-hombre,75083700,DEO AQUA CITRUS BARR,8699.0,,,,,,,
2026-08-12,sepa,Supermercados DIA,suprema-pollo,7790070036063,SUPR DE POLL CROCANT,10665.0,,,,,,,
2026-08-12,sepa,Supermercados DIA,vinagre-alcohol,7790130000034,VINAGRE DE ALCOHOL,1400.0,,,,,,,
2026-08-12,sepa,Supermercados DIA,vinagre-alcohol,7790130000058,VINAGRE DE ALCOHOL,1965.0,,,,,,,
2026-08-12,sepa,Supermercados DIA,lavandina,7790132098459,LAVANDINA ORIG MULTI,1279.0,,,,,,,
2026-08-12,sepa,Supermercados DIA,cafe-instantaneo,7790150100462,CAFE INSTANT CLASICO,8050.0,,,,,,,
2026-08-12,sepa,Supermercados DIA,cafe-instantaneo,7790150100806,CAFE INST CLAS DOYPA,5145.0,,,,,,,
2026-08-12,sepa,Supermercados DIA,cafe-instantaneo,7790150101476,CAFE INSTANTA SUAVE,8050.0,,,,,,,
2026-08-12,sepa,Supermercados DIA,cafe-instantaneo,7790150101780,CAFE INSTANT SUAV DP,5145.0,,,,,,,
2026-08-12,sepa,Supermercados DIA,papel-higienico-doble-hoja,7790250015536,P HIG DOBLE FUSION,3619.0,,,,,,,
2026-08-12,sepa,Supermercados DIA,papel-higienico-doble-hoja,7790250026075,P HIG DOBL HOJA 30MT,5615.0,,,,,,,
2026-08-12,sepa,Supermercados DIA,rollo-cocina,7790250056881,ROLLO COCINA CLASICO,2840.0,,,,,,,
2026-08-12,sepa,Supermercados DIA,rollo-cocina,7790250057086,RC CLASICO MEGARROLL,3249.0,,,,,,,
2026-08-12,sepa,Supermercados DIA,yerba-mananita,7790387015317,YERBA MATE 4FLEX,3790.0,,,,,,,
2026-08-12,sepa,Supermercados DIA,yerba-mananita,7790387015324,YERBA MATE 4 FLEX,2505.0,,,,,,,
2026-08-12,sepa,Supermercados DIA,atun-lomitos-natural,7790580131364,ATUN LOMITO NATURAL,5745.0,,,,,,,
2026-08-12,sepa,Supermercados DIA,ricotta,7790742102805,RICOTTA ENTERA,4699.0,,,,,,,
2026-08-12,sepa,Supermercados DIA,leche-protein,7790742358608,LECHE PROTEIN DES 0%,2999.0,,,,,,,
2026-08-12,sepa,Supermercados DIA,queso-crema-light,7790742373304,QUESO UNT LIGHT,5475.0,,,,,,,
2026-08-12,sepa,Supermercados DIA,gaseosa-cola-zero,7790895067532,GASEO COLA ZERO,2500.0,,,,,,,
2026-08-12,sepa,Supermercados DIA,gaseosa-cola-zero,7790895067556,GASEO COLA S/AZUCAR,4300.0,,,,,,,
2026-08-12,sepa,Supermercados DIA,gaseosa-cola-zero,7790895067570,GASEO COLA ZERO,5600.0,,,,,,,
2026-08-12,sepa,Supermercados DIA,detergente,7790990003022,DETERGEN ULTRA LIMON,2595.0,,,,,,,
2026-08-12,sepa,Supermercados DIA,detergente,7790990003039,DETER ULTRA LIMON,4290.0,,,,,,,
2026-08-12,sepa,Supermercados DIA,detergente,7790990003046,LAVAVAJ ULTRA LIMON,7550.0,,,,,,,
2026-08-12,sepa,Supermercados DIA,detergente,7790990003138,DETERG ULTRA MARINA,5040.0,,,,,,,
2026-08-12,sepa,Supermercados DIA,detergente,7790990003787,LAVAVAJI ULTRA LIMON,3200.0,,,,,,,
2026-08-12,sepa,Supermercados DIA,lavandina,7791290793781,LIMPIADOR CREMOSO,4650.0,,,,,,,
2026-08-12,sepa,Supermercados DIA,lavandina,7791290793804,LIMPIADOR GEL LAV/CL,3650.0,,,,,,,
2026-08-12,sepa,Supermercados DIA,detergente,7791290794054,LAVAVAJILL BIOACT LI,2700.0,,,,,,,
2026-08-12,sepa,Supermercados DIA,detergente,7791290794061,LAVAVAJ BIOACT LIMON,3772.0,,,,,,,
2026-08-12,sepa,Supermercados DIA,detergente,7791290794078,LAVAVAJ BIOACT LIMON,6550.0,,,,,,,
2026-08-12,sepa,Supermercados DIA,detergente,7791290794085,LAVAVAJ BIO LIMON DP,3850.0,,,,,,,
2026-08-12,sepa,Supermercados DIA,detergente,7791290794092,LAVAVAJ BIOAC LIMA D,3850.0,,,,,,,
2026-08-12,sepa,Supermercados DIA,detergente,7791290794108,LAVAVAJI BIOACT LIMA,2700.0,,,,,,,
2026-08-12,sepa,Supermercados DIA,detergente,7791290794115,LAVAVAJI BIOACT LIMA,3889.0,,,,,,,
2026-08-12,sepa,Supermercados DIA,lavandina,7791290794955,LAVANDINA GEL ORIGIN,3500.0,,,,,,,
2026-08-12,sepa,Supermercados DIA,detergente,7791290796706,LAVAVAJ ACT GEL ORIG,5450.0,,,,,,,
2026-08-12,sepa,Supermercados DIA,detergente,7791290796720,DET ACTIVEGEL ORIGIN,4280.0,,,,,,,
2026-08-12,sepa,Supermercados DIA,detergente,7791290796737,DET ACTIVEGEL LIMON,5450.0,,,,,,,
2026-08-12,sepa,Supermercados DIA,detergente,7791290796751,LAVAVAJ ACTIV LIM DP,4280.0,,,,,,,
2026-08-12,sepa,Supermercados DIA,yogur-natural-sin-azucar,7791337007208,YOGUR NATURAL BIGPOT,4915.0,,,,,,,
2026-08-12,sepa,Supermercados DIA,queso-crema-light,7791337009851,QUESO BLANCO LIGHT,6045.0,,,,,,,
2026-08-12,sepa,Supermercados DIA,yogur-natural-sin-azucar,7791337010932,YOG FIRME GRIEG NATU,2950.0,,,,,,,
2026-08-12,sepa,Supermercados DIA,gaseosa-cola-zero,7791813828365,GASEO PEPSI BLACK,2200.0,,,,,,,
2026-08-12,sepa,Supermercados DIA,gaseosa-cola-zero,7791813828419,GASEO COLA BLACK,3900.0,,,,,,,
2026-08-12,sepa,Supermercados DIA,gaseosa-cola-zero,7791813828464,GASEO COLA BLACK,4300.0,,,,,,,
2026-08-12,sepa,Supermercados DIA,lavandina,7793253003715,LAVAN LAV TRI PODER,1890.0,,,,,,,
2026-08-12,sepa,Supermercados DIA,lavandina,7793253003722,LAVANDINA LAVA TR PO,3640.0,,,,,,,
2026-08-12,sepa,Supermercados DIA,lavandina,7793253003753,LAVA PUR GLA TRI POD,3640.0,,,,,,,
2026-08-12,sepa,Supermercados DIA,lavandina,7793253003777,LAVANDINA ANTISPLASH,2240.0,,,,,,,
2026-08-12,sepa,Supermercados DIA,lavandina,7793253003791,LAVANDINA EN GEL,3590.0,,,,,,,
2026-08-12,sepa,Supermercados DIA,lavandina,7793253003807,LAVANDINA EN GEL CIT,3590.0,,,,,,,
2026-08-12,sepa,Supermercados DIA,lavandina,7793253003838,LAVANDINA EN GEL LAV,3590.0,,,,,,,
2026-08-12,sepa,Supermercados DIA,lavandina,7793253006709,LAVANDINA ORIGINAL,2950.0,,,,,,,
2026-08-12,sepa,Supermercados DIA,lavandina,7793253006716,LAVANDINA ORIGINAL,5890.0,,,,,,,
2026-08-12,sepa,Supermercados DIA,queso-crema-light,7794820903094,QUESO CREMATTO LIGHT,5069.0,,,,,,,
2026-08-12,sepa,Supermercados DIA,yogur-natural-sin-azucar,7794820903612,YOG NATURAL CREMOSO,3879.0,,,,,,,
2026-08-12,sepa,Supermercados DIA,queso-crema-light,7794990879663,QUESO CREMA LIGHT,3420.0,,,,,,,
2026-08-12,sepa,Supermercados DIA,lavandina,7798131250380,LAVANDINA CLÁSICA,1100.0,,,,,,,
2026-08-12,sepa,Supermercados DIA,lavandina,7798131250397,LAVANDINA CLÁSICA,2170.0,,,,,,,
2026-08-12,sepa,Supermercados DIA,yogur-natural-sin-azucar,7798136870545,YOG FIRME NAT S/AZUC,2720.0,,,,,,,
2026-08-12,sepa,Supermercados DIA,yogur-natural-sin-azucar,7798136870743,YOG NAT DESLAC C/PRO,3290.0,,,,,,,
2026-08-12,sepa,Supermercados DIA,yogur-natural-sin-azucar,7798136870859,YOG EST GRIEGO NATUR,3290.0,,,,,,,
2026-08-12,sepa,Supermercados DIA,leche-protein,7798338291803,LECH PROTEIN,2865.0,,,,,,,
2026-08-12,sepa,Supermercados DIA,capsulas-nespresso-starbucks,8445291363656,LUNGO CAPS COFFEE,16605.0,,,,,,,
2026-08-12,sepa,Supermercados DIA,cafe-instantaneo,8445291738775,CAFE GOLD,21969.0,,,,,,,
2026-08-12,sepa,Vea,cafe-instantaneo,7613035379213,Cafe Descafeinado NESCAFE MasAroma 100g FCO-100-gr.,15499.0,,,,,,,
2026-08-12,sepa,Vea,cafe-instantaneo,7613036312752,Nescafe GOLD espresso 100g FCO-100-gr.,21299.0,,,,,,,
2026-08-12,sepa,Vea,capsulas-nespresso-starbucks,7613036961004,Capsulas STARBUCKS Blonde Espresso Roast CJA-53-gr.,17290.0,,,,,,,
2026-08-12,sepa,Vea,capsulas-nespresso-starbucks,7613036961448,Capsulas Café STARBUCKS Colombia x57g CJA-57-gr.,15699.0,,,,,,,
2026-08-12,sepa,Vea,suprema-pollo,7790070036063,Suprema de pollo GRANJA DEL SOL 360g PAQ-360-gr.,10990.0,,,,,,,
2026-08-12,sepa,Vea,vinagre-alcohol,7790130000034,Vinagre MENOYO de alcohol PVC-500-cc.,1350.0,,,,,,,
2026-08-12,sepa,Vea,vinagre-alcohol,7790130000058,Vinagre MENOYO de alcohol PVC-1-lt.,1850.0,,,,,,,
2026-08-12,sepa,Vea,vinagre-alcohol,7790130000263,Vinagre alcazar de alcohol PVC-500-cc.,1150.0,,,,,,,
2026-08-12,sepa,Vea,lavandina,7790132098459,lavandina AYUDIN original 1L       PVC-1000-ml.,1290.0,,,,,,,
2026-08-12,sepa,Vea,vinagre-alcohol,7790139101138,Vinagre de Alcohol Favinco S/T x 1lt BOT-1000-ml.,1290.0,,,,,,,
2026-08-12,sepa,Vea,cafe-instantaneo,7790150100462,café LA VIRGINIA Clásico Espuma DPx170g DOY-170-gr.,7590.0,,,,,,,
2026-08-12,sepa,Vea,cafe-instantaneo,7790150100486,café LA VIRGINIA Clasico Espuma x170G FCO-170-gr.,6799.0,,,,,,,
2026-08-12,sepa,Vea,cafe-instantaneo,7790150100783,café LA VIRGINIA Clasico Espuma x100G FCO-100-gr.,5399.0,,,,,,,
2026-08-12,sepa,Vea,cafe-instantaneo,7790150101476,café LA VIRGINIA Suave Espuma DP x170g DOY-170-gr.,7590.0,,,,,,,
2026-08-12,sepa,Vea,cafe-instantaneo,7790150101780,Café LA VIRGINIA Suave Espuma DPx100g DOY-100-gr.,5199.0,,,,,,,
2026-08-12,sepa,Vea,cafe-instantaneo,7790170904798,café LA MORENITA Intenso x100g FCO-100-gr.,5899.0,,,,,,,
2026-08-12,sepa,Vea,queso-crema-light,7790244941605,Q.Blancrem Light S.Ignacio 290g POT-290-gr.,3590.0,,,,,,,
2026-08-12,sepa,Vea,queso-crema-light,7790244941612,Q.Blancrem Light S.Ignacio 480g POT-480-gr.,5190.0,,,,,,,
2026-08-12,sepa,Vea,papel-higienico-doble-hoja,7790250015536,papel higieni HIGIENOL dob h fus 4x30m BSA-4-m2,3290.0,,,,,,,
2026-08-12,sepa,Vea,rollo-cocina,7790250056881,rollo cocina SUSSEX clasic 3x50paños PAQ-15-m2,2890.0,,,,,,,
2026-08-12,sepa,Vea,rollo-cocina,7790250056980,rollo cocina SUSSEX ultra 3x100p PAQ-300-un.,6790.0,,,,,,,
2026-08-12,sepa,Vea,yerba-mananita,7790387015317,Yerba Mate MAÑANITA 4FLEX 1kg PAQ-1000-gr.,4490.0,,,,,,,
2026-08-12,sepa,Vea,yerba-mananita,7790387015324,Yerba Mate MAÑANITA 4FLEX 1/2kg PAQ-500-gr.,2690.0,,,,,,,
2026-08-12,sepa,Vea,ricotta,7790742102805,ricota entera GARCIA baja en sodio SCH-500-gr.,5050.0,,,,,,,
2026-08-12,sepa,Vea,ricotta,7790742114204,Ricotta Garcia Semigrasa Sachet 500GR SCH-500-gr.,4950.0,,,,,,,
2026-08-12,sepa,Vea,leche-protein,7790742358608,Leche Uat Proteina La serenisima 1l BOT-1000-ml.,2890.0,,,,,,,
2026-08-12,sepa,Vea,queso-crema-light,7790742373304,Q.Procesado Finlandia Light 290g POT-290-gr.,5190.0,,,,,,,
2026-08-12,sepa,Vea,gaseosa-cola-zero,7790895067532,gaseosa COCA COLA Zero 500cc PET-500-ml.,2290.0,,,,,,,
2026-08-12,sepa,Vea,gaseosa-cola-zero,7790895067556,gaseosa COCA COLA Zero 1.5lt PET-1500-ml.,4300.0,,,,,,,
2026-08-12,sepa,Vea,gaseosa-cola-zero,7790895067570,gaseosa COCA COLA Zero 2.25lt PET-2250-ml.,5600.0,,,,,,,
2026-08-12,sepa,Vea,gaseosa-cola-zero,7790895067587,gaseosa COCA COLA Zero 354cc LAT-354-ml.,2890.0,,,,,,,
2026-08-12,sepa,Vea,gaseosa-cola-zero,7790895640438,gaseosa COCA COLA Zero  3lt PET-3000-ml.,6490.0,,,,,,,
2026-08-12,sepa,Vea,detergente,7790990003022,detergente MAGISTRAL ult lim bot 300ml BOT-300-ml.,3190.0,,,,,,,
2026-08-12,sepa,Vea,detergente,7790990003039,detergente MAGISTRAL ult lim bot 500ml BOT-500-ml.,4290.0,,,,,,,
2026-08-12,sepa,Vea,detergente,7790990003046,detergente MAGISTRAL ult lim bot 750ml BOT-750-ml.,6290.0,,,,,,,
2026-08-12,sepa,Vea,detergente,7790990003121,detergente MAGISTRAL ult mar bot 300ml BOT-300-ml.,2990.0,,,,,,,
2026-08-12,sepa,Vea,detergente,7790990003138,detergente MAGISTRAL ult mar bot 500ml BOT-500-ml.,4290.0,,,,,,,
2026-08-12,sepa,Vea,detergente,7790990003145,detergente MAGISTRAL ult mar bot 750ml BOT-750-ml.,6290.0,,,,,,,
2026-08-12,sepa,Vea,lavandina,7791290793781,limpiador CIF crema lavand cloro 750gr BOT-750-gr.,4850.0,,,,,,,
2026-08-12,sepa,Vea,lavandina,7791290793804,limpiador CIF  gel lavandina cloro 513gr BOT-513-ml.,3800.0,,,,,,,
2026-08-12,sepa,Vea,detergente,7791290794054,lavavajilla CIF bioactive limon 300ml. BOT-300-ml.,2690.0,,,,,,,
2026-08-12,sepa,Vea,detergente,7791290794061,lavavajilla CIF bioactive limon 500ml BOT-500-ml.,4390.0,,,,,,,
2026-08-12,sepa,Vea,detergente,7791290794078,lavavajilla CIF bioactive limon 750ml BOT-750-ml.,6590.0,,,,,,,
2026-08-12,sepa,Vea,detergente,7791290794085,lavavajilla CIF limon bioactiv DP 450ml DOY-450-ml.,3890.0,,,,,,,
2026-08-12,sepa,Vea,detergente,7791290794092,lavavajilla CIF lima bioactive DP 450ml DOY-450-ml.,3890.0,,,,,,,
2026-08-12,sepa,Vea,detergente,7791290794108,lavavajilla CIF bioactive lima 300ml BOT-300-ml.,2690.0,,,,,,,
2026-08-12,sepa,Vea,detergente,7791290794115,lavavajilla CIF bioactive lima 500ml BOT-500-ml.,4390.0,,,,,,,
2026-08-12,sepa,Vea,yogur-natural-sin-azucar,7791337007208,Yog SER Natural 300g POT-300-gr.,4990.0,,,,,,,
2026-08-12,sepa,Vea,gaseosa-cola-zero,7791813828365,gaseosa PEPSI Black 500cc BOT-500-ml.,2100.0,,,,,,,
2026-08-12,sepa,Vea,gaseosa-cola-zero,7791813828419,gaseosa PEPSI Black 1.5lt BOT-1500-ml.,3899.0,,,,,,,
2026-08-12,sepa,Vea,gaseosa-cola-zero,7791813828464,gaseosa PEPSI Black 2lt BOT-2000-ml.,4300.0,,,,,,,
2026-08-12,sepa,Vea,lavandina,7793253003715,Lavandina Ayudin Triple Poder 1L BOT-1000-ml.,1690.0,,,,,,,
2026-08-12,sepa,Vea,lavandina,7793253003722,lavandina AYUDIN Glaciar Triple Poder La BOT-2000-ml.,3190.0,,,,,,,
2026-08-12,sepa,Vea,lavandina,7793253003739,Lavandina Ayudin Triple Poder 4L BOT-4000-ml.,6590.0,,,,,,,
2026-08-12,sepa,Vea,lavandina,7793253003746,Ayudin Pureza Glaciar Triple Poder 1L BOT-1000-ml.,1690.0,,,,,,,
2026-08-12,sepa,Vea,lavandina,7793253003753,lavandina AYUDIN Glaciar Triple Poder 2l BOT-2000-ml.,3190.0,,,,,,,
2026-08-12,sepa,Vea,lavandina,7793253003777,Lavandina Ayudin Anti-Splash Tradi 1L BOT-1000-ml.,1990.0,,,,,,,
2026-08-12,sepa,Vea,lavandina,7793253003784,lavandina AYUDIN Anti Splash 2lt BOT-2000-ml.,3990.0,,,,,,,
2026-08-12,sepa,Vea,lavandina,7793253003791,Ayudín Lavandina en Gel Original 700ml BOT-700-ml.,3190.0,,,,,,,
2026-08-12,sepa,Vea,lavandina,7793253003807,Ayudín Lavandina en Gel Citrica 700ml BOT-700-ml.,3190.0,,,,,,,
2026-08-12,sepa,Vea,lavandina,7793253003814,Ayudín Lavandina en Gel Floral 700ml BOT-700-ml.,3190.0,,,,,,,
2026-08-12,sepa,Vea,lavandina,7793253003821,Ayudín Lavandina en Gel Menta 700ml BOT-700-ml.,3190.0,,,,,,,
2026-08-12,sepa,Vea,lavandina,7793253003838,Ayudín Lavandina en Gel Lavanda 700ml BOT-700-ml.,3190.0,,,,,,,
2026-08-12,sepa,Vea,papel-higienico-doble-hoja,7793344000517,Papel hig New ELEGANTE Extra bl 30m x 4u PAQ-12-m2,3390.0,,,,,,,
2026-08-12,sepa,Vea,rollo-cocina,7793344009206,rollo cocina ELEGANTE dobl h 1x200 paños PCK-1-un.,2890.0,,,,,,,
2026-08-12,sepa,Vea,rollo-cocina,7793344904013,rollo cocina ELEGANTE dobl h 3x50 paños BSA-3-un.,2490.0,,,,,,,
2026-08-12,sepa,Vea,queso-crema-light,7793913013412,Queso Crema Light Tregar 280g POT-280-gr.,3790.0,,,,,,,
2026-08-12,sepa,Vea,ricotta,7793913013665,RICOTTA ENTERA TREGAR X 290 GRS POT-290-gr.,3290.0,,,,,,,
2026-08-12,sepa,Vea,ricotta,7793913013672,RICOTTA LIGHT TREGAR X 290 GRS POT-290-gr.,3550.0,,,,,,,
2026-08-12,sepa,Vea,queso-crema-light,7794820903094,Queso Crematto Balance MILKAUT x 285 grs POT-285-gr.,4390.0,,,,,,,
2026-08-12,sepa,Vea,queso-crema-light,7794990879663,queso crema LA PAULINA light. POT-290-gr.,2990.0,,,,,,,
2026-08-12,sepa,Vea,yogur-natural-sin-azucar,7798136870545,Yog. Ent. Natural s/az DAHÍ 190g FCO-190-gr.,2799.0,,,,,,,
2026-08-12,sepa,Vea,yogur-natural-sin-azucar,7798136870743,Yog. Desc. Deslac Nat DAHÍ 190g FCO-200-gr.,3399.0,,,,,,,
2026-08-12,sepa,Vea,capsulas-nespresso-starbucks,8445291363656,Capsulas STARBUCKS House Blend 12u CJA-52-gr.,16699.0,,,,,,,
2026-08-12,sepa,Vea,capsulas-nespresso-starbucks,8445291367272,Capsulas STARBUCKS Espresso Roast 12u CJA-78-gr.,16699.0,,,,,,,
